2025.05.09 14:30:04 INFO  Started: Metals version 1.5.2 in folders '/Users/herzamos/Desktop/eth/fs25/practical-work' for client Visual Studio Code 1.98.2.[0m
2025.05.09 14:30:04 INFO  no build target found for /Users/herzamos/Desktop/eth/fs25/practical-work/gobra/src/main/scala/viper/gobra/frontend/info/Info.scala. Using presentation compiler with project's scala-library version: 3.3.5[0m
May 09, 2025 2:30:07 PM org.eclipse.lsp4j.jsonrpc.RemoteEndpoint handleCancellation
WARNING: Unmatched cancel notification for request id 3
May 09, 2025 2:30:07 PM org.eclipse.lsp4j.jsonrpc.RemoteEndpoint handleCancellation
WARNING: Unmatched cancel notification for request id 1
2025.05.09 14:30:26 INFO  no build target found for /Users/herzamos/Desktop/eth/fs25/practical-work/gobra/src/main/scala/viper/gobra/frontend/info/Info.scala. Using presentation compiler with project's scala-library version: 3.3.5[0m
2025.05.09 14:30:26 INFO  no build target found for /Users/herzamos/Desktop/eth/fs25/practical-work/gobra/src/main/scala/viper/gobra/frontend/info/ExternalTypeInfo.scala. Using presentation compiler with project's scala-library version: 3.3.5[0m
2025.05.09 14:30:44 INFO  no build target found for /Users/herzamos/Desktop/eth/fs25/practical-work/gobra/src/main/scala/viper/gobra/frontend/info/ExternalTypeInfo.scala. Using presentation compiler with project's scala-library version: 3.3.5[0m
2025.05.09 14:30:44 INFO  no build target found for /Users/herzamos/Desktop/eth/fs25/practical-work/gobra/src/main/scala/viper/gobra/frontend/Parser.scala. Using presentation compiler with project's scala-library version: 3.3.5[0m
2025.05.09 14:30:50 INFO  no build target found for /Users/herzamos/Desktop/eth/fs25/practical-work/gobra/src/main/scala/viper/gobra/frontend/Parser.scala. Using presentation compiler with project's scala-library version: 3.3.5[0m
2025.05.09 14:30:50 INFO  no build target found for /Users/herzamos/Desktop/eth/fs25/practical-work/gobra/src/main/scala/viper/gobra/frontend/info/Info.scala. Using presentation compiler with project's scala-library version: 3.3.5[0m
2025.05.09 14:30:54 INFO  no build target found for /Users/herzamos/Desktop/eth/fs25/practical-work/gobra/src/main/scala/viper/gobra/frontend/info/Info.scala. Using presentation compiler with project's scala-library version: 3.3.5[0m
2025.05.09 14:30:56 INFO  no build target found for /Users/herzamos/Desktop/eth/fs25/practical-work/gobra/src/main/scala/viper/gobra/frontend/info/Info.scala. Using presentation compiler with project's scala-library version: 3.3.5[0m
2025.05.09 14:30:58 INFO  no build target found for /Users/herzamos/Desktop/eth/fs25/practical-work/gobra/src/main/scala/viper/gobra/frontend/info/Info.scala. Using presentation compiler with project's scala-library version: 3.3.5[0m
2025.05.09 14:30:58 INFO  no build target found for /Users/herzamos/Desktop/eth/fs25/practical-work/gobra/src/main/scala/viper/gobra/frontend/info/Info.scala. Using presentation compiler with project's scala-library version: 3.3.5[0m
2025.05.09 14:31:01 INFO  no build target found for /Users/herzamos/Desktop/eth/fs25/practical-work/gobra/src/main/scala/viper/gobra/frontend/info/Info.scala. Using presentation compiler with project's scala-library version: 3.3.5[0m
2025.05.09 14:31:01 INFO  no build target found for /Users/herzamos/Desktop/eth/fs25/practical-work/gobra/src/main/scala/viper/gobra/frontend/info/Info.scala. Using presentation compiler with project's scala-library version: 3.3.5[0m
2025.05.09 14:31:02 INFO  no build target found for /Users/herzamos/Desktop/eth/fs25/practical-work/gobra/src/main/scala/viper/gobra/frontend/info/Info.scala. Using presentation compiler with project's scala-library version: 3.3.5[0m
2025.05.09 14:31:02 INFO  no build target found for /Users/herzamos/Desktop/eth/fs25/practical-work/gobra/src/main/scala/viper/gobra/frontend/info/Info.scala. Using presentation compiler with project's scala-library version: 3.3.5[0m
2025.05.09 14:31:02 INFO  no build target found for /Users/herzamos/Desktop/eth/fs25/practical-work/gobra/src/main/scala/viper/gobra/frontend/info/Info.scala. Using presentation compiler with project's scala-library version: 3.3.5[0m
2025.05.09 14:31:03 INFO  no build target found for /Users/herzamos/Desktop/eth/fs25/practical-work/gobra/src/main/scala/viper/gobra/frontend/info/Info.scala. Using presentation compiler with project's scala-library version: 3.3.5[0m
2025.05.09 14:31:03 INFO  no build target found for /Users/herzamos/Desktop/eth/fs25/practical-work/gobra/src/main/scala/viper/gobra/frontend/info/Info.scala. Using presentation compiler with project's scala-library version: 3.3.5[0m
2025.05.09 14:31:03 INFO  no build target found for /Users/herzamos/Desktop/eth/fs25/practical-work/gobra/src/main/scala/viper/gobra/frontend/info/Info.scala. Using presentation compiler with project's scala-library version: 3.3.5[0m
2025.05.09 14:31:04 INFO  no build target found for /Users/herzamos/Desktop/eth/fs25/practical-work/gobra/src/main/scala/viper/gobra/frontend/info/Info.scala. Using presentation compiler with project's scala-library version: 3.3.5[0m
2025.05.09 14:31:05 INFO  no build target found for /Users/herzamos/Desktop/eth/fs25/practical-work/gobra/src/main/scala/viper/gobra/frontend/info/Info.scala. Using presentation compiler with project's scala-library version: 3.3.5[0m
2025.05.09 14:31:06 INFO  no build target found for /Users/herzamos/Desktop/eth/fs25/practical-work/gobra/src/main/scala/viper/gobra/frontend/info/Info.scala. Using presentation compiler with project's scala-library version: 3.3.5[0m
2025.05.09 14:31:07 INFO  no build target found for /Users/herzamos/Desktop/eth/fs25/practical-work/gobra/src/main/scala/viper/gobra/frontend/info/Info.scala. Using presentation compiler with project's scala-library version: 3.3.5[0m
2025.05.09 14:31:07 INFO  no build target found for /Users/herzamos/Desktop/eth/fs25/practical-work/gobra/src/main/scala/viper/gobra/frontend/info/Info.scala. Using presentation compiler with project's scala-library version: 3.3.5[0m
Exception in thread "pool-22-thread-1" java.lang.InterruptedException
	at scala.meta.internal.metals.FutureCancelToken.checkCanceled(FutureCancelToken.scala:29)
	at scala.meta.internal.pc.CompilerAccess.onCompilerJobQueue$$anonfun$1(CompilerAccess.scala:244)
	at scala.meta.internal.pc.CompilerJobQueue$Job.run(CompilerJobQueue.scala:153)
	at java.base/java.util.concurrent.ThreadPoolExecutor.runWorker(ThreadPoolExecutor.java:1136)
	at java.base/java.util.concurrent.ThreadPoolExecutor$Worker.run(ThreadPoolExecutor.java:635)
	at java.base/java.lang.Thread.run(Thread.java:840)
2025.05.09 14:31:07 INFO  no build target found for /Users/herzamos/Desktop/eth/fs25/practical-work/gobra/src/main/scala/viper/gobra/frontend/info/Info.scala. Using presentation compiler with project's scala-library version: 3.3.5[0m
2025.05.09 14:31:07 INFO  no build target found for /Users/herzamos/Desktop/eth/fs25/practical-work/gobra/src/main/scala/viper/gobra/frontend/info/Info.scala. Using presentation compiler with project's scala-library version: 3.3.5[0m
2025.05.09 14:31:06 INFO  no build target found for /Users/herzamos/Desktop/eth/fs25/practical-work/gobra/src/main/scala/viper/gobra/frontend/info/Info.scala. Using presentation compiler with project's scala-library version: 3.3.5[0m
May 09, 2025 2:31:07 PM scala.meta.internal.metals.StdReporter $anonfun$create$1
WARNING: empty definition using pc, found symbol in pc: `<none>`. (full report at: /Users/herzamos/Desktop/eth/fs25/practical-work/.metals/.reports/metals-full/2025-05-09/r_empty-definition_14-31-07-848.md)
2025.05.09 14:31:08 INFO  no build target found for /Users/herzamos/Desktop/eth/fs25/practical-work/gobra/src/main/scala/viper/gobra/frontend/info/Info.scala. Using presentation compiler with project's scala-library version: 3.3.5[0m
2025.05.09 14:31:08 INFO  no build target found for /Users/herzamos/Desktop/eth/fs25/practical-work/gobra/src/main/scala/viper/gobra/frontend/info/Info.scala. Using presentation compiler with project's scala-library version: 3.3.5[0m
2025.05.09 14:31:07 INFO  no build target found for /Users/herzamos/Desktop/eth/fs25/practical-work/gobra/src/main/scala/viper/gobra/frontend/info/Info.scala. Using presentation compiler with project's scala-library version: 3.3.5[0m
2025.05.09 14:31:08 INFO  no build target found for /Users/herzamos/Desktop/eth/fs25/practical-work/gobra/src/main/scala/viper/gobra/frontend/info/Info.scala. Using presentation compiler with project's scala-library version: 3.3.5[0m
May 09, 2025 2:31:08 PM scala.meta.internal.metals.StdReporter $anonfun$create$1
WARNING: empty definition using pc, found symbol in pc: `<none>`. (full report at: /Users/herzamos/Desktop/eth/fs25/practical-work/.metals/.reports/metals-full/2025-05-09/r_empty-definition_14-31-07-848.md)
2025.05.09 14:31:09 INFO  no build target found for /Users/herzamos/Desktop/eth/fs25/practical-work/gobra/src/main/scala/viper/gobra/frontend/info/Info.scala. Using presentation compiler with project's scala-library version: 3.3.5[0m
2025.05.09 14:31:09 INFO  no build target found for /Users/herzamos/Desktop/eth/fs25/practical-work/gobra/src/main/scala/viper/gobra/frontend/info/Info.scala. Using presentation compiler with project's scala-library version: 3.3.5[0m
May 09, 2025 2:31:09 PM scala.meta.internal.metals.StdReporter $anonfun$create$1
WARNING: empty definition using pc, found symbol in pc: `<none>`. (full report at: /Users/herzamos/Desktop/eth/fs25/practical-work/.metals/.reports/metals-full/2025-05-09/r_empty-definition_14-31-07-848.md)
2025.05.09 14:31:13 INFO  no build target found for /Users/herzamos/Desktop/eth/fs25/practical-work/gobra/src/main/scala/viper/gobra/frontend/info/Info.scala. Using presentation compiler with project's scala-library version: 3.3.5[0m
2025.05.09 14:31:13 INFO  no build target found for /Users/herzamos/Desktop/eth/fs25/practical-work/gobra/src/main/scala/viper/gobra/frontend/info/Info.scala. Using presentation compiler with project's scala-library version: 3.3.5[0m
2025.05.09 14:31:13 INFO  no build target found for /Users/herzamos/Desktop/eth/fs25/practical-work/gobra/src/main/scala/viper/gobra/frontend/info/Info.scala. Using presentation compiler with project's scala-library version: 3.3.5[0m
May 09, 2025 2:31:13 PM scala.meta.internal.metals.StdReporter $anonfun$create$1
WARNING: empty definition using pc, found symbol in pc: `<none>`. (full report at: /Users/herzamos/Desktop/eth/fs25/practical-work/.metals/.reports/metals-full/2025-05-09/r_empty-definition_14-31-07-848.md)
2025.05.09 14:31:14 INFO  no build target found for /Users/herzamos/Desktop/eth/fs25/practical-work/gobra/src/main/scala/viper/gobra/frontend/info/Info.scala. Using presentation compiler with project's scala-library version: 3.3.5[0m
2025.05.09 14:31:14 INFO  no build target found for /Users/herzamos/Desktop/eth/fs25/practical-work/gobra/src/main/scala/viper/gobra/frontend/info/Info.scala. Using presentation compiler with project's scala-library version: 3.3.5[0m
2025.05.09 14:31:14 INFO  no build target found for /Users/herzamos/Desktop/eth/fs25/practical-work/gobra/src/main/scala/viper/gobra/frontend/info/Info.scala. Using presentation compiler with project's scala-library version: 3.3.5[0m
2025.05.09 14:31:14 INFO  no build target found for /Users/herzamos/Desktop/eth/fs25/practical-work/gobra/src/main/scala/viper/gobra/frontend/info/Info.scala. Using presentation compiler with project's scala-library version: 3.3.5[0m
2025.05.09 14:31:16 INFO  no build target found for /Users/herzamos/Desktop/eth/fs25/practical-work/gobra/src/main/scala/viper/gobra/frontend/info/Info.scala. Using presentation compiler with project's scala-library version: 3.3.5[0m
May 09, 2025 2:31:16 PM scala.meta.internal.metals.StdReporter $anonfun$create$1
WARNING: empty definition using pc, found symbol in pc: `<none>`. (full report at: /Users/herzamos/Desktop/eth/fs25/practical-work/.metals/.reports/metals-full/2025-05-09/r_empty-definition_14-31-07-848.md)
2025.05.09 14:31:16 INFO  no build target found for /Users/herzamos/Desktop/eth/fs25/practical-work/gobra/src/main/scala/viper/gobra/frontend/info/Info.scala. Using presentation compiler with project's scala-library version: 3.3.5[0m
2025.05.09 14:31:18 INFO  no build target found for /Users/herzamos/Desktop/eth/fs25/practical-work/gobra/src/main/scala/viper/gobra/frontend/info/Info.scala. Using presentation compiler with project's scala-library version: 3.3.5[0m
2025.05.09 14:31:18 INFO  no build target found for /Users/herzamos/Desktop/eth/fs25/practical-work/gobra/src/main/scala/viper/gobra/frontend/info/Info.scala. Using presentation compiler with project's scala-library version: 3.3.5[0m
2025.05.09 14:31:18 INFO  no build target found for /Users/herzamos/Desktop/eth/fs25/practical-work/gobra/src/main/scala/viper/gobra/frontend/info/Info.scala. Using presentation compiler with project's scala-library version: 3.3.5[0m
2025.05.09 14:31:19 INFO  no build target found for /Users/herzamos/Desktop/eth/fs25/practical-work/gobra/src/main/scala/viper/gobra/frontend/info/Info.scala. Using presentation compiler with project's scala-library version: 3.3.5[0m
2025.05.09 14:31:20 INFO  no build target found for /Users/herzamos/Desktop/eth/fs25/practical-work/gobra/src/main/scala/viper/gobra/frontend/info/Info.scala. Using presentation compiler with project's scala-library version: 3.3.5[0m
2025.05.09 14:31:20 INFO  no build target found for /Users/herzamos/Desktop/eth/fs25/practical-work/gobra/src/main/scala/viper/gobra/frontend/info/Info.scala. Using presentation compiler with project's scala-library version: 3.3.5[0m
2025.05.09 14:31:20 INFO  no build target found for /Users/herzamos/Desktop/eth/fs25/practical-work/gobra/src/main/scala/viper/gobra/frontend/info/Info.scala. Using presentation compiler with project's scala-library version: 3.3.5[0m
2025.05.09 14:31:21 INFO  no build target found for /Users/herzamos/Desktop/eth/fs25/practical-work/gobra/src/main/scala/viper/gobra/frontend/info/Info.scala. Using presentation compiler with project's scala-library version: 3.3.5[0m
2025.05.09 14:31:21 INFO  no build target found for /Users/herzamos/Desktop/eth/fs25/practical-work/gobra/src/main/scala/viper/gobra/frontend/info/Info.scala. Using presentation compiler with project's scala-library version: 3.3.5[0m
2025.05.09 14:31:21 INFO  no build target found for /Users/herzamos/Desktop/eth/fs25/practical-work/gobra/src/main/scala/viper/gobra/frontend/info/Info.scala. Using presentation compiler with project's scala-library version: 3.3.5[0m
May 09, 2025 2:31:21 PM scala.meta.internal.metals.StdReporter $anonfun$create$1
WARNING: empty definition using pc, found symbol in pc: `<none>`. (full report at: /Users/herzamos/Desktop/eth/fs25/practical-work/.metals/.reports/metals-full/2025-05-09/r_empty-definition_14-31-07-848.md)
2025.05.09 14:31:24 INFO  no build target found for /Users/herzamos/Desktop/eth/fs25/practical-work/gobra/src/main/scala/viper/gobra/frontend/info/Info.scala. Using presentation compiler with project's scala-library version: 3.3.5[0m
2025.05.09 14:31:28 INFO  no build target found for /Users/herzamos/Desktop/eth/fs25/practical-work/gobra/src/main/scala/viper/gobra/frontend/info/Info.scala. Using presentation compiler with project's scala-library version: 3.3.5[0m
2025.05.09 14:31:41 INFO  no build target found for /Users/herzamos/Desktop/eth/fs25/practical-work/gobra/src/main/scala/viper/gobra/frontend/info/Info.scala. Using presentation compiler with project's scala-library version: 3.3.5[0m
2025.05.09 14:31:41 INFO  no build target found for /Users/herzamos/Desktop/eth/fs25/practical-work/gobra/src/main/scala/viper/gobra/frontend/info/implementation/typing/StmtTyping.scala. Using presentation compiler with project's scala-library version: 3.3.5[0m
2025.05.09 14:31:41 INFO  no build target found for /Users/herzamos/Desktop/eth/fs25/practical-work/gobra/src/main/scala/viper/gobra/frontend/info/implementation/typing/StmtTyping.scala. Using presentation compiler with project's scala-library version: 3.3.5[0m
2025.05.09 14:31:50 INFO  no build target found for /Users/herzamos/Desktop/eth/fs25/practical-work/gobra/src/main/scala/viper/gobra/frontend/info/implementation/typing/StmtTyping.scala. Using presentation compiler with project's scala-library version: 3.3.5[0m
2025.05.09 14:31:50 INFO  no build target found for /Users/herzamos/Desktop/eth/fs25/practical-work/gobra/src/main/scala/viper/gobra/frontend/info/implementation/typing/MemberTyping.scala. Using presentation compiler with project's scala-library version: 3.3.5[0m
2025.05.09 14:31:50 INFO  no build target found for /Users/herzamos/Desktop/eth/fs25/practical-work/gobra/src/main/scala/viper/gobra/frontend/info/implementation/typing/MemberTyping.scala. Using presentation compiler with project's scala-library version: 3.3.5[0m
2025.05.09 14:32:03 INFO  no build target found for /Users/herzamos/Desktop/eth/fs25/practical-work/gobra/src/main/scala/viper/gobra/frontend/info/implementation/typing/MemberTyping.scala. Using presentation compiler with project's scala-library version: 3.3.5[0m
2025.05.09 14:36:37 INFO  no build target found for /Users/herzamos/Desktop/eth/fs25/practical-work/gobra/src/main/scala/viper/gobra/frontend/info/implementation/typing/MemberTyping.scala. Using presentation compiler with project's scala-library version: 3.3.5[0m
2025.05.09 14:36:39 INFO  no build target found for /Users/herzamos/Desktop/eth/fs25/practical-work/gobra/src/main/scala/viper/gobra/frontend/info/implementation/typing/MemberTyping.scala. Using presentation compiler with project's scala-library version: 3.3.5[0m
2025.05.09 14:36:39 INFO  no build target found for /Users/herzamos/Desktop/eth/fs25/practical-work/gobra/src/main/scala/viper/gobra/frontend/info/implementation/typing/MemberTyping.scala. Using presentation compiler with project's scala-library version: 3.3.5[0m
2025.05.09 14:36:40 INFO  no build target found for /Users/herzamos/Desktop/eth/fs25/practical-work/gobra/src/main/scala/viper/gobra/frontend/info/implementation/typing/MemberTyping.scala. Using presentation compiler with project's scala-library version: 3.3.5[0m
2025.05.09 14:36:40 INFO  no build target found for /Users/herzamos/Desktop/eth/fs25/practical-work/gobra/src/main/scala/viper/gobra/frontend/info/implementation/typing/MemberTyping.scala. Using presentation compiler with project's scala-library version: 3.3.5[0m
2025.05.09 14:36:40 INFO  no build target found for /Users/herzamos/Desktop/eth/fs25/practical-work/gobra/src/main/scala/viper/gobra/frontend/info/implementation/typing/MemberTyping.scala. Using presentation compiler with project's scala-library version: 3.3.5[0m
2025.05.09 14:36:42 INFO  no build target found for /Users/herzamos/Desktop/eth/fs25/practical-work/gobra/src/main/scala/viper/gobra/frontend/info/implementation/typing/MemberTyping.scala. Using presentation compiler with project's scala-library version: 3.3.5[0m
2025.05.09 14:36:42 INFO  no build target found for /Users/herzamos/Desktop/eth/fs25/practical-work/gobra/src/main/scala/viper/gobra/frontend/info/implementation/typing/MemberTyping.scala. Using presentation compiler with project's scala-library version: 3.3.5[0m
2025.05.09 14:36:42 INFO  no build target found for /Users/herzamos/Desktop/eth/fs25/practical-work/gobra/src/main/scala/viper/gobra/frontend/info/implementation/typing/MemberTyping.scala. Using presentation compiler with project's scala-library version: 3.3.5[0m
2025.05.09 14:36:44 INFO  no build target found for /Users/herzamos/Desktop/eth/fs25/practical-work/gobra/src/main/scala/viper/gobra/frontend/info/implementation/typing/MemberTyping.scala. Using presentation compiler with project's scala-library version: 3.3.5[0m
2025.05.09 14:36:46 INFO  no build target found for /Users/herzamos/Desktop/eth/fs25/practical-work/gobra/src/main/scala/viper/gobra/frontend/info/implementation/typing/MemberTyping.scala. Using presentation compiler with project's scala-library version: 3.3.5[0m
2025.05.09 14:36:46 INFO  no build target found for /Users/herzamos/Desktop/eth/fs25/practical-work/gobra/src/main/scala/viper/gobra/frontend/info/implementation/typing/MemberTyping.scala. Using presentation compiler with project's scala-library version: 3.3.5[0m
2025.05.09 14:36:46 INFO  no build target found for /Users/herzamos/Desktop/eth/fs25/practical-work/gobra/src/main/scala/viper/gobra/frontend/info/implementation/typing/MemberTyping.scala. Using presentation compiler with project's scala-library version: 3.3.5[0m
May 09, 2025 2:36:47 PM scala.meta.internal.metals.StdReporter $anonfun$create$1
WARNING: empty definition using pc, found symbol in pc: PFunctionDecl# (full report at: /Users/herzamos/Desktop/eth/fs25/practical-work/.metals/.reports/metals-full/2025-05-09/r_empty-definition_14-36-47-012.md)
2025.05.09 14:36:46 INFO  no build target found for /Users/herzamos/Desktop/eth/fs25/practical-work/gobra/src/main/scala/viper/gobra/frontend/info/implementation/typing/MemberTyping.scala. Using presentation compiler with project's scala-library version: 3.3.5[0m
2025.05.09 14:36:46 INFO  no build target found for /Users/herzamos/Desktop/eth/fs25/practical-work/gobra/src/main/scala/viper/gobra/frontend/info/implementation/typing/MemberTyping.scala. Using presentation compiler with project's scala-library version: 3.3.5[0m
2025.05.09 14:36:47 INFO  no build target found for /Users/herzamos/Desktop/eth/fs25/practical-work/gobra/src/main/scala/viper/gobra/frontend/info/implementation/typing/MemberTyping.scala. Using presentation compiler with project's scala-library version: 3.3.5[0m
2025.05.09 14:36:48 INFO  no build target found for /Users/herzamos/Desktop/eth/fs25/practical-work/gobra/src/main/scala/viper/gobra/frontend/info/implementation/typing/MemberTyping.scala. Using presentation compiler with project's scala-library version: 3.3.5[0m
2025.05.09 14:36:48 INFO  no build target found for /Users/herzamos/Desktop/eth/fs25/practical-work/gobra/src/main/scala/viper/gobra/frontend/info/implementation/typing/MemberTyping.scala. Using presentation compiler with project's scala-library version: 3.3.5[0m
2025.05.09 14:36:48 INFO  no build target found for /Users/herzamos/Desktop/eth/fs25/practical-work/gobra/src/main/scala/viper/gobra/frontend/info/implementation/typing/MemberTyping.scala. Using presentation compiler with project's scala-library version: 3.3.5[0m
2025.05.09 14:36:48 INFO  no build target found for /Users/herzamos/Desktop/eth/fs25/practical-work/gobra/src/main/scala/viper/gobra/frontend/info/implementation/typing/MemberTyping.scala. Using presentation compiler with project's scala-library version: 3.3.5[0m
Exception in thread "pool-66-thread-1" java.lang.InterruptedException
	at scala.meta.internal.metals.FutureCancelToken.checkCanceled(FutureCancelToken.scala:29)
	at scala.meta.internal.pc.CompilerAccess.onCompilerJobQueue$$anonfun$1(CompilerAccess.scala:244)
	at scala.meta.internal.pc.CompilerJobQueue$Job.run(CompilerJobQueue.scala:153)
	at java.base/java.util.concurrent.ThreadPoolExecutor.runWorker(ThreadPoolExecutor.java:1136)
	at java.base/java.util.concurrent.ThreadPoolExecutor$Worker.run(ThreadPoolExecutor.java:635)
	at java.base/java.lang.Thread.run(Thread.java:840)
2025.05.09 14:36:48 INFO  no build target found for /Users/herzamos/Desktop/eth/fs25/practical-work/gobra/src/main/scala/viper/gobra/frontend/info/implementation/typing/MemberTyping.scala. Using presentation compiler with project's scala-library version: 3.3.5[0m
Exception in thread "pool-67-thread-1" java.lang.InterruptedException
	at scala.meta.internal.metals.FutureCancelToken.checkCanceled(FutureCancelToken.scala:29)
	at scala.meta.internal.pc.CompilerAccess.onCompilerJobQueue$$anonfun$1(CompilerAccess.scala:244)
	at scala.meta.internal.pc.CompilerJobQueue$Job.run(CompilerJobQueue.scala:153)
	at java.base/java.util.concurrent.ThreadPoolExecutor.runWorker(ThreadPoolExecutor.java:1136)
	at java.base/java.util.concurrent.ThreadPoolExecutor$Worker.run(ThreadPoolExecutor.java:635)
	at java.base/java.lang.Thread.run(Thread.java:840)
2025.05.09 14:36:48 INFO  no build target found for /Users/herzamos/Desktop/eth/fs25/practical-work/gobra/src/main/scala/viper/gobra/frontend/info/implementation/typing/MemberTyping.scala. Using presentation compiler with project's scala-library version: 3.3.5[0m
2025.05.09 14:36:48 INFO  no build target found for /Users/herzamos/Desktop/eth/fs25/practical-work/gobra/src/main/scala/viper/gobra/frontend/info/implementation/typing/MemberTyping.scala. Using presentation compiler with project's scala-library version: 3.3.5[0m
May 09, 2025 2:36:48 PM scala.meta.internal.metals.StdReporter $anonfun$create$1
WARNING: empty definition using pc, found symbol in pc: `<none>`. (full report at: /Users/herzamos/Desktop/eth/fs25/practical-work/.metals/.reports/metals-full/2025-05-09/r_empty-definition_14-31-07-848.md)
2025.05.09 14:36:47 INFO  no build target found for /Users/herzamos/Desktop/eth/fs25/practical-work/gobra/src/main/scala/viper/gobra/frontend/info/implementation/typing/MemberTyping.scala. Using presentation compiler with project's scala-library version: 3.3.5[0m
2025.05.09 14:36:48 INFO  no build target found for /Users/herzamos/Desktop/eth/fs25/practical-work/gobra/src/main/scala/viper/gobra/frontend/info/implementation/typing/MemberTyping.scala. Using presentation compiler with project's scala-library version: 3.3.5[0m
2025.05.09 14:36:47 INFO  no build target found for /Users/herzamos/Desktop/eth/fs25/practical-work/gobra/src/main/scala/viper/gobra/frontend/info/implementation/typing/MemberTyping.scala. Using presentation compiler with project's scala-library version: 3.3.5[0m
2025.05.09 14:36:48 INFO  no build target found for /Users/herzamos/Desktop/eth/fs25/practical-work/gobra/src/main/scala/viper/gobra/frontend/info/implementation/typing/MemberTyping.scala. Using presentation compiler with project's scala-library version: 3.3.5[0m
May 09, 2025 2:36:48 PM scala.meta.internal.metals.StdReporter $anonfun$create$1
WARNING: empty definition using pc, found symbol in pc: PFunctionDecl# (full report at: /Users/herzamos/Desktop/eth/fs25/practical-work/.metals/.reports/metals-full/2025-05-09/r_empty-definition_14-36-47-012.md)
2025.05.09 14:36:47 INFO  no build target found for /Users/herzamos/Desktop/eth/fs25/practical-work/gobra/src/main/scala/viper/gobra/frontend/info/implementation/typing/MemberTyping.scala. Using presentation compiler with project's scala-library version: 3.3.5[0m
2025.05.09 14:36:49 INFO  no build target found for /Users/herzamos/Desktop/eth/fs25/practical-work/gobra/src/main/scala/viper/gobra/frontend/info/implementation/typing/MemberTyping.scala. Using presentation compiler with project's scala-library version: 3.3.5[0m
May 09, 2025 2:36:49 PM scala.meta.internal.metals.StdReporter $anonfun$create$1
WARNING: empty definition using pc, found symbol in pc: PFunctionDecl# (full report at: /Users/herzamos/Desktop/eth/fs25/practical-work/.metals/.reports/metals-full/2025-05-09/r_empty-definition_14-36-47-012.md)
2025.05.09 14:36:49 INFO  no build target found for /Users/herzamos/Desktop/eth/fs25/practical-work/gobra/src/main/scala/viper/gobra/frontend/info/implementation/typing/MemberTyping.scala. Using presentation compiler with project's scala-library version: 3.3.5[0m
2025.05.09 14:36:49 INFO  no build target found for /Users/herzamos/Desktop/eth/fs25/practical-work/gobra/src/main/scala/viper/gobra/frontend/info/implementation/typing/MemberTyping.scala. Using presentation compiler with project's scala-library version: 3.3.5[0m
May 09, 2025 2:36:56 PM org.eclipse.lsp4j.jsonrpc.services.GenericEndpoint notify
INFO: Unsupported notification method: $/setTrace
May 09, 2025 2:36:59 PM org.eclipse.lsp4j.jsonrpc.services.GenericEndpoint notify
INFO: Unsupported notification method: $/setTrace
2025.05.09 14:37:07 INFO  no build target found for /Users/herzamos/Desktop/eth/fs25/practical-work/gobra/src/main/scala/viper/gobra/frontend/info/implementation/typing/MemberTyping.scala. Using presentation compiler with project's scala-library version: 3.3.5[0m
2025.05.09 14:37:07 WARN  no build target for: /Users/herzamos/Desktop/eth/fs25/practical-work/gobra/src/main/scala/viper/gobra/frontend/info/implementation/typing/MemberTyping.scala[0m
2025.05.09 14:37:07 INFO  no build target found for /Users/herzamos/Desktop/eth/fs25/practical-work/gobra/src/main/scala/viper/gobra/frontend/info/implementation/typing/MemberTyping.scala. Using presentation compiler with project's scala-library version: 3.3.5[0m
2025.05.09 14:37:07 INFO  no build target found for /Users/herzamos/Desktop/eth/fs25/practical-work/gobra/src/main/scala/viper/gobra/frontend/info/implementation/typing/MemberTyping.scala. Using presentation compiler with project's scala-library version: 3.3.5[0m
2025.05.09 14:37:07 INFO  no build target found for /Users/herzamos/Desktop/eth/fs25/practical-work/gobra/src/main/scala/viper/gobra/frontend/info/implementation/typing/MemberTyping.scala. Using presentation compiler with project's scala-library version: 3.3.5[0m
2025.05.09 14:37:09 INFO  no build target found for /Users/herzamos/Desktop/eth/fs25/practical-work/gobra/src/main/scala/viper/gobra/frontend/info/implementation/typing/MemberTyping.scala. Using presentation compiler with project's scala-library version: 3.3.5[0m
2025.05.09 14:37:09 INFO  no build target found for /Users/herzamos/Desktop/eth/fs25/practical-work/gobra/src/main/scala/viper/gobra/frontend/info/implementation/typing/MemberTyping.scala. Using presentation compiler with project's scala-library version: 3.3.5[0m
2025.05.09 14:37:09 INFO  no build target found for /Users/herzamos/Desktop/eth/fs25/practical-work/gobra/src/main/scala/viper/gobra/frontend/info/implementation/typing/MemberTyping.scala. Using presentation compiler with project's scala-library version: 3.3.5[0m
2025.05.09 14:37:10 INFO  no build target found for /Users/herzamos/Desktop/eth/fs25/practical-work/gobra/src/main/scala/viper/gobra/frontend/info/implementation/typing/MemberTyping.scala. Using presentation compiler with project's scala-library version: 3.3.5[0m
2025.05.09 14:37:10 INFO  no build target found for /Users/herzamos/Desktop/eth/fs25/practical-work/gobra/src/main/scala/viper/gobra/frontend/info/implementation/typing/MemberTyping.scala. Using presentation compiler with project's scala-library version: 3.3.5[0m
2025.05.09 14:37:12 INFO  no build target found for /Users/herzamos/Desktop/eth/fs25/practical-work/gobra/src/main/scala/viper/gobra/frontend/info/implementation/typing/MemberTyping.scala. Using presentation compiler with project's scala-library version: 3.3.5[0m
May 09, 2025 2:37:13 PM org.eclipse.lsp4j.jsonrpc.services.GenericEndpoint notify
INFO: Unsupported notification method: $/setTrace
2025.05.09 14:37:28 INFO  no build target found for /Users/herzamos/Desktop/eth/fs25/practical-work/gobra/src/main/scala/viper/gobra/frontend/info/implementation/typing/MemberTyping.scala. Using presentation compiler with project's scala-library version: 3.3.5[0m
2025.05.09 14:37:28 INFO  no build target found for /Users/herzamos/Desktop/eth/fs25/practical-work/gobra/src/main/scala/viper/gobra/frontend/info/implementation/typing/MemberTyping.scala. Using presentation compiler with project's scala-library version: 3.3.5[0m
2025.05.09 14:37:32 INFO  no build target found for /Users/herzamos/Desktop/eth/fs25/practical-work/gobra/src/main/scala/viper/gobra/frontend/info/implementation/typing/MemberTyping.scala. Using presentation compiler with project's scala-library version: 3.3.5[0m
2025.05.09 14:37:34 INFO  no build target found for /Users/herzamos/Desktop/eth/fs25/practical-work/gobra/src/main/scala/viper/gobra/frontend/info/implementation/typing/MemberTyping.scala. Using presentation compiler with project's scala-library version: 3.3.5[0m
Exception in thread "pool-82-thread-1" java.lang.InterruptedException
	at scala.meta.internal.metals.FutureCancelToken.checkCanceled(FutureCancelToken.scala:29)
	at scala.meta.internal.pc.CompilerAccess.onCompilerJobQueue$$anonfun$1(CompilerAccess.scala:244)
	at scala.meta.internal.pc.CompilerJobQueue$Job.run(CompilerJobQueue.scala:153)
	at java.base/java.util.concurrent.ThreadPoolExecutor.runWorker(ThreadPoolExecutor.java:1136)
	at java.base/java.util.concurrent.ThreadPoolExecutor$Worker.run(ThreadPoolExecutor.java:635)
	at java.base/java.lang.Thread.run(Thread.java:840)
2025.05.09 14:37:34 INFO  no build target found for /Users/herzamos/Desktop/eth/fs25/practical-work/gobra/src/main/scala/viper/gobra/frontend/info/implementation/typing/MemberTyping.scala. Using presentation compiler with project's scala-library version: 3.3.5[0m
May 09, 2025 2:37:34 PM scala.meta.internal.metals.StdReporter $anonfun$create$1
WARNING: empty definition using pc, found symbol in pc: PFunctionDecl# (full report at: /Users/herzamos/Desktop/eth/fs25/practical-work/.metals/.reports/metals-full/2025-05-09/r_empty-definition_14-36-47-012.md)
2025.05.09 14:37:34 INFO  no build target found for /Users/herzamos/Desktop/eth/fs25/practical-work/gobra/src/main/scala/viper/gobra/frontend/info/implementation/typing/MemberTyping.scala. Using presentation compiler with project's scala-library version: 3.3.5[0m
2025.05.09 14:37:35 INFO  no build target found for /Users/herzamos/Desktop/eth/fs25/practical-work/gobra/src/main/scala/viper/gobra/frontend/info/implementation/typing/MemberTyping.scala. Using presentation compiler with project's scala-library version: 3.3.5[0m
2025.05.09 14:37:35 INFO  no build target found for /Users/herzamos/Desktop/eth/fs25/practical-work/gobra/src/main/scala/viper/gobra/frontend/info/implementation/typing/MemberTyping.scala. Using presentation compiler with project's scala-library version: 3.3.5[0m
May 09, 2025 2:37:35 PM scala.meta.internal.metals.StdReporter $anonfun$create$1
WARNING: empty definition using pc, found symbol in pc: PFunctionDecl# (full report at: /Users/herzamos/Desktop/eth/fs25/practical-work/.metals/.reports/metals-full/2025-05-09/r_empty-definition_14-36-47-012.md)
2025.05.09 14:37:35 INFO  no build target found for /Users/herzamos/Desktop/eth/fs25/practical-work/gobra/src/main/scala/viper/gobra/frontend/info/implementation/typing/MemberTyping.scala. Using presentation compiler with project's scala-library version: 3.3.5[0m
2025.05.09 14:37:35 INFO  no build target found for /Users/herzamos/Desktop/eth/fs25/practical-work/gobra/src/main/scala/viper/gobra/frontend/info/implementation/typing/MemberTyping.scala. Using presentation compiler with project's scala-library version: 3.3.5[0m
2025.05.09 14:37:35 INFO  no build target found for /Users/herzamos/Desktop/eth/fs25/practical-work/gobra/src/main/scala/viper/gobra/frontend/info/implementation/typing/MemberTyping.scala. Using presentation compiler with project's scala-library version: 3.3.5[0m
2025.05.09 14:37:50 WARN  no build target for: /Users/herzamos/Desktop/eth/fs25/practical-work/gobra/src/main/scala/viper/gobra/frontend/info/implementation/typing/MemberTyping.scala[0m
2025.05.09 14:37:50 INFO  no build target found for /Users/herzamos/Desktop/eth/fs25/practical-work/gobra/src/main/scala/viper/gobra/frontend/info/implementation/typing/MemberTyping.scala. Using presentation compiler with project's scala-library version: 3.3.5[0m
2025.05.09 14:37:50 INFO  no build target found for /Users/herzamos/Desktop/eth/fs25/practical-work/gobra/src/main/scala/viper/gobra/frontend/info/implementation/typing/MemberTyping.scala. Using presentation compiler with project's scala-library version: 3.3.5[0m
2025.05.09 14:37:50 INFO  no build target found for /Users/herzamos/Desktop/eth/fs25/practical-work/gobra/src/main/scala/viper/gobra/frontend/info/implementation/typing/MemberTyping.scala. Using presentation compiler with project's scala-library version: 3.3.5[0m
2025.05.09 14:37:50 INFO  no build target found for /Users/herzamos/Desktop/eth/fs25/practical-work/gobra/src/main/scala/viper/gobra/frontend/info/implementation/typing/MemberTyping.scala. Using presentation compiler with project's scala-library version: 3.3.5[0m
2025.05.09 14:37:58 WARN  no build target for: /Users/herzamos/Desktop/eth/fs25/practical-work/gobra/src/main/scala/viper/gobra/frontend/info/implementation/typing/MemberTyping.scala[0m
2025.05.09 14:37:58 INFO  no build target found for /Users/herzamos/Desktop/eth/fs25/practical-work/gobra/src/main/scala/viper/gobra/frontend/info/implementation/typing/MemberTyping.scala. Using presentation compiler with project's scala-library version: 3.3.5[0m
2025.05.09 14:37:58 INFO  no build target found for /Users/herzamos/Desktop/eth/fs25/practical-work/gobra/src/main/scala/viper/gobra/frontend/info/implementation/typing/MemberTyping.scala. Using presentation compiler with project's scala-library version: 3.3.5[0m
2025.05.09 14:37:58 INFO  no build target found for /Users/herzamos/Desktop/eth/fs25/practical-work/gobra/src/main/scala/viper/gobra/frontend/info/implementation/typing/MemberTyping.scala. Using presentation compiler with project's scala-library version: 3.3.5[0m
2025.05.09 14:37:58 INFO  no build target found for /Users/herzamos/Desktop/eth/fs25/practical-work/gobra/src/main/scala/viper/gobra/frontend/info/implementation/typing/MemberTyping.scala. Using presentation compiler with project's scala-library version: 3.3.5[0m
2025.05.09 14:38:01 INFO  no build target found for /Users/herzamos/Desktop/eth/fs25/practical-work/gobra/src/main/scala/viper/gobra/frontend/info/implementation/typing/MemberTyping.scala. Using presentation compiler with project's scala-library version: 3.3.5[0m
2025.05.09 14:38:02 INFO  no build target found for /Users/herzamos/Desktop/eth/fs25/practical-work/gobra/src/main/scala/viper/gobra/frontend/info/implementation/typing/MemberTyping.scala. Using presentation compiler with project's scala-library version: 3.3.5[0m
2025.05.09 14:38:04 INFO  no build target found for /Users/herzamos/Desktop/eth/fs25/practical-work/gobra/src/main/scala/viper/gobra/frontend/info/implementation/typing/MemberTyping.scala. Using presentation compiler with project's scala-library version: 3.3.5[0m
2025.05.09 14:38:04 INFO  no build target found for /Users/herzamos/Desktop/eth/fs25/practical-work/gobra/src/main/scala/viper/gobra/frontend/info/implementation/typing/MemberTyping.scala. Using presentation compiler with project's scala-library version: 3.3.5[0m
2025.05.09 14:38:06 INFO  no build target found for /Users/herzamos/Desktop/eth/fs25/practical-work/gobra/src/main/scala/viper/gobra/frontend/info/implementation/typing/MemberTyping.scala. Using presentation compiler with project's scala-library version: 3.3.5[0m
2025.05.09 14:38:08 INFO  no build target found for /Users/herzamos/Desktop/eth/fs25/practical-work/gobra/src/main/scala/viper/gobra/frontend/info/implementation/typing/MemberTyping.scala. Using presentation compiler with project's scala-library version: 3.3.5[0m
2025.05.09 14:38:08 INFO  no build target found for /Users/herzamos/Desktop/eth/fs25/practical-work/gobra/src/main/scala/viper/gobra/frontend/info/implementation/typing/MemberTyping.scala. Using presentation compiler with project's scala-library version: 3.3.5[0m
2025.05.09 14:38:08 INFO  no build target found for /Users/herzamos/Desktop/eth/fs25/practical-work/gobra/src/main/scala/viper/gobra/frontend/info/implementation/typing/MemberTyping.scala. Using presentation compiler with project's scala-library version: 3.3.5[0m
2025.05.09 14:38:08 INFO  no build target found for /Users/herzamos/Desktop/eth/fs25/practical-work/gobra/src/main/scala/viper/gobra/frontend/info/implementation/typing/MemberTyping.scala. Using presentation compiler with project's scala-library version: 3.3.5[0m
2025.05.09 14:38:10 INFO  no build target found for /Users/herzamos/Desktop/eth/fs25/practical-work/gobra/src/main/scala/viper/gobra/frontend/info/implementation/typing/MemberTyping.scala. Using presentation compiler with project's scala-library version: 3.3.5[0m
2025.05.09 14:38:10 INFO  no build target found for /Users/herzamos/Desktop/eth/fs25/practical-work/gobra/src/main/scala/viper/gobra/frontend/info/implementation/typing/MemberTyping.scala. Using presentation compiler with project's scala-library version: 3.3.5[0m
2025.05.09 14:38:10 INFO  no build target found for /Users/herzamos/Desktop/eth/fs25/practical-work/gobra/src/main/scala/viper/gobra/frontend/info/implementation/typing/MemberTyping.scala. Using presentation compiler with project's scala-library version: 3.3.5[0m
2025.05.09 14:38:10 INFO  no build target found for /Users/herzamos/Desktop/eth/fs25/practical-work/gobra/src/main/scala/viper/gobra/frontend/info/implementation/typing/MemberTyping.scala. Using presentation compiler with project's scala-library version: 3.3.5[0m
May 09, 2025 2:38:10 PM scala.meta.internal.metals.StdReporter $anonfun$create$1
WARNING: empty definition using pc, found symbol in pc: `<none>`. (full report at: /Users/herzamos/Desktop/eth/fs25/practical-work/.metals/.reports/metals-full/2025-05-09/r_empty-definition_14-31-07-848.md)
2025.05.09 14:38:10 INFO  no build target found for /Users/herzamos/Desktop/eth/fs25/practical-work/gobra/src/main/scala/viper/gobra/frontend/info/implementation/typing/MemberTyping.scala. Using presentation compiler with project's scala-library version: 3.3.5[0m
2025.05.09 14:38:24 WARN  no build target for: /Users/herzamos/Desktop/eth/fs25/practical-work/gobra/src/main/scala/viper/gobra/frontend/info/implementation/typing/MemberTyping.scala[0m
2025.05.09 14:38:24 INFO  no build target found for /Users/herzamos/Desktop/eth/fs25/practical-work/gobra/src/main/scala/viper/gobra/frontend/info/implementation/typing/MemberTyping.scala. Using presentation compiler with project's scala-library version: 3.3.5[0m
2025.05.09 14:38:24 INFO  no build target found for /Users/herzamos/Desktop/eth/fs25/practical-work/gobra/src/main/scala/viper/gobra/frontend/info/implementation/typing/MemberTyping.scala. Using presentation compiler with project's scala-library version: 3.3.5[0m
2025.05.09 14:38:24 INFO  no build target found for /Users/herzamos/Desktop/eth/fs25/practical-work/gobra/src/main/scala/viper/gobra/frontend/info/implementation/typing/MemberTyping.scala. Using presentation compiler with project's scala-library version: 3.3.5[0m
2025.05.09 14:38:24 INFO  no build target found for /Users/herzamos/Desktop/eth/fs25/practical-work/gobra/src/main/scala/viper/gobra/frontend/info/implementation/typing/MemberTyping.scala. Using presentation compiler with project's scala-library version: 3.3.5[0m
2025.05.09 14:38:26 INFO  no build target found for /Users/herzamos/Desktop/eth/fs25/practical-work/gobra/src/main/scala/viper/gobra/frontend/info/implementation/typing/MemberTyping.scala. Using presentation compiler with project's scala-library version: 3.3.5[0m
2025.05.09 14:38:27 INFO  no build target found for /Users/herzamos/Desktop/eth/fs25/practical-work/gobra/src/main/scala/viper/gobra/frontend/info/implementation/typing/MemberTyping.scala. Using presentation compiler with project's scala-library version: 3.3.5[0m
May 09, 2025 2:38:27 PM scala.meta.internal.metals.StdReporter $anonfun$create$1
WARNING: empty definition using pc, found symbol in pc: PActualMember# (full report at: /Users/herzamos/Desktop/eth/fs25/practical-work/.metals/.reports/metals-full/2025-05-09/r_empty-definition_14-38-27-336.md)
2025.05.09 14:38:27 INFO  no build target found for /Users/herzamos/Desktop/eth/fs25/practical-work/gobra/src/main/scala/viper/gobra/frontend/info/implementation/typing/MemberTyping.scala. Using presentation compiler with project's scala-library version: 3.3.5[0m
2025.05.09 14:38:27 INFO  no build target found for /Users/herzamos/Desktop/eth/fs25/practical-work/gobra/src/main/scala/viper/gobra/frontend/info/implementation/typing/MemberTyping.scala. Using presentation compiler with project's scala-library version: 3.3.5[0m
2025.05.09 14:38:27 INFO  no build target found for /Users/herzamos/Desktop/eth/fs25/practical-work/gobra/src/main/scala/viper/gobra/frontend/info/implementation/typing/MemberTyping.scala. Using presentation compiler with project's scala-library version: 3.3.5[0m
May 09, 2025 2:38:27 PM scala.meta.internal.metals.StdReporter $anonfun$create$1
WARNING: empty definition using pc, found symbol in pc: PActualMember# (full report at: /Users/herzamos/Desktop/eth/fs25/practical-work/.metals/.reports/metals-full/2025-05-09/r_empty-definition_14-38-27-336.md)
2025.05.09 14:38:27 INFO  no build target found for /Users/herzamos/Desktop/eth/fs25/practical-work/gobra/src/main/scala/viper/gobra/frontend/info/implementation/typing/MemberTyping.scala. Using presentation compiler with project's scala-library version: 3.3.5[0m
2025.05.09 14:38:28 INFO  no build target found for /Users/herzamos/Desktop/eth/fs25/practical-work/gobra/src/main/scala/viper/gobra/frontend/info/implementation/typing/MemberTyping.scala. Using presentation compiler with project's scala-library version: 3.3.5[0m
2025.05.09 14:38:28 INFO  no build target found for /Users/herzamos/Desktop/eth/fs25/practical-work/gobra/src/main/scala/viper/gobra/frontend/info/implementation/typing/MemberTyping.scala. Using presentation compiler with project's scala-library version: 3.3.5[0m
2025.05.09 14:38:28 INFO  no build target found for /Users/herzamos/Desktop/eth/fs25/practical-work/gobra/src/main/scala/viper/gobra/frontend/info/implementation/typing/MemberTyping.scala. Using presentation compiler with project's scala-library version: 3.3.5[0m
May 09, 2025 2:38:29 PM scala.meta.internal.metals.StdReporter $anonfun$create$1
WARNING: empty definition using pc, found symbol in pc: `<none>`. (full report at: /Users/herzamos/Desktop/eth/fs25/practical-work/.metals/.reports/metals-full/2025-05-09/r_empty-definition_14-31-07-848.md)
2025.05.09 14:38:37 INFO  no build target found for /Users/herzamos/Desktop/eth/fs25/practical-work/gobra/src/main/scala/viper/gobra/frontend/info/implementation/typing/BaseTyping.scala. Using presentation compiler with project's scala-library version: 3.3.5[0m
2025.05.09 14:38:38 INFO  no build target found for /Users/herzamos/Desktop/eth/fs25/practical-work/gobra/src/main/scala/viper/gobra/frontend/info/implementation/typing/BaseTyping.scala. Using presentation compiler with project's scala-library version: 3.3.5[0m
2025.05.09 14:38:52 INFO  no build target found for /Users/herzamos/Desktop/eth/fs25/practical-work/gobra/src/main/scala/viper/gobra/frontend/info/implementation/typing/BaseTyping.scala. Using presentation compiler with project's scala-library version: 3.3.5[0m
2025.05.09 14:39:00 WARN  no build target for: /Users/herzamos/Desktop/eth/fs25/practical-work/gobra/src/main/scala/viper/gobra/frontend/info/implementation/typing/MemberTyping.scala[0m
2025.05.09 14:39:00 INFO  no build target found for /Users/herzamos/Desktop/eth/fs25/practical-work/gobra/src/main/scala/viper/gobra/frontend/info/implementation/typing/MemberTyping.scala. Using presentation compiler with project's scala-library version: 3.3.5[0m
2025.05.09 14:39:00 INFO  no build target found for /Users/herzamos/Desktop/eth/fs25/practical-work/gobra/src/main/scala/viper/gobra/frontend/info/implementation/typing/MemberTyping.scala. Using presentation compiler with project's scala-library version: 3.3.5[0m
2025.05.09 14:39:00 INFO  no build target found for /Users/herzamos/Desktop/eth/fs25/practical-work/gobra/src/main/scala/viper/gobra/frontend/info/implementation/typing/MemberTyping.scala. Using presentation compiler with project's scala-library version: 3.3.5[0m
2025.05.09 14:39:00 INFO  no build target found for /Users/herzamos/Desktop/eth/fs25/practical-work/gobra/src/main/scala/viper/gobra/frontend/info/implementation/typing/MemberTyping.scala. Using presentation compiler with project's scala-library version: 3.3.5[0m
2025.05.09 14:39:12 INFO  no build target found for /Users/herzamos/Desktop/eth/fs25/practical-work/gobra/src/main/scala/viper/gobra/frontend/info/implementation/typing/MemberTyping.scala. Using presentation compiler with project's scala-library version: 3.3.5[0m
2025.05.09 14:39:16 INFO  no build target found for /Users/herzamos/Desktop/eth/fs25/practical-work/gobra/src/main/scala/viper/gobra/frontend/info/implementation/typing/MemberTyping.scala. Using presentation compiler with project's scala-library version: 3.3.5[0m
2025.05.09 14:39:17 INFO  no build target found for /Users/herzamos/Desktop/eth/fs25/practical-work/gobra/src/main/scala/viper/gobra/frontend/info/implementation/typing/MemberTyping.scala. Using presentation compiler with project's scala-library version: 3.3.5[0m
May 09, 2025 2:39:17 PM scala.meta.internal.metals.StdReporter $anonfun$create$1
WARNING: empty definition using pc, found symbol in pc: `<none>`. (full report at: /Users/herzamos/Desktop/eth/fs25/practical-work/.metals/.reports/metals-full/2025-05-09/r_empty-definition_14-31-07-848.md)
2025.05.09 14:39:17 WARN  no build target for: /Users/herzamos/Desktop/eth/fs25/practical-work/gobra/src/main/scala/viper/gobra/frontend/info/implementation/typing/MemberTyping.scala[0m
May 09, 2025 2:39:19 PM org.eclipse.lsp4j.jsonrpc.services.GenericEndpoint notify
INFO: Unsupported notification method: $/setTrace
May 09, 2025 2:39:23 PM org.eclipse.lsp4j.jsonrpc.services.GenericEndpoint notify
INFO: Unsupported notification method: $/setTrace
May 09, 2025 2:39:25 PM org.eclipse.lsp4j.jsonrpc.services.GenericEndpoint notify
INFO: Unsupported notification method: $/setTrace
May 09, 2025 2:39:25 PM org.eclipse.lsp4j.jsonrpc.services.GenericEndpoint notify
INFO: Unsupported notification method: $/setTrace
2025.05.09 14:40:27 INFO  no build target found for /Users/herzamos/Desktop/eth/fs25/practical-work/gobra/src/main/scala/viper/gobra/frontend/info/implementation/typing/MemberTyping.scala. Using presentation compiler with project's scala-library version: 3.3.5[0m
2025.05.09 14:40:29 INFO  no build target found for /Users/herzamos/Desktop/eth/fs25/practical-work/gobra/src/main/scala/viper/gobra/frontend/info/implementation/typing/MemberTyping.scala. Using presentation compiler with project's scala-library version: 3.3.5[0m
May 09, 2025 2:40:29 PM scala.meta.internal.metals.StdReporter $anonfun$create$1
WARNING: empty definition using pc, found symbol in pc: PFunctionDecl# (full report at: /Users/herzamos/Desktop/eth/fs25/practical-work/.metals/.reports/metals-full/2025-05-09/r_empty-definition_14-36-47-012.md)
2025.05.09 14:40:29 INFO  no build target found for /Users/herzamos/Desktop/eth/fs25/practical-work/gobra/src/main/scala/viper/gobra/frontend/info/implementation/typing/MemberTyping.scala. Using presentation compiler with project's scala-library version: 3.3.5[0m
2025.05.09 14:40:35 INFO  no build target found for /Users/herzamos/Desktop/eth/fs25/practical-work/gobra/src/main/scala/viper/gobra/frontend/info/base/SymbolTable.scala. Using presentation compiler with project's scala-library version: 3.3.5[0m
2025.05.09 14:40:35 INFO  no build target found for /Users/herzamos/Desktop/eth/fs25/practical-work/gobra/src/main/scala/viper/gobra/frontend/info/base/SymbolTable.scala. Using presentation compiler with project's scala-library version: 3.3.5[0m
2025.05.09 14:40:38 INFO  no build target found for /Users/herzamos/Desktop/eth/fs25/practical-work/gobra/src/main/scala/viper/gobra/frontend/info/base/SymbolTable.scala. Using presentation compiler with project's scala-library version: 3.3.5[0m
2025.05.09 14:40:38 WARN  no build target for: /Users/herzamos/Desktop/eth/fs25/practical-work/gobra/src/main/scala/viper/gobra/frontend/info/implementation/typing/MemberTyping.scala[0m
2025.05.09 14:40:38 INFO  no build target found for /Users/herzamos/Desktop/eth/fs25/practical-work/gobra/src/main/scala/viper/gobra/frontend/info/implementation/typing/MemberTyping.scala. Using presentation compiler with project's scala-library version: 3.3.5[0m
2025.05.09 14:40:38 INFO  no build target found for /Users/herzamos/Desktop/eth/fs25/practical-work/gobra/src/main/scala/viper/gobra/frontend/info/implementation/typing/MemberTyping.scala. Using presentation compiler with project's scala-library version: 3.3.5[0m
2025.05.09 14:40:38 INFO  no build target found for /Users/herzamos/Desktop/eth/fs25/practical-work/gobra/src/main/scala/viper/gobra/frontend/info/implementation/typing/MemberTyping.scala. Using presentation compiler with project's scala-library version: 3.3.5[0m
2025.05.09 14:40:38 INFO  no build target found for /Users/herzamos/Desktop/eth/fs25/practical-work/gobra/src/main/scala/viper/gobra/frontend/info/implementation/typing/MemberTyping.scala. Using presentation compiler with project's scala-library version: 3.3.5[0m
May 09, 2025 2:40:38 PM scala.meta.internal.metals.StdReporter $anonfun$create$1
WARNING: empty definition using pc, found symbol in pc: `<none>`. (full report at: /Users/herzamos/Desktop/eth/fs25/practical-work/.metals/.reports/metals-full/2025-05-09/r_empty-definition_14-31-07-848.md)
2025.05.09 14:40:39 INFO  no build target found for /Users/herzamos/Desktop/eth/fs25/practical-work/gobra/src/main/scala/viper/gobra/frontend/info/implementation/typing/MemberTyping.scala. Using presentation compiler with project's scala-library version: 3.3.5[0m
2025.05.09 14:40:38 INFO  no build target found for /Users/herzamos/Desktop/eth/fs25/practical-work/gobra/src/main/scala/viper/gobra/frontend/info/implementation/typing/MemberTyping.scala. Using presentation compiler with project's scala-library version: 3.3.5[0m
2025.05.09 14:40:39 INFO  no build target found for /Users/herzamos/Desktop/eth/fs25/practical-work/gobra/src/main/scala/viper/gobra/frontend/info/implementation/typing/MemberTyping.scala. Using presentation compiler with project's scala-library version: 3.3.5[0m
May 09, 2025 2:40:39 PM scala.meta.internal.metals.StdReporter $anonfun$create$1
WARNING: empty definition using pc, found symbol in pc: Messages# (full report at: /Users/herzamos/Desktop/eth/fs25/practical-work/.metals/.reports/metals-full/2025-05-09/r_empty-definition_14-40-39-399.md)
2025.05.09 14:40:39 INFO  no build target found for /Users/herzamos/Desktop/eth/fs25/practical-work/gobra/src/main/scala/viper/gobra/frontend/info/implementation/typing/MemberTyping.scala. Using presentation compiler with project's scala-library version: 3.3.5[0m
May 09, 2025 2:40:39 PM scala.meta.internal.metals.StdReporter $anonfun$create$1
WARNING: empty definition using pc, found symbol in pc: Messages# (full report at: /Users/herzamos/Desktop/eth/fs25/practical-work/.metals/.reports/metals-full/2025-05-09/r_empty-definition_14-40-39-399.md)
2025.05.09 14:40:39 INFO  no build target found for /Users/herzamos/Desktop/eth/fs25/practical-work/gobra/src/main/scala/viper/gobra/frontend/info/implementation/typing/MemberTyping.scala. Using presentation compiler with project's scala-library version: 3.3.5[0m
2025.05.09 14:40:39 INFO  no build target found for /Users/herzamos/Desktop/eth/fs25/practical-work/gobra/src/main/scala/viper/gobra/frontend/info/implementation/typing/MemberTyping.scala. Using presentation compiler with project's scala-library version: 3.3.5[0m
2025.05.09 14:40:39 INFO  no build target found for /Users/herzamos/Desktop/eth/fs25/practical-work/gobra/src/main/scala/viper/gobra/frontend/info/implementation/typing/MemberTyping.scala. Using presentation compiler with project's scala-library version: 3.3.5[0m
May 09, 2025 2:40:40 PM scala.meta.internal.metals.StdReporter $anonfun$create$1
WARNING: empty definition using pc, found symbol in pc: Messages# (full report at: /Users/herzamos/Desktop/eth/fs25/practical-work/.metals/.reports/metals-full/2025-05-09/r_empty-definition_14-40-39-399.md)
2025.05.09 14:40:39 INFO  no build target found for /Users/herzamos/Desktop/eth/fs25/practical-work/gobra/src/main/scala/viper/gobra/frontend/info/implementation/typing/MemberTyping.scala. Using presentation compiler with project's scala-library version: 3.3.5[0m
2025.05.09 14:40:42 INFO  no build target found for /Users/herzamos/Desktop/eth/fs25/practical-work/gobra/src/main/scala/viper/gobra/frontend/info/implementation/typing/MemberTyping.scala. Using presentation compiler with project's scala-library version: 3.3.5[0m
May 09, 2025 2:40:42 PM scala.meta.internal.metals.StdReporter $anonfun$create$1
WARNING: empty definition using pc, found symbol in pc: Messages# (full report at: /Users/herzamos/Desktop/eth/fs25/practical-work/.metals/.reports/metals-full/2025-05-09/r_empty-definition_14-40-39-399.md)
2025.05.09 14:40:44 INFO  no build target found for /Users/herzamos/Desktop/eth/fs25/practical-work/gobra/src/main/scala/viper/gobra/frontend/info/implementation/typing/MemberTyping.scala. Using presentation compiler with project's scala-library version: 3.3.5[0m
2025.05.09 14:40:44 INFO  no build target found for /Users/herzamos/Desktop/eth/fs25/practical-work/gobra/src/main/scala/viper/gobra/frontend/info/implementation/typing/MemberTyping.scala. Using presentation compiler with project's scala-library version: 3.3.5[0m
May 09, 2025 2:40:44 PM scala.meta.internal.metals.StdReporter $anonfun$create$1
WARNING: empty definition using pc, found symbol in pc: Messages# (full report at: /Users/herzamos/Desktop/eth/fs25/practical-work/.metals/.reports/metals-full/2025-05-09/r_empty-definition_14-40-39-399.md)
2025.05.09 14:40:51 INFO  no build target found for /Users/herzamos/Desktop/eth/fs25/practical-work/gobra/src/main/scala/viper/gobra/frontend/info/implementation/typing/ImportTyping.scala. Using presentation compiler with project's scala-library version: 3.3.5[0m
2025.05.09 14:40:51 INFO  no build target found for /Users/herzamos/Desktop/eth/fs25/practical-work/gobra/src/main/scala/viper/gobra/frontend/info/implementation/typing/ImportTyping.scala. Using presentation compiler with project's scala-library version: 3.3.5[0m
2025.05.09 14:40:53 INFO  no build target found for /Users/herzamos/Desktop/eth/fs25/practical-work/gobra/src/main/scala/viper/gobra/frontend/info/implementation/typing/ImportTyping.scala. Using presentation compiler with project's scala-library version: 3.3.5[0m
2025.05.09 14:40:53 INFO  no build target found for /Users/herzamos/Desktop/eth/fs25/practical-work/gobra/src/main/scala/viper/gobra/frontend/info/implementation/typing/MiscTyping.scala. Using presentation compiler with project's scala-library version: 3.3.5[0m
2025.05.09 14:41:49 INFO  no build target found for /Users/herzamos/Desktop/eth/fs25/practical-work/gobra/src/main/scala/viper/gobra/frontend/info/implementation/typing/MemberTyping.scala. Using presentation compiler with project's scala-library version: 3.3.5[0m
2025.05.09 14:41:49 WARN  no build target for: /Users/herzamos/Desktop/eth/fs25/practical-work/gobra/src/main/scala/viper/gobra/frontend/info/implementation/typing/MemberTyping.scala[0m
2025.05.09 14:41:49 INFO  no build target found for /Users/herzamos/Desktop/eth/fs25/practical-work/gobra/src/main/scala/viper/gobra/frontend/info/implementation/typing/MemberTyping.scala. Using presentation compiler with project's scala-library version: 3.3.5[0m
2025.05.09 14:41:49 INFO  no build target found for /Users/herzamos/Desktop/eth/fs25/practical-work/gobra/src/main/scala/viper/gobra/frontend/info/implementation/typing/MemberTyping.scala. Using presentation compiler with project's scala-library version: 3.3.5[0m
2025.05.09 14:41:49 INFO  no build target found for /Users/herzamos/Desktop/eth/fs25/practical-work/gobra/src/main/scala/viper/gobra/frontend/info/implementation/typing/MemberTyping.scala. Using presentation compiler with project's scala-library version: 3.3.5[0m
2025.05.09 14:41:49 INFO  no build target found for /Users/herzamos/Desktop/eth/fs25/practical-work/gobra/src/main/scala/viper/gobra/frontend/info/implementation/typing/MemberTyping.scala. Using presentation compiler with project's scala-library version: 3.3.5[0m
2025.05.09 14:41:50 INFO  no build target found for /Users/herzamos/Desktop/eth/fs25/practical-work/gobra/src/main/scala/viper/gobra/frontend/info/implementation/typing/MemberTyping.scala. Using presentation compiler with project's scala-library version: 3.3.5[0m
2025.05.09 14:41:50 INFO  no build target found for /Users/herzamos/Desktop/eth/fs25/practical-work/gobra/src/main/scala/viper/gobra/frontend/info/implementation/typing/MemberTyping.scala. Using presentation compiler with project's scala-library version: 3.3.5[0m
2025.05.09 14:41:51 INFO  no build target found for /Users/herzamos/Desktop/eth/fs25/practical-work/gobra/src/main/scala/viper/gobra/frontend/info/implementation/typing/MemberTyping.scala. Using presentation compiler with project's scala-library version: 3.3.5[0m
2025.05.09 14:41:54 INFO  no build target found for /Users/herzamos/Desktop/eth/fs25/practical-work/gobra/src/main/scala/viper/gobra/frontend/info/implementation/typing/MiscTyping.scala. Using presentation compiler with project's scala-library version: 3.3.5[0m
2025.05.09 14:41:54 INFO  no build target found for /Users/herzamos/Desktop/eth/fs25/practical-work/gobra/src/main/scala/viper/gobra/ast/frontend/Ast.scala. Using presentation compiler with project's scala-library version: 3.3.5[0m
2025.05.09 14:41:54 INFO  no build target found for /Users/herzamos/Desktop/eth/fs25/practical-work/gobra/src/main/scala/viper/gobra/ast/frontend/Ast.scala. Using presentation compiler with project's scala-library version: 3.3.5[0m
2025.05.09 14:41:54 INFO  no build target found for /Users/herzamos/Desktop/eth/fs25/practical-work/gobra/src/main/scala/viper/gobra/ast/frontend/Ast.scala. Using presentation compiler with project's scala-library version: 3.3.5[0m
2025.05.09 14:41:58 INFO  no build target found for /Users/herzamos/Desktop/eth/fs25/practical-work/gobra/src/main/scala/viper/gobra/ast/frontend/Ast.scala. Using presentation compiler with project's scala-library version: 3.3.5[0m
2025.05.09 14:41:58 INFO  no build target found for /Users/herzamos/Desktop/eth/fs25/practical-work/gobra/src/main/scala/viper/gobra/ast/frontend/Ast.scala. Using presentation compiler with project's scala-library version: 3.3.5[0m
2025.05.09 14:41:58 INFO  no build target found for /Users/herzamos/Desktop/eth/fs25/practical-work/gobra/src/main/scala/viper/gobra/frontend/info/implementation/typing/MemberTyping.scala. Using presentation compiler with project's scala-library version: 3.3.5[0m
2025.05.09 14:41:59 WARN  no build target for: /Users/herzamos/Desktop/eth/fs25/practical-work/gobra/src/main/scala/viper/gobra/frontend/info/implementation/typing/MemberTyping.scala[0m
2025.05.09 14:41:58 INFO  no build target found for /Users/herzamos/Desktop/eth/fs25/practical-work/gobra/src/main/scala/viper/gobra/frontend/info/implementation/typing/MemberTyping.scala. Using presentation compiler with project's scala-library version: 3.3.5[0m
2025.05.09 14:41:58 INFO  no build target found for /Users/herzamos/Desktop/eth/fs25/practical-work/gobra/src/main/scala/viper/gobra/frontend/info/implementation/typing/MemberTyping.scala. Using presentation compiler with project's scala-library version: 3.3.5[0m
2025.05.09 14:42:00 INFO  no build target found for /Users/herzamos/Desktop/eth/fs25/practical-work/gobra/src/main/scala/viper/gobra/frontend/info/implementation/typing/MemberTyping.scala. Using presentation compiler with project's scala-library version: 3.3.5[0m
May 09, 2025 2:42:00 PM scala.meta.internal.metals.StdReporter $anonfun$create$1
WARNING: empty definition using pc, found symbol in pc: Messages# (full report at: /Users/herzamos/Desktop/eth/fs25/practical-work/.metals/.reports/metals-full/2025-05-09/r_empty-definition_14-40-39-399.md)
2025.05.09 14:42:00 INFO  no build target found for /Users/herzamos/Desktop/eth/fs25/practical-work/gobra/src/main/scala/viper/gobra/frontend/info/implementation/typing/MemberTyping.scala. Using presentation compiler with project's scala-library version: 3.3.5[0m
2025.05.09 14:42:46 INFO  no build target found for /Users/herzamos/Desktop/eth/fs25/practical-work/gobra/src/main/scala/viper/gobra/frontend/info/implementation/typing/MemberTyping.scala. Using presentation compiler with project's scala-library version: 3.3.5[0m
2025.05.09 14:42:46 INFO  no build target found for /Users/herzamos/Desktop/eth/fs25/practical-work/gobra/src/main/scala/viper/gobra/frontend/info/implementation/typing/MemberTyping.scala. Using presentation compiler with project's scala-library version: 3.3.5[0m
2025.05.09 14:42:50 INFO  no build target found for /Users/herzamos/Desktop/eth/fs25/practical-work/gobra/src/main/scala/viper/gobra/frontend/info/implementation/typing/MemberTyping.scala. Using presentation compiler with project's scala-library version: 3.3.5[0m
2025.05.09 14:42:51 WARN  no build target for: /Users/herzamos/Desktop/eth/fs25/practical-work/gobra/src/main/scala/viper/gobra/ast/frontend/Ast.scala[0m
2025.05.09 14:42:51 INFO  no build target found for /Users/herzamos/Desktop/eth/fs25/practical-work/gobra/src/main/scala/viper/gobra/ast/frontend/Ast.scala. Using presentation compiler with project's scala-library version: 3.3.5[0m
2025.05.09 14:42:51 INFO  no build target found for /Users/herzamos/Desktop/eth/fs25/practical-work/gobra/src/main/scala/viper/gobra/ast/frontend/Ast.scala. Using presentation compiler with project's scala-library version: 3.3.5[0m
2025.05.09 14:42:51 INFO  no build target found for /Users/herzamos/Desktop/eth/fs25/practical-work/gobra/src/main/scala/viper/gobra/ast/frontend/Ast.scala. Using presentation compiler with project's scala-library version: 3.3.5[0m
2025.05.09 14:42:51 INFO  no build target found for /Users/herzamos/Desktop/eth/fs25/practical-work/gobra/src/main/scala/viper/gobra/ast/frontend/Ast.scala. Using presentation compiler with project's scala-library version: 3.3.5[0m
2025.05.09 14:42:53 INFO  no build target found for /Users/herzamos/Desktop/eth/fs25/practical-work/gobra/src/main/scala/viper/gobra/ast/frontend/Ast.scala. Using presentation compiler with project's scala-library version: 3.3.5[0m
2025.05.09 14:42:53 INFO  no build target found for /Users/herzamos/Desktop/eth/fs25/practical-work/gobra/src/main/scala/viper/gobra/ast/frontend/Ast.scala. Using presentation compiler with project's scala-library version: 3.3.5[0m
2025.05.09 14:42:53 INFO  no build target found for /Users/herzamos/Desktop/eth/fs25/practical-work/gobra/src/main/scala/viper/gobra/ast/frontend/Ast.scala. Using presentation compiler with project's scala-library version: 3.3.5[0m
2025.05.09 14:42:53 INFO  no build target found for /Users/herzamos/Desktop/eth/fs25/practical-work/gobra/src/main/scala/viper/gobra/ast/frontend/Ast.scala. Using presentation compiler with project's scala-library version: 3.3.5[0m
2025.05.09 14:42:55 INFO  no build target found for /Users/herzamos/Desktop/eth/fs25/practical-work/gobra/src/main/scala/viper/gobra/ast/frontend/Ast.scala. Using presentation compiler with project's scala-library version: 3.3.5[0m
2025.05.09 14:42:55 INFO  no build target found for /Users/herzamos/Desktop/eth/fs25/practical-work/gobra/src/main/scala/viper/gobra/ast/frontend/Ast.scala. Using presentation compiler with project's scala-library version: 3.3.5[0m
2025.05.09 14:42:57 INFO  no build target found for /Users/herzamos/Desktop/eth/fs25/practical-work/gobra/src/main/scala/viper/gobra/ast/frontend/Ast.scala. Using presentation compiler with project's scala-library version: 3.3.5[0m
2025.05.09 14:42:57 INFO  no build target found for /Users/herzamos/Desktop/eth/fs25/practical-work/gobra/src/main/scala/viper/gobra/ast/frontend/Ast.scala. Using presentation compiler with project's scala-library version: 3.3.5[0m
2025.05.09 14:42:57 INFO  no build target found for /Users/herzamos/Desktop/eth/fs25/practical-work/gobra/src/main/scala/viper/gobra/ast/frontend/Ast.scala. Using presentation compiler with project's scala-library version: 3.3.5[0m
2025.05.09 14:42:57 INFO  no build target found for /Users/herzamos/Desktop/eth/fs25/practical-work/gobra/src/main/scala/viper/gobra/ast/frontend/Ast.scala. Using presentation compiler with project's scala-library version: 3.3.5[0m
2025.05.09 14:42:58 INFO  no build target found for /Users/herzamos/Desktop/eth/fs25/practical-work/gobra/src/main/scala/viper/gobra/ast/frontend/Ast.scala. Using presentation compiler with project's scala-library version: 3.3.5[0m
2025.05.09 14:42:57 INFO  no build target found for /Users/herzamos/Desktop/eth/fs25/practical-work/gobra/src/main/scala/viper/gobra/ast/frontend/Ast.scala. Using presentation compiler with project's scala-library version: 3.3.5[0m
May 09, 2025 2:42:58 PM scala.meta.internal.metals.StdReporter $anonfun$create$1
WARNING: empty definition using pc, found symbol in pc: `<none>`. (full report at: /Users/herzamos/Desktop/eth/fs25/practical-work/.metals/.reports/metals-full/2025-05-09/r_empty-definition_14-31-07-848.md)
2025.05.09 14:42:58 INFO  no build target found for /Users/herzamos/Desktop/eth/fs25/practical-work/gobra/src/main/scala/viper/gobra/ast/frontend/Ast.scala. Using presentation compiler with project's scala-library version: 3.3.5[0m
May 09, 2025 2:42:58 PM scala.meta.internal.metals.StdReporter $anonfun$create$1
WARNING: empty definition using pc, found symbol in pc: `<none>`. (full report at: /Users/herzamos/Desktop/eth/fs25/practical-work/.metals/.reports/metals-full/2025-05-09/r_empty-definition_14-31-07-848.md)
2025.05.09 14:42:58 INFO  no build target found for /Users/herzamos/Desktop/eth/fs25/practical-work/gobra/src/main/scala/viper/gobra/ast/frontend/Ast.scala. Using presentation compiler with project's scala-library version: 3.3.5[0m
May 09, 2025 2:42:59 PM scala.meta.internal.metals.StdReporter $anonfun$create$1
WARNING: empty definition using pc, found symbol in pc: `<none>`. (full report at: /Users/herzamos/Desktop/eth/fs25/practical-work/.metals/.reports/metals-full/2025-05-09/r_empty-definition_14-31-07-848.md)
2025.05.09 14:42:58 INFO  no build target found for /Users/herzamos/Desktop/eth/fs25/practical-work/gobra/src/main/scala/viper/gobra/ast/frontend/Ast.scala. Using presentation compiler with project's scala-library version: 3.3.5[0m
May 09, 2025 2:42:59 PM scala.meta.internal.metals.StdReporter $anonfun$create$1
WARNING: empty definition using pc, found symbol in pc: `<none>`. (full report at: /Users/herzamos/Desktop/eth/fs25/practical-work/.metals/.reports/metals-full/2025-05-09/r_empty-definition_14-31-07-848.md)
2025.05.09 14:43:00 INFO  no build target found for /Users/herzamos/Desktop/eth/fs25/practical-work/gobra/src/main/scala/viper/gobra/ast/frontend/Ast.scala. Using presentation compiler with project's scala-library version: 3.3.5[0m
2025.05.09 14:43:02 INFO  no build target found for /Users/herzamos/Desktop/eth/fs25/practical-work/gobra/src/main/scala/viper/gobra/ast/frontend/Ast.scala. Using presentation compiler with project's scala-library version: 3.3.5[0m
2025.05.09 14:43:02 INFO  no build target found for /Users/herzamos/Desktop/eth/fs25/practical-work/gobra/src/main/scala/viper/gobra/ast/frontend/Ast.scala. Using presentation compiler with project's scala-library version: 3.3.5[0m
2025.05.09 14:43:02 INFO  no build target found for /Users/herzamos/Desktop/eth/fs25/practical-work/gobra/src/main/scala/viper/gobra/ast/frontend/Ast.scala. Using presentation compiler with project's scala-library version: 3.3.5[0m
2025.05.09 14:43:03 INFO  no build target found for /Users/herzamos/Desktop/eth/fs25/practical-work/gobra/src/main/scala/viper/gobra/ast/frontend/Ast.scala. Using presentation compiler with project's scala-library version: 3.3.5[0m
May 09, 2025 2:43:03 PM scala.meta.internal.metals.StdReporter $anonfun$create$1
WARNING: empty definition using pc, found symbol in pc: `<none>`. (full report at: /Users/herzamos/Desktop/eth/fs25/practical-work/.metals/.reports/metals-full/2025-05-09/r_empty-definition_14-31-07-848.md)
2025.05.09 14:43:08 INFO  no build target found for /Users/herzamos/Desktop/eth/fs25/practical-work/gobra/src/main/scala/viper/gobra/ast/frontend/Ast.scala. Using presentation compiler with project's scala-library version: 3.3.5[0m
2025.05.09 14:43:19 INFO  no build target found for /Users/herzamos/Desktop/eth/fs25/practical-work/gobra/src/main/scala/viper/gobra/ast/frontend/Ast.scala. Using presentation compiler with project's scala-library version: 3.3.5[0m
2025.05.09 14:43:22 INFO  no build target found for /Users/herzamos/Desktop/eth/fs25/practical-work/gobra/src/main/scala/viper/gobra/ast/frontend/Ast.scala. Using presentation compiler with project's scala-library version: 3.3.5[0m
2025.05.09 14:43:27 INFO  no build target found for /Users/herzamos/Desktop/eth/fs25/practical-work/gobra/src/main/scala/viper/gobra/ast/frontend/Ast.scala. Using presentation compiler with project's scala-library version: 3.3.5[0m
2025.05.09 14:43:28 INFO  no build target found for /Users/herzamos/Desktop/eth/fs25/practical-work/gobra/src/main/scala/viper/gobra/ast/frontend/Ast.scala. Using presentation compiler with project's scala-library version: 3.3.5[0m
2025.05.09 14:43:38 INFO  no build target found for /Users/herzamos/Desktop/eth/fs25/practical-work/gobra/src/main/scala/viper/gobra/frontend/info/implementation/resolution/NameResolution.scala. Using presentation compiler with project's scala-library version: 3.3.5[0m
2025.05.09 14:43:38 INFO  no build target found for /Users/herzamos/Desktop/eth/fs25/practical-work/gobra/src/main/scala/viper/gobra/frontend/info/implementation/resolution/NameResolution.scala. Using presentation compiler with project's scala-library version: 3.3.5[0m
2025.05.09 14:43:43 INFO  no build target found for /Users/herzamos/Desktop/eth/fs25/practical-work/gobra/src/main/scala/viper/gobra/frontend/info/implementation/resolution/NameResolution.scala. Using presentation compiler with project's scala-library version: 3.3.5[0m
2025.05.09 14:43:43 WARN  no build target for: /Users/herzamos/Desktop/eth/fs25/practical-work/gobra/src/main/scala/viper/gobra/ast/frontend/Ast.scala[0m
2025.05.09 14:43:43 INFO  no build target found for /Users/herzamos/Desktop/eth/fs25/practical-work/gobra/src/main/scala/viper/gobra/ast/frontend/Ast.scala. Using presentation compiler with project's scala-library version: 3.3.5[0m
2025.05.09 14:43:43 INFO  no build target found for /Users/herzamos/Desktop/eth/fs25/practical-work/gobra/src/main/scala/viper/gobra/ast/frontend/Ast.scala. Using presentation compiler with project's scala-library version: 3.3.5[0m
2025.05.09 14:43:43 INFO  no build target found for /Users/herzamos/Desktop/eth/fs25/practical-work/gobra/src/main/scala/viper/gobra/ast/frontend/Ast.scala. Using presentation compiler with project's scala-library version: 3.3.5[0m
2025.05.09 14:43:43 INFO  no build target found for /Users/herzamos/Desktop/eth/fs25/practical-work/gobra/src/main/scala/viper/gobra/ast/frontend/Ast.scala. Using presentation compiler with project's scala-library version: 3.3.5[0m
2025.05.09 14:43:43 INFO  no build target found for /Users/herzamos/Desktop/eth/fs25/practical-work/gobra/src/main/scala/viper/gobra/ast/frontend/Ast.scala. Using presentation compiler with project's scala-library version: 3.3.5[0m
2025.05.09 14:43:47 INFO  no build target found for /Users/herzamos/Desktop/eth/fs25/practical-work/gobra/src/main/scala/viper/gobra/ast/frontend/Ast.scala. Using presentation compiler with project's scala-library version: 3.3.5[0m
2025.05.09 14:44:19 INFO  no build target found for /Users/herzamos/Desktop/eth/fs25/practical-work/gobra/src/main/scala/viper/gobra/ast/frontend/Ast.scala. Using presentation compiler with project's scala-library version: 3.3.5[0m
2025.05.09 14:44:25 INFO  no build target found for /Users/herzamos/Desktop/eth/fs25/practical-work/gobra/src/main/scala/viper/gobra/ast/frontend/Ast.scala. Using presentation compiler with project's scala-library version: 3.3.5[0m
2025.05.09 14:44:25 INFO  no build target found for /Users/herzamos/Desktop/eth/fs25/practical-work/gobra/src/main/scala/viper/gobra/ast/frontend/Ast.scala. Using presentation compiler with project's scala-library version: 3.3.5[0m
2025.05.09 14:44:26 INFO  no build target found for /Users/herzamos/Desktop/eth/fs25/practical-work/gobra/src/main/scala/viper/gobra/ast/frontend/Ast.scala. Using presentation compiler with project's scala-library version: 3.3.5[0m
2025.05.09 14:44:26 INFO  no build target found for /Users/herzamos/Desktop/eth/fs25/practical-work/gobra/src/main/scala/viper/gobra/ast/frontend/Ast.scala. Using presentation compiler with project's scala-library version: 3.3.5[0m
2025.05.09 14:44:33 INFO  no build target found for /Users/herzamos/Desktop/eth/fs25/practical-work/gobra/src/main/scala/viper/gobra/ast/frontend/Ast.scala. Using presentation compiler with project's scala-library version: 3.3.5[0m
2025.05.09 14:44:33 INFO  no build target found for /Users/herzamos/Desktop/eth/fs25/practical-work/gobra/src/main/scala/viper/gobra/ast/frontend/Ast.scala. Using presentation compiler with project's scala-library version: 3.3.5[0m
2025.05.09 14:44:33 INFO  no build target found for /Users/herzamos/Desktop/eth/fs25/practical-work/gobra/src/main/scala/viper/gobra/ast/frontend/Ast.scala. Using presentation compiler with project's scala-library version: 3.3.5[0m
2025.05.09 14:44:35 INFO  no build target found for /Users/herzamos/Desktop/eth/fs25/practical-work/gobra/src/main/scala/viper/gobra/ast/frontend/Ast.scala. Using presentation compiler with project's scala-library version: 3.3.5[0m
2025.05.09 14:44:35 INFO  no build target found for /Users/herzamos/Desktop/eth/fs25/practical-work/gobra/src/main/scala/viper/gobra/ast/frontend/Ast.scala. Using presentation compiler with project's scala-library version: 3.3.5[0m
2025.05.09 14:44:35 INFO  no build target found for /Users/herzamos/Desktop/eth/fs25/practical-work/gobra/src/main/scala/viper/gobra/ast/frontend/Ast.scala. Using presentation compiler with project's scala-library version: 3.3.5[0m
2025.05.09 14:44:35 INFO  no build target found for /Users/herzamos/Desktop/eth/fs25/practical-work/gobra/src/main/scala/viper/gobra/ast/frontend/Ast.scala. Using presentation compiler with project's scala-library version: 3.3.5[0m
2025.05.09 14:44:35 INFO  no build target found for /Users/herzamos/Desktop/eth/fs25/practical-work/gobra/src/main/scala/viper/gobra/ast/frontend/Ast.scala. Using presentation compiler with project's scala-library version: 3.3.5[0m
2025.05.09 14:44:35 INFO  no build target found for /Users/herzamos/Desktop/eth/fs25/practical-work/gobra/src/main/scala/viper/gobra/ast/frontend/Ast.scala. Using presentation compiler with project's scala-library version: 3.3.5[0m
2025.05.09 14:44:35 INFO  no build target found for /Users/herzamos/Desktop/eth/fs25/practical-work/gobra/src/main/scala/viper/gobra/ast/frontend/Ast.scala. Using presentation compiler with project's scala-library version: 3.3.5[0m
2025.05.09 14:44:35 INFO  no build target found for /Users/herzamos/Desktop/eth/fs25/practical-work/gobra/src/main/scala/viper/gobra/ast/frontend/Ast.scala. Using presentation compiler with project's scala-library version: 3.3.5[0m
2025.05.09 14:44:36 INFO  no build target found for /Users/herzamos/Desktop/eth/fs25/practical-work/gobra/src/main/scala/viper/gobra/ast/frontend/Ast.scala. Using presentation compiler with project's scala-library version: 3.3.5[0m
2025.05.09 14:44:36 INFO  no build target found for /Users/herzamos/Desktop/eth/fs25/practical-work/gobra/src/main/scala/viper/gobra/ast/frontend/Ast.scala. Using presentation compiler with project's scala-library version: 3.3.5[0m
2025.05.09 14:44:36 INFO  no build target found for /Users/herzamos/Desktop/eth/fs25/practical-work/gobra/src/main/scala/viper/gobra/ast/frontend/Ast.scala. Using presentation compiler with project's scala-library version: 3.3.5[0m
2025.05.09 14:44:36 INFO  no build target found for /Users/herzamos/Desktop/eth/fs25/practical-work/gobra/src/main/scala/viper/gobra/ast/frontend/Ast.scala. Using presentation compiler with project's scala-library version: 3.3.5[0m
2025.05.09 14:44:37 INFO  no build target found for /Users/herzamos/Desktop/eth/fs25/practical-work/gobra/src/main/scala/viper/gobra/ast/frontend/Ast.scala. Using presentation compiler with project's scala-library version: 3.3.5[0m
2025.05.09 14:44:37 INFO  no build target found for /Users/herzamos/Desktop/eth/fs25/practical-work/gobra/src/main/scala/viper/gobra/ast/frontend/Ast.scala. Using presentation compiler with project's scala-library version: 3.3.5[0m
2025.05.09 14:44:37 INFO  no build target found for /Users/herzamos/Desktop/eth/fs25/practical-work/gobra/src/main/scala/viper/gobra/ast/frontend/Ast.scala. Using presentation compiler with project's scala-library version: 3.3.5[0m
2025.05.09 14:44:37 INFO  no build target found for /Users/herzamos/Desktop/eth/fs25/practical-work/gobra/src/main/scala/viper/gobra/ast/frontend/Ast.scala. Using presentation compiler with project's scala-library version: 3.3.5[0m
2025.05.09 14:44:37 INFO  no build target found for /Users/herzamos/Desktop/eth/fs25/practical-work/gobra/src/main/scala/viper/gobra/ast/frontend/Ast.scala. Using presentation compiler with project's scala-library version: 3.3.5[0m
2025.05.09 14:44:37 INFO  no build target found for /Users/herzamos/Desktop/eth/fs25/practical-work/gobra/src/main/scala/viper/gobra/ast/frontend/Ast.scala. Using presentation compiler with project's scala-library version: 3.3.5[0m
2025.05.09 14:44:37 INFO  no build target found for /Users/herzamos/Desktop/eth/fs25/practical-work/gobra/src/main/scala/viper/gobra/ast/frontend/Ast.scala. Using presentation compiler with project's scala-library version: 3.3.5[0m
2025.05.09 14:44:38 INFO  no build target found for /Users/herzamos/Desktop/eth/fs25/practical-work/gobra/src/main/scala/viper/gobra/ast/frontend/Ast.scala. Using presentation compiler with project's scala-library version: 3.3.5[0m
2025.05.09 14:44:40 INFO  no build target found for /Users/herzamos/Desktop/eth/fs25/practical-work/gobra/src/main/scala/viper/gobra/ast/frontend/Ast.scala. Using presentation compiler with project's scala-library version: 3.3.5[0m
2025.05.09 14:44:40 INFO  no build target found for /Users/herzamos/Desktop/eth/fs25/practical-work/gobra/src/main/scala/viper/gobra/ast/frontend/Ast.scala. Using presentation compiler with project's scala-library version: 3.3.5[0m
2025.05.09 14:44:40 INFO  no build target found for /Users/herzamos/Desktop/eth/fs25/practical-work/gobra/src/main/scala/viper/gobra/ast/frontend/Ast.scala. Using presentation compiler with project's scala-library version: 3.3.5[0m
2025.05.09 14:44:40 INFO  no build target found for /Users/herzamos/Desktop/eth/fs25/practical-work/gobra/src/main/scala/viper/gobra/ast/frontend/Ast.scala. Using presentation compiler with project's scala-library version: 3.3.5[0m
2025.05.09 14:44:42 INFO  no build target found for /Users/herzamos/Desktop/eth/fs25/practical-work/gobra/src/main/scala/viper/gobra/ast/frontend/Ast.scala. Using presentation compiler with project's scala-library version: 3.3.5[0m
2025.05.09 14:44:42 INFO  no build target found for /Users/herzamos/Desktop/eth/fs25/practical-work/gobra/src/main/scala/viper/gobra/ast/frontend/Ast.scala. Using presentation compiler with project's scala-library version: 3.3.5[0m
2025.05.09 14:44:42 INFO  no build target found for /Users/herzamos/Desktop/eth/fs25/practical-work/gobra/src/main/scala/viper/gobra/ast/frontend/Ast.scala. Using presentation compiler with project's scala-library version: 3.3.5[0m
2025.05.09 14:44:42 INFO  no build target found for /Users/herzamos/Desktop/eth/fs25/practical-work/gobra/src/main/scala/viper/gobra/ast/frontend/Ast.scala. Using presentation compiler with project's scala-library version: 3.3.5[0m
2025.05.09 14:44:43 INFO  no build target found for /Users/herzamos/Desktop/eth/fs25/practical-work/gobra/src/main/scala/viper/gobra/ast/frontend/Ast.scala. Using presentation compiler with project's scala-library version: 3.3.5[0m
2025.05.09 14:44:44 INFO  no build target found for /Users/herzamos/Desktop/eth/fs25/practical-work/gobra/src/main/scala/viper/gobra/ast/frontend/Ast.scala. Using presentation compiler with project's scala-library version: 3.3.5[0m
2025.05.09 14:44:45 INFO  no build target found for /Users/herzamos/Desktop/eth/fs25/practical-work/gobra/src/main/scala/viper/gobra/ast/frontend/Ast.scala. Using presentation compiler with project's scala-library version: 3.3.5[0m
2025.05.09 14:44:44 INFO  no build target found for /Users/herzamos/Desktop/eth/fs25/practical-work/gobra/src/main/scala/viper/gobra/ast/frontend/Ast.scala. Using presentation compiler with project's scala-library version: 3.3.5[0m
May 09, 2025 2:44:45 PM scala.meta.internal.metals.StdReporter $anonfun$create$1
WARNING: empty definition using pc, found symbol in pc: `<none>`. (full report at: /Users/herzamos/Desktop/eth/fs25/practical-work/.metals/.reports/metals-full/2025-05-09/r_empty-definition_14-31-07-848.md)
2025.05.09 14:44:46 INFO  no build target found for /Users/herzamos/Desktop/eth/fs25/practical-work/gobra/src/main/scala/viper/gobra/ast/frontend/Ast.scala. Using presentation compiler with project's scala-library version: 3.3.5[0m
2025.05.09 14:44:50 INFO  no build target found for /Users/herzamos/Desktop/eth/fs25/practical-work/gobra/src/main/scala/viper/gobra/ast/frontend/Ast.scala. Using presentation compiler with project's scala-library version: 3.3.5[0m
2025.05.09 14:44:50 INFO  no build target found for /Users/herzamos/Desktop/eth/fs25/practical-work/gobra/src/main/scala/viper/gobra/ast/frontend/Ast.scala. Using presentation compiler with project's scala-library version: 3.3.5[0m
2025.05.09 14:44:51 INFO  no build target found for /Users/herzamos/Desktop/eth/fs25/practical-work/gobra/src/main/scala/viper/gobra/ast/frontend/Ast.scala. Using presentation compiler with project's scala-library version: 3.3.5[0m
2025.05.09 14:44:54 INFO  no build target found for /Users/herzamos/Desktop/eth/fs25/practical-work/gobra/src/main/scala/viper/gobra/frontend/info/implementation/typing/MemberTyping.scala. Using presentation compiler with project's scala-library version: 3.3.5[0m
2025.05.09 14:44:54 WARN  no build target for: /Users/herzamos/Desktop/eth/fs25/practical-work/gobra/src/main/scala/viper/gobra/frontend/info/implementation/typing/MemberTyping.scala[0m
2025.05.09 14:44:54 INFO  no build target found for /Users/herzamos/Desktop/eth/fs25/practical-work/gobra/src/main/scala/viper/gobra/frontend/info/implementation/typing/MemberTyping.scala. Using presentation compiler with project's scala-library version: 3.3.5[0m
2025.05.09 14:44:56 INFO  no build target found for /Users/herzamos/Desktop/eth/fs25/practical-work/gobra/src/main/scala/viper/gobra/frontend/info/implementation/typing/MemberTyping.scala. Using presentation compiler with project's scala-library version: 3.3.5[0m
2025.05.09 14:44:57 INFO  no build target found for /Users/herzamos/Desktop/eth/fs25/practical-work/gobra/src/main/scala/viper/gobra/ast/frontend/Ast.scala. Using presentation compiler with project's scala-library version: 3.3.5[0m
2025.05.09 14:44:57 WARN  no build target for: /Users/herzamos/Desktop/eth/fs25/practical-work/gobra/src/main/scala/viper/gobra/ast/frontend/Ast.scala[0m
2025.05.09 14:44:59 INFO  no build target found for /Users/herzamos/Desktop/eth/fs25/practical-work/gobra/src/main/scala/viper/gobra/ast/frontend/Ast.scala. Using presentation compiler with project's scala-library version: 3.3.5[0m
2025.05.09 14:45:01 INFO  no build target found for /Users/herzamos/Desktop/eth/fs25/practical-work/gobra/src/main/scala/viper/gobra/ast/frontend/Ast.scala. Using presentation compiler with project's scala-library version: 3.3.5[0m
2025.05.09 14:45:01 INFO  no build target found for /Users/herzamos/Desktop/eth/fs25/practical-work/gobra/src/main/scala/viper/gobra/ast/frontend/Ast.scala. Using presentation compiler with project's scala-library version: 3.3.5[0m
2025.05.09 14:45:03 INFO  no build target found for /Users/herzamos/Desktop/eth/fs25/practical-work/gobra/src/main/scala/viper/gobra/ast/frontend/Ast.scala. Using presentation compiler with project's scala-library version: 3.3.5[0m
2025.05.09 14:45:08 WARN  no build target for: /Users/herzamos/Desktop/eth/fs25/practical-work/gobra/src/main/scala/viper/gobra/frontend/info/implementation/typing/MemberTyping.scala[0m
2025.05.09 14:45:08 INFO  no build target found for /Users/herzamos/Desktop/eth/fs25/practical-work/gobra/src/main/scala/viper/gobra/frontend/info/implementation/typing/MemberTyping.scala. Using presentation compiler with project's scala-library version: 3.3.5[0m
2025.05.09 14:45:08 INFO  no build target found for /Users/herzamos/Desktop/eth/fs25/practical-work/gobra/src/main/scala/viper/gobra/frontend/info/implementation/typing/MemberTyping.scala. Using presentation compiler with project's scala-library version: 3.3.5[0m
2025.05.09 14:45:08 INFO  no build target found for /Users/herzamos/Desktop/eth/fs25/practical-work/gobra/src/main/scala/viper/gobra/frontend/info/implementation/typing/MemberTyping.scala. Using presentation compiler with project's scala-library version: 3.3.5[0m
2025.05.09 14:45:10 INFO  no build target found for /Users/herzamos/Desktop/eth/fs25/practical-work/gobra/src/main/scala/viper/gobra/frontend/info/implementation/typing/MemberTyping.scala. Using presentation compiler with project's scala-library version: 3.3.5[0m
2025.05.09 14:45:10 INFO  no build target found for /Users/herzamos/Desktop/eth/fs25/practical-work/gobra/src/main/scala/viper/gobra/frontend/info/implementation/typing/MemberTyping.scala. Using presentation compiler with project's scala-library version: 3.3.5[0m
2025.05.09 14:45:10 INFO  no build target found for /Users/herzamos/Desktop/eth/fs25/practical-work/gobra/src/main/scala/viper/gobra/frontend/info/implementation/typing/MemberTyping.scala. Using presentation compiler with project's scala-library version: 3.3.5[0m
2025.05.09 14:45:10 INFO  no build target found for /Users/herzamos/Desktop/eth/fs25/practical-work/gobra/src/main/scala/viper/gobra/frontend/info/implementation/typing/MemberTyping.scala. Using presentation compiler with project's scala-library version: 3.3.5[0m
2025.05.09 14:45:12 INFO  no build target found for /Users/herzamos/Desktop/eth/fs25/practical-work/gobra/src/main/scala/viper/gobra/frontend/info/implementation/typing/MemberTyping.scala. Using presentation compiler with project's scala-library version: 3.3.5[0m
2025.05.09 14:45:12 INFO  no build target found for /Users/herzamos/Desktop/eth/fs25/practical-work/gobra/src/main/scala/viper/gobra/frontend/info/implementation/typing/MemberTyping.scala. Using presentation compiler with project's scala-library version: 3.3.5[0m
2025.05.09 14:45:12 INFO  no build target found for /Users/herzamos/Desktop/eth/fs25/practical-work/gobra/src/main/scala/viper/gobra/frontend/info/implementation/typing/MemberTyping.scala. Using presentation compiler with project's scala-library version: 3.3.5[0m
2025.05.09 14:45:12 INFO  no build target found for /Users/herzamos/Desktop/eth/fs25/practical-work/gobra/src/main/scala/viper/gobra/frontend/info/implementation/typing/MemberTyping.scala. Using presentation compiler with project's scala-library version: 3.3.5[0m
2025.05.09 14:45:13 INFO  no build target found for /Users/herzamos/Desktop/eth/fs25/practical-work/gobra/src/main/scala/viper/gobra/frontend/info/implementation/typing/MemberTyping.scala. Using presentation compiler with project's scala-library version: 3.3.5[0m
2025.05.09 14:45:13 INFO  no build target found for /Users/herzamos/Desktop/eth/fs25/practical-work/gobra/src/main/scala/viper/gobra/frontend/info/implementation/typing/MemberTyping.scala. Using presentation compiler with project's scala-library version: 3.3.5[0m
2025.05.09 14:45:15 INFO  no build target found for /Users/herzamos/Desktop/eth/fs25/practical-work/gobra/src/main/scala/viper/gobra/frontend/info/implementation/typing/MemberTyping.scala. Using presentation compiler with project's scala-library version: 3.3.5[0m
2025.05.09 14:45:15 INFO  no build target found for /Users/herzamos/Desktop/eth/fs25/practical-work/gobra/src/main/scala/viper/gobra/frontend/info/implementation/typing/MemberTyping.scala. Using presentation compiler with project's scala-library version: 3.3.5[0m
2025.05.09 14:45:15 INFO  no build target found for /Users/herzamos/Desktop/eth/fs25/practical-work/gobra/src/main/scala/viper/gobra/frontend/info/implementation/typing/MemberTyping.scala. Using presentation compiler with project's scala-library version: 3.3.5[0m
2025.05.09 14:45:16 INFO  no build target found for /Users/herzamos/Desktop/eth/fs25/practical-work/gobra/src/main/scala/viper/gobra/frontend/info/implementation/typing/MemberTyping.scala. Using presentation compiler with project's scala-library version: 3.3.5[0m
2025.05.09 14:45:16 INFO  no build target found for /Users/herzamos/Desktop/eth/fs25/practical-work/gobra/src/main/scala/viper/gobra/frontend/info/implementation/typing/MemberTyping.scala. Using presentation compiler with project's scala-library version: 3.3.5[0m
2025.05.09 14:45:19 INFO  no build target found for /Users/herzamos/Desktop/eth/fs25/practical-work/gobra/src/main/scala/viper/gobra/frontend/info/implementation/typing/MemberTyping.scala. Using presentation compiler with project's scala-library version: 3.3.5[0m
2025.05.09 14:45:19 INFO  no build target found for /Users/herzamos/Desktop/eth/fs25/practical-work/gobra/src/main/scala/viper/gobra/frontend/info/implementation/typing/MemberTyping.scala. Using presentation compiler with project's scala-library version: 3.3.5[0m
2025.05.09 14:45:19 INFO  no build target found for /Users/herzamos/Desktop/eth/fs25/practical-work/gobra/src/main/scala/viper/gobra/frontend/info/implementation/typing/MemberTyping.scala. Using presentation compiler with project's scala-library version: 3.3.5[0m
2025.05.09 14:45:21 INFO  no build target found for /Users/herzamos/Desktop/eth/fs25/practical-work/gobra/src/main/scala/viper/gobra/frontend/info/implementation/typing/MemberTyping.scala. Using presentation compiler with project's scala-library version: 3.3.5[0m
2025.05.09 14:45:21 INFO  no build target found for /Users/herzamos/Desktop/eth/fs25/practical-work/gobra/src/main/scala/viper/gobra/frontend/info/implementation/typing/MemberTyping.scala. Using presentation compiler with project's scala-library version: 3.3.5[0m
2025.05.09 14:45:22 INFO  no build target found for /Users/herzamos/Desktop/eth/fs25/practical-work/gobra/src/main/scala/viper/gobra/frontend/info/implementation/typing/MemberTyping.scala. Using presentation compiler with project's scala-library version: 3.3.5[0m
2025.05.09 14:45:22 INFO  no build target found for /Users/herzamos/Desktop/eth/fs25/practical-work/gobra/src/main/scala/viper/gobra/frontend/info/implementation/typing/MemberTyping.scala. Using presentation compiler with project's scala-library version: 3.3.5[0m
2025.05.09 14:45:40 INFO  no build target found for /Users/herzamos/Desktop/eth/fs25/practical-work/gobra/src/main/scala/viper/gobra/frontend/info/implementation/typing/MemberTyping.scala. Using presentation compiler with project's scala-library version: 3.3.5[0m
2025.05.09 14:45:40 INFO  no build target found for /Users/herzamos/Desktop/eth/fs25/practical-work/gobra/src/main/scala/viper/gobra/frontend/info/implementation/typing/MemberTyping.scala. Using presentation compiler with project's scala-library version: 3.3.5[0m
2025.05.09 14:45:40 INFO  no build target found for /Users/herzamos/Desktop/eth/fs25/practical-work/gobra/src/main/scala/viper/gobra/frontend/info/implementation/typing/MemberTyping.scala. Using presentation compiler with project's scala-library version: 3.3.5[0m
2025.05.09 14:45:40 INFO  no build target found for /Users/herzamos/Desktop/eth/fs25/practical-work/gobra/src/main/scala/viper/gobra/frontend/info/implementation/typing/MemberTyping.scala. Using presentation compiler with project's scala-library version: 3.3.5[0m
2025.05.09 14:45:40 INFO  no build target found for /Users/herzamos/Desktop/eth/fs25/practical-work/gobra/src/main/scala/viper/gobra/frontend/info/implementation/typing/MemberTyping.scala. Using presentation compiler with project's scala-library version: 3.3.5[0m
2025.05.09 14:45:40 INFO  no build target found for /Users/herzamos/Desktop/eth/fs25/practical-work/gobra/src/main/scala/viper/gobra/frontend/info/implementation/typing/MemberTyping.scala. Using presentation compiler with project's scala-library version: 3.3.5[0m
2025.05.09 14:45:40 INFO  no build target found for /Users/herzamos/Desktop/eth/fs25/practical-work/gobra/src/main/scala/viper/gobra/frontend/info/implementation/typing/MemberTyping.scala. Using presentation compiler with project's scala-library version: 3.3.5[0m
2025.05.09 14:45:40 INFO  no build target found for /Users/herzamos/Desktop/eth/fs25/practical-work/gobra/src/main/scala/viper/gobra/frontend/info/implementation/typing/MemberTyping.scala. Using presentation compiler with project's scala-library version: 3.3.5[0m
2025.05.09 14:45:40 INFO  no build target found for /Users/herzamos/Desktop/eth/fs25/practical-work/gobra/src/main/scala/viper/gobra/frontend/info/implementation/typing/MemberTyping.scala. Using presentation compiler with project's scala-library version: 3.3.5[0m
2025.05.09 14:45:40 INFO  no build target found for /Users/herzamos/Desktop/eth/fs25/practical-work/gobra/src/main/scala/viper/gobra/frontend/info/implementation/typing/MemberTyping.scala. Using presentation compiler with project's scala-library version: 3.3.5[0m
2025.05.09 14:45:41 INFO  no build target found for /Users/herzamos/Desktop/eth/fs25/practical-work/gobra/src/main/scala/viper/gobra/frontend/info/implementation/typing/MemberTyping.scala. Using presentation compiler with project's scala-library version: 3.3.5[0m
2025.05.09 14:45:41 INFO  no build target found for /Users/herzamos/Desktop/eth/fs25/practical-work/gobra/src/main/scala/viper/gobra/frontend/info/implementation/typing/MemberTyping.scala. Using presentation compiler with project's scala-library version: 3.3.5[0m
2025.05.09 14:45:41 INFO  no build target found for /Users/herzamos/Desktop/eth/fs25/practical-work/gobra/src/main/scala/viper/gobra/frontend/info/implementation/typing/MemberTyping.scala. Using presentation compiler with project's scala-library version: 3.3.5[0m
2025.05.09 14:45:41 INFO  no build target found for /Users/herzamos/Desktop/eth/fs25/practical-work/gobra/src/main/scala/viper/gobra/frontend/info/implementation/typing/MemberTyping.scala. Using presentation compiler with project's scala-library version: 3.3.5[0m
2025.05.09 14:45:41 INFO  no build target found for /Users/herzamos/Desktop/eth/fs25/practical-work/gobra/src/main/scala/viper/gobra/frontend/info/implementation/typing/MemberTyping.scala. Using presentation compiler with project's scala-library version: 3.3.5[0m
2025.05.09 14:45:41 INFO  no build target found for /Users/herzamos/Desktop/eth/fs25/practical-work/gobra/src/main/scala/viper/gobra/frontend/info/implementation/typing/MemberTyping.scala. Using presentation compiler with project's scala-library version: 3.3.5[0m
2025.05.09 14:45:41 INFO  no build target found for /Users/herzamos/Desktop/eth/fs25/practical-work/gobra/src/main/scala/viper/gobra/frontend/info/implementation/typing/MemberTyping.scala. Using presentation compiler with project's scala-library version: 3.3.5[0m
2025.05.09 14:45:41 INFO  no build target found for /Users/herzamos/Desktop/eth/fs25/practical-work/gobra/src/main/scala/viper/gobra/frontend/info/implementation/typing/MemberTyping.scala. Using presentation compiler with project's scala-library version: 3.3.5[0m
2025.05.09 14:45:41 INFO  no build target found for /Users/herzamos/Desktop/eth/fs25/practical-work/gobra/src/main/scala/viper/gobra/frontend/info/implementation/typing/MemberTyping.scala. Using presentation compiler with project's scala-library version: 3.3.5[0m
2025.05.09 14:45:41 INFO  no build target found for /Users/herzamos/Desktop/eth/fs25/practical-work/gobra/src/main/scala/viper/gobra/frontend/info/implementation/typing/MemberTyping.scala. Using presentation compiler with project's scala-library version: 3.3.5[0m
2025.05.09 14:45:41 INFO  no build target found for /Users/herzamos/Desktop/eth/fs25/practical-work/gobra/src/main/scala/viper/gobra/frontend/info/implementation/typing/MemberTyping.scala. Using presentation compiler with project's scala-library version: 3.3.5[0m
2025.05.09 14:45:41 INFO  no build target found for /Users/herzamos/Desktop/eth/fs25/practical-work/gobra/src/main/scala/viper/gobra/frontend/info/implementation/typing/MemberTyping.scala. Using presentation compiler with project's scala-library version: 3.3.5[0m
2025.05.09 14:45:41 INFO  no build target found for /Users/herzamos/Desktop/eth/fs25/practical-work/gobra/src/main/scala/viper/gobra/frontend/info/implementation/typing/MemberTyping.scala. Using presentation compiler with project's scala-library version: 3.3.5[0m
2025.05.09 14:45:41 INFO  no build target found for /Users/herzamos/Desktop/eth/fs25/practical-work/gobra/src/main/scala/viper/gobra/frontend/info/implementation/typing/MemberTyping.scala. Using presentation compiler with project's scala-library version: 3.3.5[0m
2025.05.09 14:45:42 INFO  no build target found for /Users/herzamos/Desktop/eth/fs25/practical-work/gobra/src/main/scala/viper/gobra/frontend/info/implementation/typing/MemberTyping.scala. Using presentation compiler with project's scala-library version: 3.3.5[0m
2025.05.09 14:45:42 INFO  no build target found for /Users/herzamos/Desktop/eth/fs25/practical-work/gobra/src/main/scala/viper/gobra/frontend/info/implementation/typing/MemberTyping.scala. Using presentation compiler with project's scala-library version: 3.3.5[0m
2025.05.09 14:45:42 INFO  no build target found for /Users/herzamos/Desktop/eth/fs25/practical-work/gobra/src/main/scala/viper/gobra/frontend/info/implementation/typing/MemberTyping.scala. Using presentation compiler with project's scala-library version: 3.3.5[0m
2025.05.09 14:45:42 INFO  no build target found for /Users/herzamos/Desktop/eth/fs25/practical-work/gobra/src/main/scala/viper/gobra/frontend/info/implementation/typing/MemberTyping.scala. Using presentation compiler with project's scala-library version: 3.3.5[0m
2025.05.09 14:45:42 INFO  no build target found for /Users/herzamos/Desktop/eth/fs25/practical-work/gobra/src/main/scala/viper/gobra/frontend/info/implementation/typing/MemberTyping.scala. Using presentation compiler with project's scala-library version: 3.3.5[0m
2025.05.09 14:45:42 INFO  no build target found for /Users/herzamos/Desktop/eth/fs25/practical-work/gobra/src/main/scala/viper/gobra/frontend/info/implementation/typing/MemberTyping.scala. Using presentation compiler with project's scala-library version: 3.3.5[0m
2025.05.09 14:45:42 INFO  no build target found for /Users/herzamos/Desktop/eth/fs25/practical-work/gobra/src/main/scala/viper/gobra/frontend/info/implementation/typing/MemberTyping.scala. Using presentation compiler with project's scala-library version: 3.3.5[0m
2025.05.09 14:45:42 INFO  no build target found for /Users/herzamos/Desktop/eth/fs25/practical-work/gobra/src/main/scala/viper/gobra/frontend/info/implementation/typing/MemberTyping.scala. Using presentation compiler with project's scala-library version: 3.3.5[0m
2025.05.09 14:45:43 INFO  no build target found for /Users/herzamos/Desktop/eth/fs25/practical-work/gobra/src/main/scala/viper/gobra/frontend/info/implementation/typing/MemberTyping.scala. Using presentation compiler with project's scala-library version: 3.3.5[0m
2025.05.09 14:45:43 INFO  no build target found for /Users/herzamos/Desktop/eth/fs25/practical-work/gobra/src/main/scala/viper/gobra/frontend/info/implementation/typing/MemberTyping.scala. Using presentation compiler with project's scala-library version: 3.3.5[0m
2025.05.09 14:45:43 INFO  no build target found for /Users/herzamos/Desktop/eth/fs25/practical-work/gobra/src/main/scala/viper/gobra/frontend/info/implementation/typing/MemberTyping.scala. Using presentation compiler with project's scala-library version: 3.3.5[0m
2025.05.09 14:45:43 INFO  no build target found for /Users/herzamos/Desktop/eth/fs25/practical-work/gobra/src/main/scala/viper/gobra/frontend/info/implementation/typing/MemberTyping.scala. Using presentation compiler with project's scala-library version: 3.3.5[0m
2025.05.09 14:45:43 INFO  no build target found for /Users/herzamos/Desktop/eth/fs25/practical-work/gobra/src/main/scala/viper/gobra/frontend/info/implementation/typing/MemberTyping.scala. Using presentation compiler with project's scala-library version: 3.3.5[0m
2025.05.09 14:45:43 INFO  no build target found for /Users/herzamos/Desktop/eth/fs25/practical-work/gobra/src/main/scala/viper/gobra/frontend/info/implementation/typing/MemberTyping.scala. Using presentation compiler with project's scala-library version: 3.3.5[0m
2025.05.09 14:45:44 INFO  no build target found for /Users/herzamos/Desktop/eth/fs25/practical-work/gobra/src/main/scala/viper/gobra/frontend/info/implementation/typing/MemberTyping.scala. Using presentation compiler with project's scala-library version: 3.3.5[0m
2025.05.09 14:45:44 INFO  no build target found for /Users/herzamos/Desktop/eth/fs25/practical-work/gobra/src/main/scala/viper/gobra/frontend/info/implementation/typing/MemberTyping.scala. Using presentation compiler with project's scala-library version: 3.3.5[0m
2025.05.09 14:45:44 INFO  no build target found for /Users/herzamos/Desktop/eth/fs25/practical-work/gobra/src/main/scala/viper/gobra/frontend/info/implementation/typing/MemberTyping.scala. Using presentation compiler with project's scala-library version: 3.3.5[0m
2025.05.09 14:45:44 INFO  no build target found for /Users/herzamos/Desktop/eth/fs25/practical-work/gobra/src/main/scala/viper/gobra/frontend/info/implementation/typing/MemberTyping.scala. Using presentation compiler with project's scala-library version: 3.3.5[0m
2025.05.09 14:45:44 INFO  no build target found for /Users/herzamos/Desktop/eth/fs25/practical-work/gobra/src/main/scala/viper/gobra/frontend/info/implementation/typing/MemberTyping.scala. Using presentation compiler with project's scala-library version: 3.3.5[0m
2025.05.09 14:45:44 INFO  no build target found for /Users/herzamos/Desktop/eth/fs25/practical-work/gobra/src/main/scala/viper/gobra/frontend/info/implementation/typing/MemberTyping.scala. Using presentation compiler with project's scala-library version: 3.3.5[0m
2025.05.09 14:45:44 INFO  no build target found for /Users/herzamos/Desktop/eth/fs25/practical-work/gobra/src/main/scala/viper/gobra/frontend/info/implementation/typing/MemberTyping.scala. Using presentation compiler with project's scala-library version: 3.3.5[0m
2025.05.09 14:45:44 INFO  no build target found for /Users/herzamos/Desktop/eth/fs25/practical-work/gobra/src/main/scala/viper/gobra/frontend/info/implementation/typing/MemberTyping.scala. Using presentation compiler with project's scala-library version: 3.3.5[0m
2025.05.09 14:45:46 INFO  no build target found for /Users/herzamos/Desktop/eth/fs25/practical-work/gobra/src/main/scala/viper/gobra/frontend/info/implementation/typing/MemberTyping.scala. Using presentation compiler with project's scala-library version: 3.3.5[0m
2025.05.09 14:45:46 INFO  no build target found for /Users/herzamos/Desktop/eth/fs25/practical-work/gobra/src/main/scala/viper/gobra/frontend/info/implementation/typing/MemberTyping.scala. Using presentation compiler with project's scala-library version: 3.3.5[0m
2025.05.09 14:45:46 INFO  no build target found for /Users/herzamos/Desktop/eth/fs25/practical-work/gobra/src/main/scala/viper/gobra/frontend/info/implementation/typing/MemberTyping.scala. Using presentation compiler with project's scala-library version: 3.3.5[0m
2025.05.09 14:45:46 INFO  no build target found for /Users/herzamos/Desktop/eth/fs25/practical-work/gobra/src/main/scala/viper/gobra/frontend/info/implementation/typing/MemberTyping.scala. Using presentation compiler with project's scala-library version: 3.3.5[0m
2025.05.09 14:45:46 INFO  no build target found for /Users/herzamos/Desktop/eth/fs25/practical-work/gobra/src/main/scala/viper/gobra/frontend/info/implementation/typing/MemberTyping.scala. Using presentation compiler with project's scala-library version: 3.3.5[0m
2025.05.09 14:45:46 INFO  no build target found for /Users/herzamos/Desktop/eth/fs25/practical-work/gobra/src/main/scala/viper/gobra/frontend/info/implementation/typing/MemberTyping.scala. Using presentation compiler with project's scala-library version: 3.3.5[0m
2025.05.09 14:45:47 INFO  no build target found for /Users/herzamos/Desktop/eth/fs25/practical-work/gobra/src/main/scala/viper/gobra/frontend/info/implementation/typing/MemberTyping.scala. Using presentation compiler with project's scala-library version: 3.3.5[0m
2025.05.09 14:45:47 INFO  no build target found for /Users/herzamos/Desktop/eth/fs25/practical-work/gobra/src/main/scala/viper/gobra/frontend/info/implementation/typing/MemberTyping.scala. Using presentation compiler with project's scala-library version: 3.3.5[0m
2025.05.09 14:45:47 INFO  no build target found for /Users/herzamos/Desktop/eth/fs25/practical-work/gobra/src/main/scala/viper/gobra/frontend/info/implementation/typing/MemberTyping.scala. Using presentation compiler with project's scala-library version: 3.3.5[0m
2025.05.09 14:45:47 INFO  no build target found for /Users/herzamos/Desktop/eth/fs25/practical-work/gobra/src/main/scala/viper/gobra/frontend/info/implementation/typing/MemberTyping.scala. Using presentation compiler with project's scala-library version: 3.3.5[0m
2025.05.09 14:45:47 INFO  no build target found for /Users/herzamos/Desktop/eth/fs25/practical-work/gobra/src/main/scala/viper/gobra/frontend/info/implementation/typing/MemberTyping.scala. Using presentation compiler with project's scala-library version: 3.3.5[0m
2025.05.09 14:45:48 INFO  no build target found for /Users/herzamos/Desktop/eth/fs25/practical-work/gobra/src/main/scala/viper/gobra/frontend/info/implementation/typing/MemberTyping.scala. Using presentation compiler with project's scala-library version: 3.3.5[0m
2025.05.09 14:45:48 INFO  no build target found for /Users/herzamos/Desktop/eth/fs25/practical-work/gobra/src/main/scala/viper/gobra/frontend/info/implementation/typing/MemberTyping.scala. Using presentation compiler with project's scala-library version: 3.3.5[0m
2025.05.09 14:45:48 INFO  no build target found for /Users/herzamos/Desktop/eth/fs25/practical-work/gobra/src/main/scala/viper/gobra/frontend/info/implementation/typing/MemberTyping.scala. Using presentation compiler with project's scala-library version: 3.3.5[0m
2025.05.09 14:45:48 INFO  no build target found for /Users/herzamos/Desktop/eth/fs25/practical-work/gobra/src/main/scala/viper/gobra/frontend/info/implementation/typing/MemberTyping.scala. Using presentation compiler with project's scala-library version: 3.3.5[0m
2025.05.09 14:45:48 INFO  no build target found for /Users/herzamos/Desktop/eth/fs25/practical-work/gobra/src/main/scala/viper/gobra/frontend/info/implementation/typing/MemberTyping.scala. Using presentation compiler with project's scala-library version: 3.3.5[0m
2025.05.09 14:45:48 INFO  no build target found for /Users/herzamos/Desktop/eth/fs25/practical-work/gobra/src/main/scala/viper/gobra/frontend/info/implementation/typing/MemberTyping.scala. Using presentation compiler with project's scala-library version: 3.3.5[0m
2025.05.09 14:45:48 INFO  no build target found for /Users/herzamos/Desktop/eth/fs25/practical-work/gobra/src/main/scala/viper/gobra/frontend/info/implementation/typing/MemberTyping.scala. Using presentation compiler with project's scala-library version: 3.3.5[0m
2025.05.09 14:45:49 INFO  no build target found for /Users/herzamos/Desktop/eth/fs25/practical-work/gobra/src/main/scala/viper/gobra/frontend/info/implementation/typing/MemberTyping.scala. Using presentation compiler with project's scala-library version: 3.3.5[0m
2025.05.09 14:45:49 INFO  no build target found for /Users/herzamos/Desktop/eth/fs25/practical-work/gobra/src/main/scala/viper/gobra/frontend/info/implementation/typing/MemberTyping.scala. Using presentation compiler with project's scala-library version: 3.3.5[0m
2025.05.09 14:45:49 INFO  no build target found for /Users/herzamos/Desktop/eth/fs25/practical-work/gobra/src/main/scala/viper/gobra/frontend/info/implementation/typing/MemberTyping.scala. Using presentation compiler with project's scala-library version: 3.3.5[0m
2025.05.09 14:45:49 INFO  no build target found for /Users/herzamos/Desktop/eth/fs25/practical-work/gobra/src/main/scala/viper/gobra/frontend/info/implementation/typing/MemberTyping.scala. Using presentation compiler with project's scala-library version: 3.3.5[0m
2025.05.09 14:45:51 INFO  no build target found for /Users/herzamos/Desktop/eth/fs25/practical-work/gobra/src/main/scala/viper/gobra/frontend/info/implementation/typing/MemberTyping.scala. Using presentation compiler with project's scala-library version: 3.3.5[0m
2025.05.09 14:45:51 INFO  no build target found for /Users/herzamos/Desktop/eth/fs25/practical-work/gobra/src/main/scala/viper/gobra/frontend/info/implementation/typing/MemberTyping.scala. Using presentation compiler with project's scala-library version: 3.3.5[0m
2025.05.09 14:45:51 INFO  no build target found for /Users/herzamos/Desktop/eth/fs25/practical-work/gobra/src/main/scala/viper/gobra/frontend/info/implementation/typing/MemberTyping.scala. Using presentation compiler with project's scala-library version: 3.3.5[0m
2025.05.09 14:45:51 INFO  no build target found for /Users/herzamos/Desktop/eth/fs25/practical-work/gobra/src/main/scala/viper/gobra/frontend/info/implementation/typing/MemberTyping.scala. Using presentation compiler with project's scala-library version: 3.3.5[0m
2025.05.09 14:45:52 INFO  no build target found for /Users/herzamos/Desktop/eth/fs25/practical-work/gobra/src/main/scala/viper/gobra/frontend/info/implementation/typing/MemberTyping.scala. Using presentation compiler with project's scala-library version: 3.3.5[0m
2025.05.09 14:45:52 INFO  no build target found for /Users/herzamos/Desktop/eth/fs25/practical-work/gobra/src/main/scala/viper/gobra/frontend/info/implementation/typing/MemberTyping.scala. Using presentation compiler with project's scala-library version: 3.3.5[0m
2025.05.09 14:45:52 INFO  no build target found for /Users/herzamos/Desktop/eth/fs25/practical-work/gobra/src/main/scala/viper/gobra/frontend/info/implementation/typing/MemberTyping.scala. Using presentation compiler with project's scala-library version: 3.3.5[0m
2025.05.09 14:45:52 WARN  no build target for: /Users/herzamos/Desktop/eth/fs25/practical-work/gobra/src/main/scala/viper/gobra/frontend/info/implementation/typing/MemberTyping.scala[0m
May 09, 2025 2:45:52 PM scala.meta.internal.metals.StdReporter $anonfun$create$1
WARNING: empty definition using pc, found symbol in pc: filter. (full report at: /Users/herzamos/Desktop/eth/fs25/practical-work/.metals/.reports/metals-full/2025-05-09/r_empty-definition_14-45-52-450.md)
2025.05.09 14:45:53 INFO  no build target found for /Users/herzamos/Desktop/eth/fs25/practical-work/gobra/src/main/scala/viper/gobra/frontend/info/implementation/typing/MemberTyping.scala. Using presentation compiler with project's scala-library version: 3.3.5[0m
2025.05.09 14:45:53 INFO  no build target found for /Users/herzamos/Desktop/eth/fs25/practical-work/gobra/src/main/scala/viper/gobra/frontend/info/implementation/typing/MemberTyping.scala. Using presentation compiler with project's scala-library version: 3.3.5[0m
2025.05.09 14:45:55 INFO  no build target found for /Users/herzamos/Desktop/eth/fs25/practical-work/gobra/src/main/scala/viper/gobra/frontend/info/implementation/typing/MemberTyping.scala. Using presentation compiler with project's scala-library version: 3.3.5[0m
2025.05.09 14:45:56 INFO  no build target found for /Users/herzamos/Desktop/eth/fs25/practical-work/gobra/src/main/scala/viper/gobra/frontend/info/implementation/typing/MemberTyping.scala. Using presentation compiler with project's scala-library version: 3.3.5[0m
2025.05.09 14:45:58 INFO  no build target found for /Users/herzamos/Desktop/eth/fs25/practical-work/gobra/src/main/scala/viper/gobra/frontend/info/implementation/typing/MemberTyping.scala. Using presentation compiler with project's scala-library version: 3.3.5[0m
2025.05.09 14:45:58 WARN  no build target for: /Users/herzamos/Desktop/eth/fs25/practical-work/gobra/src/main/scala/viper/gobra/frontend/info/implementation/typing/MemberTyping.scala[0m
2025.05.09 14:46:07 INFO  no build target found for /Users/herzamos/Desktop/eth/fs25/practical-work/gobra/src/main/scala/viper/gobra/frontend/info/implementation/typing/MemberTyping.scala. Using presentation compiler with project's scala-library version: 3.3.5[0m
2025.05.09 14:46:07 WARN  no build target for: /Users/herzamos/Desktop/eth/fs25/practical-work/gobra/src/main/scala/viper/gobra/frontend/info/implementation/typing/MemberTyping.scala[0m
2025.05.09 14:46:07 INFO  no build target found for /Users/herzamos/Desktop/eth/fs25/practical-work/gobra/src/main/scala/viper/gobra/frontend/info/implementation/typing/MemberTyping.scala. Using presentation compiler with project's scala-library version: 3.3.5[0m
2025.05.09 14:46:07 INFO  no build target found for /Users/herzamos/Desktop/eth/fs25/practical-work/gobra/src/main/scala/viper/gobra/frontend/info/implementation/typing/MemberTyping.scala. Using presentation compiler with project's scala-library version: 3.3.5[0m
2025.05.09 14:46:09 INFO  no build target found for /Users/herzamos/Desktop/eth/fs25/practical-work/gobra/src/main/scala/viper/gobra/frontend/info/implementation/typing/MemberTyping.scala. Using presentation compiler with project's scala-library version: 3.3.5[0m
2025.05.09 14:46:09 INFO  no build target found for /Users/herzamos/Desktop/eth/fs25/practical-work/gobra/src/main/scala/viper/gobra/frontend/info/implementation/typing/MemberTyping.scala. Using presentation compiler with project's scala-library version: 3.3.5[0m
2025.05.09 14:46:09 INFO  no build target found for /Users/herzamos/Desktop/eth/fs25/practical-work/gobra/src/main/scala/viper/gobra/frontend/info/implementation/typing/MemberTyping.scala. Using presentation compiler with project's scala-library version: 3.3.5[0m
2025.05.09 14:46:11 INFO  no build target found for /Users/herzamos/Desktop/eth/fs25/practical-work/gobra/src/main/scala/viper/gobra/frontend/info/implementation/typing/MemberTyping.scala. Using presentation compiler with project's scala-library version: 3.3.5[0m
2025.05.09 14:46:11 INFO  no build target found for /Users/herzamos/Desktop/eth/fs25/practical-work/gobra/src/main/scala/viper/gobra/frontend/info/implementation/typing/MemberTyping.scala. Using presentation compiler with project's scala-library version: 3.3.5[0m
2025.05.09 14:46:11 INFO  no build target found for /Users/herzamos/Desktop/eth/fs25/practical-work/gobra/src/main/scala/viper/gobra/frontend/info/implementation/typing/MemberTyping.scala. Using presentation compiler with project's scala-library version: 3.3.5[0m
2025.05.09 14:46:14 INFO  no build target found for /Users/herzamos/Desktop/eth/fs25/practical-work/gobra/src/main/scala/viper/gobra/frontend/info/implementation/typing/MemberTyping.scala. Using presentation compiler with project's scala-library version: 3.3.5[0m
2025.05.09 14:46:14 INFO  no build target found for /Users/herzamos/Desktop/eth/fs25/practical-work/gobra/src/main/scala/viper/gobra/frontend/info/implementation/typing/MemberTyping.scala. Using presentation compiler with project's scala-library version: 3.3.5[0m
2025.05.09 14:46:14 INFO  no build target found for /Users/herzamos/Desktop/eth/fs25/practical-work/gobra/src/main/scala/viper/gobra/frontend/info/implementation/typing/MemberTyping.scala. Using presentation compiler with project's scala-library version: 3.3.5[0m
2025.05.09 14:46:14 INFO  no build target found for /Users/herzamos/Desktop/eth/fs25/practical-work/gobra/src/main/scala/viper/gobra/frontend/info/implementation/typing/MemberTyping.scala. Using presentation compiler with project's scala-library version: 3.3.5[0m
2025.05.09 14:46:14 INFO  no build target found for /Users/herzamos/Desktop/eth/fs25/practical-work/gobra/src/main/scala/viper/gobra/frontend/info/implementation/typing/MemberTyping.scala. Using presentation compiler with project's scala-library version: 3.3.5[0m
2025.05.09 14:46:14 INFO  no build target found for /Users/herzamos/Desktop/eth/fs25/practical-work/gobra/src/main/scala/viper/gobra/frontend/info/implementation/typing/MemberTyping.scala. Using presentation compiler with project's scala-library version: 3.3.5[0m
2025.05.09 14:46:14 INFO  no build target found for /Users/herzamos/Desktop/eth/fs25/practical-work/gobra/src/main/scala/viper/gobra/frontend/info/implementation/typing/MemberTyping.scala. Using presentation compiler with project's scala-library version: 3.3.5[0m
2025.05.09 14:46:14 INFO  no build target found for /Users/herzamos/Desktop/eth/fs25/practical-work/gobra/src/main/scala/viper/gobra/frontend/info/implementation/typing/MemberTyping.scala. Using presentation compiler with project's scala-library version: 3.3.5[0m
2025.05.09 14:46:15 INFO  no build target found for /Users/herzamos/Desktop/eth/fs25/practical-work/gobra/src/main/scala/viper/gobra/frontend/info/implementation/typing/MemberTyping.scala. Using presentation compiler with project's scala-library version: 3.3.5[0m
2025.05.09 14:46:15 INFO  no build target found for /Users/herzamos/Desktop/eth/fs25/practical-work/gobra/src/main/scala/viper/gobra/frontend/info/implementation/typing/MemberTyping.scala. Using presentation compiler with project's scala-library version: 3.3.5[0m
2025.05.09 14:46:16 INFO  no build target found for /Users/herzamos/Desktop/eth/fs25/practical-work/gobra/src/main/scala/viper/gobra/frontend/info/implementation/typing/MemberTyping.scala. Using presentation compiler with project's scala-library version: 3.3.5[0m
2025.05.09 14:46:16 INFO  no build target found for /Users/herzamos/Desktop/eth/fs25/practical-work/gobra/src/main/scala/viper/gobra/frontend/info/implementation/typing/MemberTyping.scala. Using presentation compiler with project's scala-library version: 3.3.5[0m
2025.05.09 14:46:16 INFO  no build target found for /Users/herzamos/Desktop/eth/fs25/practical-work/gobra/src/main/scala/viper/gobra/frontend/info/implementation/typing/MemberTyping.scala. Using presentation compiler with project's scala-library version: 3.3.5[0m
2025.05.09 14:46:16 INFO  no build target found for /Users/herzamos/Desktop/eth/fs25/practical-work/gobra/src/main/scala/viper/gobra/frontend/info/implementation/typing/MemberTyping.scala. Using presentation compiler with project's scala-library version: 3.3.5[0m
2025.05.09 14:46:16 INFO  no build target found for /Users/herzamos/Desktop/eth/fs25/practical-work/gobra/src/main/scala/viper/gobra/frontend/info/implementation/typing/MemberTyping.scala. Using presentation compiler with project's scala-library version: 3.3.5[0m
2025.05.09 14:46:18 INFO  no build target found for /Users/herzamos/Desktop/eth/fs25/practical-work/gobra/src/main/scala/viper/gobra/frontend/info/implementation/typing/MemberTyping.scala. Using presentation compiler with project's scala-library version: 3.3.5[0m
2025.05.09 14:46:18 WARN  no build target for: /Users/herzamos/Desktop/eth/fs25/practical-work/gobra/src/main/scala/viper/gobra/frontend/info/implementation/typing/MemberTyping.scala[0m
2025.05.09 14:46:18 INFO  no build target found for /Users/herzamos/Desktop/eth/fs25/practical-work/gobra/src/main/scala/viper/gobra/frontend/info/implementation/typing/MemberTyping.scala. Using presentation compiler with project's scala-library version: 3.3.5[0m
2025.05.09 14:46:22 WARN  no build target for: /Users/herzamos/Desktop/eth/fs25/practical-work/gobra/src/main/scala/viper/gobra/frontend/info/implementation/typing/MemberTyping.scala[0m
2025.05.09 14:46:22 INFO  no build target found for /Users/herzamos/Desktop/eth/fs25/practical-work/gobra/src/main/scala/viper/gobra/frontend/info/implementation/typing/MemberTyping.scala. Using presentation compiler with project's scala-library version: 3.3.5[0m
2025.05.09 14:46:22 INFO  no build target found for /Users/herzamos/Desktop/eth/fs25/practical-work/gobra/src/main/scala/viper/gobra/frontend/info/implementation/typing/MemberTyping.scala. Using presentation compiler with project's scala-library version: 3.3.5[0m
2025.05.09 14:46:22 WARN  no build target for: /Users/herzamos/Desktop/eth/fs25/practical-work/gobra/src/main/scala/viper/gobra/frontend/info/implementation/typing/MemberTyping.scala[0m
2025.05.09 14:46:23 INFO  no build target found for /Users/herzamos/Desktop/eth/fs25/practical-work/gobra/src/main/scala/viper/gobra/frontend/info/implementation/typing/MemberTyping.scala. Using presentation compiler with project's scala-library version: 3.3.5[0m
2025.05.09 14:46:23 INFO  no build target found for /Users/herzamos/Desktop/eth/fs25/practical-work/gobra/src/main/scala/viper/gobra/frontend/info/implementation/typing/MemberTyping.scala. Using presentation compiler with project's scala-library version: 3.3.5[0m
2025.05.09 14:46:24 INFO  no build target found for /Users/herzamos/Desktop/eth/fs25/practical-work/gobra/src/main/scala/viper/gobra/frontend/info/implementation/typing/MemberTyping.scala. Using presentation compiler with project's scala-library version: 3.3.5[0m
May 09, 2025 2:46:24 PM scala.meta.internal.metals.StdReporter $anonfun$create$1
WARNING: empty definition using pc, found symbol in pc: `<none>`. (full report at: /Users/herzamos/Desktop/eth/fs25/practical-work/.metals/.reports/metals-full/2025-05-09/r_empty-definition_14-31-07-848.md)
2025.05.09 14:46:24 INFO  no build target found for /Users/herzamos/Desktop/eth/fs25/practical-work/gobra/src/main/scala/viper/gobra/frontend/info/implementation/typing/MemberTyping.scala. Using presentation compiler with project's scala-library version: 3.3.5[0m
May 09, 2025 2:46:25 PM scala.meta.internal.metals.StdReporter $anonfun$create$1
WARNING: empty definition using pc, found symbol in pc: `<none>`. (full report at: /Users/herzamos/Desktop/eth/fs25/practical-work/.metals/.reports/metals-full/2025-05-09/r_empty-definition_14-31-07-848.md)
2025.05.09 14:46:25 INFO  no build target found for /Users/herzamos/Desktop/eth/fs25/practical-work/gobra/src/main/scala/viper/gobra/frontend/info/implementation/typing/MemberTyping.scala. Using presentation compiler with project's scala-library version: 3.3.5[0m
2025.05.09 14:46:25 INFO  no build target found for /Users/herzamos/Desktop/eth/fs25/practical-work/gobra/src/main/scala/viper/gobra/frontend/info/implementation/typing/MemberTyping.scala. Using presentation compiler with project's scala-library version: 3.3.5[0m
2025.05.09 14:46:25 INFO  no build target found for /Users/herzamos/Desktop/eth/fs25/practical-work/gobra/src/main/scala/viper/gobra/frontend/info/implementation/typing/MemberTyping.scala. Using presentation compiler with project's scala-library version: 3.3.5[0m
2025.05.09 14:46:25 INFO  no build target found for /Users/herzamos/Desktop/eth/fs25/practical-work/gobra/src/main/scala/viper/gobra/frontend/info/implementation/typing/MemberTyping.scala. Using presentation compiler with project's scala-library version: 3.3.5[0m
2025.05.09 14:46:26 INFO  no build target found for /Users/herzamos/Desktop/eth/fs25/practical-work/gobra/src/main/scala/viper/gobra/frontend/info/implementation/typing/MemberTyping.scala. Using presentation compiler with project's scala-library version: 3.3.5[0m
2025.05.09 14:46:26 INFO  no build target found for /Users/herzamos/Desktop/eth/fs25/practical-work/gobra/src/main/scala/viper/gobra/frontend/info/implementation/typing/MemberTyping.scala. Using presentation compiler with project's scala-library version: 3.3.5[0m
2025.05.09 14:46:33 INFO  no build target found for /Users/herzamos/Desktop/eth/fs25/practical-work/gobra/src/main/scala/viper/gobra/frontend/info/implementation/typing/MemberTyping.scala. Using presentation compiler with project's scala-library version: 3.3.5[0m
2025.05.09 14:46:33 INFO  no build target found for /Users/herzamos/Desktop/eth/fs25/practical-work/gobra/src/main/scala/viper/gobra/frontend/info/implementation/typing/MemberTyping.scala. Using presentation compiler with project's scala-library version: 3.3.5[0m
2025.05.09 14:46:33 INFO  no build target found for /Users/herzamos/Desktop/eth/fs25/practical-work/gobra/src/main/scala/viper/gobra/frontend/info/implementation/typing/MemberTyping.scala. Using presentation compiler with project's scala-library version: 3.3.5[0m
2025.05.09 14:46:36 INFO  no build target found for /Users/herzamos/Desktop/eth/fs25/practical-work/gobra/src/main/scala/viper/gobra/frontend/info/implementation/typing/MemberTyping.scala. Using presentation compiler with project's scala-library version: 3.3.5[0m
2025.05.09 14:46:37 INFO  no build target found for /Users/herzamos/Desktop/eth/fs25/practical-work/gobra/src/main/scala/viper/gobra/frontend/info/implementation/typing/MemberTyping.scala. Using presentation compiler with project's scala-library version: 3.3.5[0m
2025.05.09 14:46:37 INFO  no build target found for /Users/herzamos/Desktop/eth/fs25/practical-work/gobra/src/main/scala/viper/gobra/frontend/info/implementation/typing/MemberTyping.scala. Using presentation compiler with project's scala-library version: 3.3.5[0m
2025.05.09 14:46:37 INFO  no build target found for /Users/herzamos/Desktop/eth/fs25/practical-work/gobra/src/main/scala/viper/gobra/frontend/info/implementation/typing/MemberTyping.scala. Using presentation compiler with project's scala-library version: 3.3.5[0m
2025.05.09 14:46:37 INFO  no build target found for /Users/herzamos/Desktop/eth/fs25/practical-work/gobra/src/main/scala/viper/gobra/frontend/info/implementation/typing/MemberTyping.scala. Using presentation compiler with project's scala-library version: 3.3.5[0m
2025.05.09 14:46:38 INFO  no build target found for /Users/herzamos/Desktop/eth/fs25/practical-work/gobra/src/main/scala/viper/gobra/frontend/info/implementation/typing/MemberTyping.scala. Using presentation compiler with project's scala-library version: 3.3.5[0m
2025.05.09 14:46:38 INFO  no build target found for /Users/herzamos/Desktop/eth/fs25/practical-work/gobra/src/main/scala/viper/gobra/frontend/info/implementation/typing/MemberTyping.scala. Using presentation compiler with project's scala-library version: 3.3.5[0m
2025.05.09 14:46:41 INFO  no build target found for /Users/herzamos/Desktop/eth/fs25/practical-work/gobra/src/main/scala/viper/gobra/frontend/info/implementation/typing/MemberTyping.scala. Using presentation compiler with project's scala-library version: 3.3.5[0m
2025.05.09 14:46:42 INFO  no build target found for /Users/herzamos/Desktop/eth/fs25/practical-work/gobra/src/main/scala/viper/gobra/ast/frontend/Ast.scala. Using presentation compiler with project's scala-library version: 3.3.5[0m
2025.05.09 14:46:42 WARN  no build target for: /Users/herzamos/Desktop/eth/fs25/practical-work/gobra/src/main/scala/viper/gobra/ast/frontend/Ast.scala[0m
2025.05.09 14:46:42 INFO  no build target found for /Users/herzamos/Desktop/eth/fs25/practical-work/gobra/src/main/scala/viper/gobra/ast/frontend/Ast.scala. Using presentation compiler with project's scala-library version: 3.3.5[0m
2025.05.09 14:46:42 INFO  no build target found for /Users/herzamos/Desktop/eth/fs25/practical-work/gobra/src/main/scala/viper/gobra/ast/frontend/Ast.scala. Using presentation compiler with project's scala-library version: 3.3.5[0m
2025.05.09 14:46:44 INFO  no build target found for /Users/herzamos/Desktop/eth/fs25/practical-work/gobra/src/main/scala/viper/gobra/ast/frontend/Ast.scala. Using presentation compiler with project's scala-library version: 3.3.5[0m
2025.05.09 14:46:44 INFO  no build target found for /Users/herzamos/Desktop/eth/fs25/practical-work/gobra/src/main/scala/viper/gobra/ast/frontend/Ast.scala. Using presentation compiler with project's scala-library version: 3.3.5[0m
May 09, 2025 2:46:44 PM scala.meta.internal.metals.StdReporter $anonfun$create$1
WARNING: empty definition using pc, found symbol in pc: `<none>`. (full report at: /Users/herzamos/Desktop/eth/fs25/practical-work/.metals/.reports/metals-full/2025-05-09/r_empty-definition_14-31-07-848.md)
2025.05.09 14:46:44 INFO  no build target found for /Users/herzamos/Desktop/eth/fs25/practical-work/gobra/src/main/scala/viper/gobra/ast/frontend/Ast.scala. Using presentation compiler with project's scala-library version: 3.3.5[0m
May 09, 2025 2:46:44 PM scala.meta.internal.metals.StdReporter $anonfun$create$1
WARNING: empty definition using pc, found symbol in pc: `<none>`. (full report at: /Users/herzamos/Desktop/eth/fs25/practical-work/.metals/.reports/metals-full/2025-05-09/r_empty-definition_14-31-07-848.md)
2025.05.09 14:46:44 INFO  no build target found for /Users/herzamos/Desktop/eth/fs25/practical-work/gobra/src/main/scala/viper/gobra/ast/frontend/Ast.scala. Using presentation compiler with project's scala-library version: 3.3.5[0m
2025.05.09 14:46:44 INFO  no build target found for /Users/herzamos/Desktop/eth/fs25/practical-work/gobra/src/main/scala/viper/gobra/ast/frontend/Ast.scala. Using presentation compiler with project's scala-library version: 3.3.5[0m
2025.05.09 14:46:44 INFO  no build target found for /Users/herzamos/Desktop/eth/fs25/practical-work/gobra/src/main/scala/viper/gobra/ast/frontend/Ast.scala. Using presentation compiler with project's scala-library version: 3.3.5[0m
2025.05.09 14:46:44 INFO  no build target found for /Users/herzamos/Desktop/eth/fs25/practical-work/gobra/src/main/scala/viper/gobra/ast/frontend/Ast.scala. Using presentation compiler with project's scala-library version: 3.3.5[0m
2025.05.09 14:46:46 INFO  no build target found for /Users/herzamos/Desktop/eth/fs25/practical-work/gobra/src/main/scala/viper/gobra/ast/frontend/Ast.scala. Using presentation compiler with project's scala-library version: 3.3.5[0m
2025.05.09 14:46:46 INFO  no build target found for /Users/herzamos/Desktop/eth/fs25/practical-work/gobra/src/main/scala/viper/gobra/ast/frontend/Ast.scala. Using presentation compiler with project's scala-library version: 3.3.5[0m
2025.05.09 14:46:46 INFO  no build target found for /Users/herzamos/Desktop/eth/fs25/practical-work/gobra/src/main/scala/viper/gobra/ast/frontend/Ast.scala. Using presentation compiler with project's scala-library version: 3.3.5[0m
2025.05.09 14:46:47 INFO  no build target found for /Users/herzamos/Desktop/eth/fs25/practical-work/gobra/src/main/scala/viper/gobra/ast/frontend/Ast.scala. Using presentation compiler with project's scala-library version: 3.3.5[0m
2025.05.09 14:46:50 INFO  no build target found for /Users/herzamos/Desktop/eth/fs25/practical-work/gobra/src/main/scala/viper/gobra/ast/frontend/Ast.scala. Using presentation compiler with project's scala-library version: 3.3.5[0m
2025.05.09 14:46:50 INFO  no build target found for /Users/herzamos/Desktop/eth/fs25/practical-work/gobra/src/main/scala/viper/gobra/ast/frontend/Ast.scala. Using presentation compiler with project's scala-library version: 3.3.5[0m
2025.05.09 14:46:50 INFO  no build target found for /Users/herzamos/Desktop/eth/fs25/practical-work/gobra/src/main/scala/viper/gobra/ast/frontend/Ast.scala. Using presentation compiler with project's scala-library version: 3.3.5[0m
2025.05.09 14:46:50 INFO  no build target found for /Users/herzamos/Desktop/eth/fs25/practical-work/gobra/src/main/scala/viper/gobra/ast/frontend/Ast.scala. Using presentation compiler with project's scala-library version: 3.3.5[0m
2025.05.09 14:46:52 INFO  no build target found for /Users/herzamos/Desktop/eth/fs25/practical-work/gobra/src/main/scala/viper/gobra/ast/frontend/Ast.scala. Using presentation compiler with project's scala-library version: 3.3.5[0m
2025.05.09 14:46:52 INFO  no build target found for /Users/herzamos/Desktop/eth/fs25/practical-work/gobra/src/main/scala/viper/gobra/ast/frontend/Ast.scala. Using presentation compiler with project's scala-library version: 3.3.5[0m
2025.05.09 14:46:52 INFO  no build target found for /Users/herzamos/Desktop/eth/fs25/practical-work/gobra/src/main/scala/viper/gobra/ast/frontend/Ast.scala. Using presentation compiler with project's scala-library version: 3.3.5[0m
2025.05.09 14:46:53 INFO  no build target found for /Users/herzamos/Desktop/eth/fs25/practical-work/gobra/src/main/scala/viper/gobra/ast/frontend/Ast.scala. Using presentation compiler with project's scala-library version: 3.3.5[0m
2025.05.09 14:47:00 INFO  no build target found for /Users/herzamos/Desktop/eth/fs25/practical-work/gobra/src/main/scala/viper/gobra/ast/frontend/Ast.scala. Using presentation compiler with project's scala-library version: 3.3.5[0m
2025.05.09 14:47:00 INFO  no build target found for /Users/herzamos/Desktop/eth/fs25/practical-work/gobra/src/main/scala/viper/gobra/ast/frontend/Ast.scala. Using presentation compiler with project's scala-library version: 3.3.5[0m
2025.05.09 14:47:00 INFO  no build target found for /Users/herzamos/Desktop/eth/fs25/practical-work/gobra/src/main/scala/viper/gobra/ast/frontend/Ast.scala. Using presentation compiler with project's scala-library version: 3.3.5[0m
2025.05.09 14:47:02 INFO  no build target found for /Users/herzamos/Desktop/eth/fs25/practical-work/gobra/src/main/scala/viper/gobra/ast/frontend/Ast.scala. Using presentation compiler with project's scala-library version: 3.3.5[0m
2025.05.09 14:47:02 INFO  no build target found for /Users/herzamos/Desktop/eth/fs25/practical-work/gobra/src/main/scala/viper/gobra/ast/frontend/Ast.scala. Using presentation compiler with project's scala-library version: 3.3.5[0m
2025.05.09 14:47:02 INFO  no build target found for /Users/herzamos/Desktop/eth/fs25/practical-work/gobra/src/main/scala/viper/gobra/ast/frontend/Ast.scala. Using presentation compiler with project's scala-library version: 3.3.5[0m
2025.05.09 14:47:03 INFO  no build target found for /Users/herzamos/Desktop/eth/fs25/practical-work/gobra/src/main/scala/viper/gobra/ast/frontend/Ast.scala. Using presentation compiler with project's scala-library version: 3.3.5[0m
2025.05.09 14:47:03 INFO  no build target found for /Users/herzamos/Desktop/eth/fs25/practical-work/gobra/src/main/scala/viper/gobra/ast/frontend/Ast.scala. Using presentation compiler with project's scala-library version: 3.3.5[0m
2025.05.09 14:47:05 INFO  no build target found for /Users/herzamos/Desktop/eth/fs25/practical-work/gobra/src/main/scala/viper/gobra/ast/frontend/Ast.scala. Using presentation compiler with project's scala-library version: 3.3.5[0m
2025.05.09 14:47:06 INFO  no build target found for /Users/herzamos/Desktop/eth/fs25/practical-work/gobra/src/main/scala/viper/gobra/ast/frontend/Ast.scala. Using presentation compiler with project's scala-library version: 3.3.5[0m
2025.05.09 14:47:06 INFO  no build target found for /Users/herzamos/Desktop/eth/fs25/practical-work/gobra/src/main/scala/viper/gobra/ast/frontend/Ast.scala. Using presentation compiler with project's scala-library version: 3.3.5[0m
2025.05.09 14:47:06 INFO  no build target found for /Users/herzamos/Desktop/eth/fs25/practical-work/gobra/src/main/scala/viper/gobra/ast/frontend/Ast.scala. Using presentation compiler with project's scala-library version: 3.3.5[0m
2025.05.09 14:47:06 INFO  no build target found for /Users/herzamos/Desktop/eth/fs25/practical-work/gobra/src/main/scala/viper/gobra/ast/frontend/Ast.scala. Using presentation compiler with project's scala-library version: 3.3.5[0m
2025.05.09 14:47:07 INFO  no build target found for /Users/herzamos/Desktop/eth/fs25/practical-work/gobra/src/main/scala/viper/gobra/ast/frontend/Ast.scala. Using presentation compiler with project's scala-library version: 3.3.5[0m
2025.05.09 14:47:08 INFO  no build target found for /Users/herzamos/Desktop/eth/fs25/practical-work/gobra/src/main/scala/viper/gobra/ast/frontend/Ast.scala. Using presentation compiler with project's scala-library version: 3.3.5[0m
2025.05.09 14:47:08 INFO  no build target found for /Users/herzamos/Desktop/eth/fs25/practical-work/gobra/src/main/scala/viper/gobra/ast/frontend/Ast.scala. Using presentation compiler with project's scala-library version: 3.3.5[0m
2025.05.09 14:47:10 INFO  no build target found for /Users/herzamos/Desktop/eth/fs25/practical-work/gobra/src/main/scala/viper/gobra/ast/frontend/Ast.scala. Using presentation compiler with project's scala-library version: 3.3.5[0m
2025.05.09 14:47:10 INFO  no build target found for /Users/herzamos/Desktop/eth/fs25/practical-work/gobra/src/main/scala/viper/gobra/ast/frontend/Ast.scala. Using presentation compiler with project's scala-library version: 3.3.5[0m
May 09, 2025 2:47:10 PM scala.meta.internal.metals.StdReporter $anonfun$create$1
WARNING: empty definition using pc, found symbol in pc: `<none>`. (full report at: /Users/herzamos/Desktop/eth/fs25/practical-work/.metals/.reports/metals-full/2025-05-09/r_empty-definition_14-31-07-848.md)
2025.05.09 14:47:10 INFO  no build target found for /Users/herzamos/Desktop/eth/fs25/practical-work/gobra/src/main/scala/viper/gobra/ast/frontend/Ast.scala. Using presentation compiler with project's scala-library version: 3.3.5[0m
2025.05.09 14:47:10 INFO  no build target found for /Users/herzamos/Desktop/eth/fs25/practical-work/gobra/src/main/scala/viper/gobra/ast/frontend/Ast.scala. Using presentation compiler with project's scala-library version: 3.3.5[0m
2025.05.09 14:47:10 INFO  no build target found for /Users/herzamos/Desktop/eth/fs25/practical-work/gobra/src/main/scala/viper/gobra/ast/frontend/Ast.scala. Using presentation compiler with project's scala-library version: 3.3.5[0m
2025.05.09 14:47:10 INFO  no build target found for /Users/herzamos/Desktop/eth/fs25/practical-work/gobra/src/main/scala/viper/gobra/ast/frontend/Ast.scala. Using presentation compiler with project's scala-library version: 3.3.5[0m
May 09, 2025 2:47:11 PM scala.meta.internal.metals.StdReporter $anonfun$create$1
WARNING: empty definition using pc, found symbol in pc: `<none>`. (full report at: /Users/herzamos/Desktop/eth/fs25/practical-work/.metals/.reports/metals-full/2025-05-09/r_empty-definition_14-31-07-848.md)
2025.05.09 14:47:15 INFO  no build target found for /Users/herzamos/Desktop/eth/fs25/practical-work/gobra/src/main/scala/viper/gobra/ast/frontend/Ast.scala. Using presentation compiler with project's scala-library version: 3.3.5[0m
2025.05.09 14:47:32 INFO  no build target found for /Users/herzamos/Desktop/eth/fs25/practical-work/gobra/src/main/scala/viper/gobra/ast/frontend/Ast.scala. Using presentation compiler with project's scala-library version: 3.3.5[0m
2025.05.09 14:47:32 INFO  no build target found for /Users/herzamos/Desktop/eth/fs25/practical-work/gobra/src/main/scala/viper/gobra/ast/frontend/Ast.scala. Using presentation compiler with project's scala-library version: 3.3.5[0m
2025.05.09 14:47:32 INFO  no build target found for /Users/herzamos/Desktop/eth/fs25/practical-work/gobra/src/main/scala/viper/gobra/ast/frontend/Ast.scala. Using presentation compiler with project's scala-library version: 3.3.5[0m
2025.05.09 14:47:32 INFO  no build target found for /Users/herzamos/Desktop/eth/fs25/practical-work/gobra/src/main/scala/viper/gobra/ast/frontend/Ast.scala. Using presentation compiler with project's scala-library version: 3.3.5[0m
2025.05.09 14:47:32 INFO  no build target found for /Users/herzamos/Desktop/eth/fs25/practical-work/gobra/src/main/scala/viper/gobra/ast/frontend/Ast.scala. Using presentation compiler with project's scala-library version: 3.3.5[0m
2025.05.09 14:47:32 INFO  no build target found for /Users/herzamos/Desktop/eth/fs25/practical-work/gobra/src/main/scala/viper/gobra/ast/frontend/Ast.scala. Using presentation compiler with project's scala-library version: 3.3.5[0m
2025.05.09 14:47:32 INFO  no build target found for /Users/herzamos/Desktop/eth/fs25/practical-work/gobra/src/main/scala/viper/gobra/ast/frontend/Ast.scala. Using presentation compiler with project's scala-library version: 3.3.5[0m
2025.05.09 14:47:32 INFO  no build target found for /Users/herzamos/Desktop/eth/fs25/practical-work/gobra/src/main/scala/viper/gobra/ast/frontend/Ast.scala. Using presentation compiler with project's scala-library version: 3.3.5[0m
May 09, 2025 2:47:32 PM scala.meta.internal.metals.StdReporter $anonfun$create$1
WARNING: empty definition using pc, found symbol in pc: util. (full report at: /Users/herzamos/Desktop/eth/fs25/practical-work/.metals/.reports/metals-full/2025-05-09/r_empty-definition_14-47-32-938.md)
2025.05.09 14:47:33 INFO  no build target found for /Users/herzamos/Desktop/eth/fs25/practical-work/gobra/src/main/scala/viper/gobra/ast/frontend/Ast.scala. Using presentation compiler with project's scala-library version: 3.3.5[0m
2025.05.09 14:47:33 INFO  no build target found for /Users/herzamos/Desktop/eth/fs25/practical-work/gobra/src/main/scala/viper/gobra/ast/frontend/Ast.scala. Using presentation compiler with project's scala-library version: 3.3.5[0m
2025.05.09 14:47:33 INFO  no build target found for /Users/herzamos/Desktop/eth/fs25/practical-work/gobra/src/main/scala/viper/gobra/ast/frontend/Ast.scala. Using presentation compiler with project's scala-library version: 3.3.5[0m
2025.05.09 14:47:34 INFO  no build target found for /Users/herzamos/Desktop/eth/fs25/practical-work/gobra/src/main/scala/viper/gobra/ast/frontend/Ast.scala. Using presentation compiler with project's scala-library version: 3.3.5[0m
May 09, 2025 2:47:34 PM scala.meta.internal.metals.StdReporter $anonfun$create$1
WARNING: empty definition using pc, found symbol in pc: `<none>`. (full report at: /Users/herzamos/Desktop/eth/fs25/practical-work/.metals/.reports/metals-full/2025-05-09/r_empty-definition_14-31-07-848.md)
2025.05.09 14:47:34 INFO  no build target found for /Users/herzamos/Desktop/eth/fs25/practical-work/gobra/src/main/scala/viper/gobra/ast/frontend/Ast.scala. Using presentation compiler with project's scala-library version: 3.3.5[0m
2025.05.09 14:47:45 INFO  no build target found for /Users/herzamos/Desktop/eth/fs25/practical-work/gobra/src/main/scala/viper/gobra/ast/frontend/Ast.scala. Using presentation compiler with project's scala-library version: 3.3.5[0m
2025.05.09 14:47:45 INFO  no build target found for /Users/herzamos/Desktop/eth/fs25/practical-work/gobra/src/main/scala/viper/gobra/ast/frontend/Ast.scala. Using presentation compiler with project's scala-library version: 3.3.5[0m
2025.05.09 14:47:45 INFO  no build target found for /Users/herzamos/Desktop/eth/fs25/practical-work/gobra/src/main/scala/viper/gobra/ast/frontend/Ast.scala. Using presentation compiler with project's scala-library version: 3.3.5[0m
2025.05.09 14:47:46 INFO  no build target found for /Users/herzamos/Desktop/eth/fs25/practical-work/gobra/src/main/scala/viper/gobra/ast/frontend/Ast.scala. Using presentation compiler with project's scala-library version: 3.3.5[0m
2025.05.09 14:47:46 INFO  no build target found for /Users/herzamos/Desktop/eth/fs25/practical-work/gobra/src/main/scala/viper/gobra/ast/frontend/Ast.scala. Using presentation compiler with project's scala-library version: 3.3.5[0m
2025.05.09 14:47:46 INFO  no build target found for /Users/herzamos/Desktop/eth/fs25/practical-work/gobra/src/main/scala/viper/gobra/ast/frontend/Ast.scala. Using presentation compiler with project's scala-library version: 3.3.5[0m
2025.05.09 14:47:48 INFO  no build target found for /Users/herzamos/Desktop/eth/fs25/practical-work/gobra/src/main/scala/viper/gobra/ast/frontend/Ast.scala. Using presentation compiler with project's scala-library version: 3.3.5[0m
2025.05.09 14:47:48 INFO  no build target found for /Users/herzamos/Desktop/eth/fs25/practical-work/gobra/src/main/scala/viper/gobra/ast/frontend/Ast.scala. Using presentation compiler with project's scala-library version: 3.3.5[0m
2025.05.09 14:47:48 INFO  no build target found for /Users/herzamos/Desktop/eth/fs25/practical-work/gobra/src/main/scala/viper/gobra/ast/frontend/Ast.scala. Using presentation compiler with project's scala-library version: 3.3.5[0m
2025.05.09 14:47:57 INFO  no build target found for /Users/herzamos/Desktop/eth/fs25/practical-work/gobra/src/main/scala/viper/gobra/ast/frontend/Ast.scala. Using presentation compiler with project's scala-library version: 3.3.5[0m
2025.05.09 14:47:57 WARN  no build target for: /Users/herzamos/Desktop/eth/fs25/practical-work/gobra/src/main/scala/viper/gobra/ast/frontend/Ast.scala[0m
2025.05.09 14:47:57 INFO  no build target found for /Users/herzamos/Desktop/eth/fs25/practical-work/gobra/src/main/scala/viper/gobra/ast/frontend/Ast.scala. Using presentation compiler with project's scala-library version: 3.3.5[0m
2025.05.09 14:47:57 INFO  no build target found for /Users/herzamos/Desktop/eth/fs25/practical-work/gobra/src/main/scala/viper/gobra/ast/frontend/Ast.scala. Using presentation compiler with project's scala-library version: 3.3.5[0m
2025.05.09 14:48:00 INFO  no build target found for /Users/herzamos/Desktop/eth/fs25/practical-work/gobra/src/main/scala/viper/gobra/ast/frontend/Ast.scala. Using presentation compiler with project's scala-library version: 3.3.5[0m
2025.05.09 14:48:01 INFO  no build target found for /Users/herzamos/Desktop/eth/fs25/practical-work/gobra/src/main/scala/viper/gobra/ast/frontend/Ast.scala. Using presentation compiler with project's scala-library version: 3.3.5[0m
2025.05.09 14:48:05 INFO  no build target found for /Users/herzamos/Desktop/eth/fs25/practical-work/gobra/src/main/scala/viper/gobra/frontend/info/implementation/typing/MemberTyping.scala. Using presentation compiler with project's scala-library version: 3.3.5[0m
2025.05.09 14:48:05 WARN  no build target for: /Users/herzamos/Desktop/eth/fs25/practical-work/gobra/src/main/scala/viper/gobra/frontend/info/implementation/typing/MemberTyping.scala[0m
2025.05.09 14:48:05 INFO  no build target found for /Users/herzamos/Desktop/eth/fs25/practical-work/gobra/src/main/scala/viper/gobra/frontend/info/implementation/typing/MemberTyping.scala. Using presentation compiler with project's scala-library version: 3.3.5[0m
2025.05.09 14:48:05 INFO  no build target found for /Users/herzamos/Desktop/eth/fs25/practical-work/gobra/src/main/scala/viper/gobra/frontend/info/implementation/typing/MemberTyping.scala. Using presentation compiler with project's scala-library version: 3.3.5[0m
2025.05.09 14:48:06 INFO  no build target found for /Users/herzamos/Desktop/eth/fs25/practical-work/gobra/src/main/scala/viper/gobra/frontend/info/implementation/typing/MemberTyping.scala. Using presentation compiler with project's scala-library version: 3.3.5[0m
2025.05.09 14:48:10 INFO  no build target found for /Users/herzamos/Desktop/eth/fs25/practical-work/gobra/src/main/scala/viper/gobra/frontend/info/implementation/typing/MemberTyping.scala. Using presentation compiler with project's scala-library version: 3.3.5[0m
2025.05.09 14:48:10 INFO  no build target found for /Users/herzamos/Desktop/eth/fs25/practical-work/gobra/src/main/scala/viper/gobra/frontend/info/implementation/typing/MemberTyping.scala. Using presentation compiler with project's scala-library version: 3.3.5[0m
2025.05.09 14:48:10 INFO  no build target found for /Users/herzamos/Desktop/eth/fs25/practical-work/gobra/src/main/scala/viper/gobra/frontend/info/implementation/typing/MemberTyping.scala. Using presentation compiler with project's scala-library version: 3.3.5[0m
2025.05.09 14:48:10 INFO  no build target found for /Users/herzamos/Desktop/eth/fs25/practical-work/gobra/src/main/scala/viper/gobra/frontend/info/implementation/typing/MemberTyping.scala. Using presentation compiler with project's scala-library version: 3.3.5[0m
2025.05.09 14:48:10 INFO  no build target found for /Users/herzamos/Desktop/eth/fs25/practical-work/gobra/src/main/scala/viper/gobra/frontend/info/implementation/typing/MemberTyping.scala. Using presentation compiler with project's scala-library version: 3.3.5[0m
2025.05.09 14:48:11 INFO  no build target found for /Users/herzamos/Desktop/eth/fs25/practical-work/gobra/src/main/scala/viper/gobra/frontend/info/implementation/typing/MemberTyping.scala. Using presentation compiler with project's scala-library version: 3.3.5[0m
May 09, 2025 2:48:11 PM scala.meta.internal.metals.StdReporter $anonfun$create$1
WARNING: empty definition using pc, found symbol in pc: `<none>`. (full report at: /Users/herzamos/Desktop/eth/fs25/practical-work/.metals/.reports/metals-full/2025-05-09/r_empty-definition_14-31-07-848.md)
2025.05.09 14:48:12 WARN  no build target for: /Users/herzamos/Desktop/eth/fs25/practical-work/gobra/src/main/scala/viper/gobra/ast/frontend/Ast.scala[0m
2025.05.09 14:48:12 INFO  no build target found for /Users/herzamos/Desktop/eth/fs25/practical-work/gobra/src/main/scala/viper/gobra/ast/frontend/Ast.scala. Using presentation compiler with project's scala-library version: 3.3.5[0m
2025.05.09 14:48:12 INFO  no build target found for /Users/herzamos/Desktop/eth/fs25/practical-work/gobra/src/main/scala/viper/gobra/ast/frontend/Ast.scala. Using presentation compiler with project's scala-library version: 3.3.5[0m
2025.05.09 14:48:12 INFO  no build target found for /Users/herzamos/Desktop/eth/fs25/practical-work/gobra/src/main/scala/viper/gobra/ast/frontend/Ast.scala. Using presentation compiler with project's scala-library version: 3.3.5[0m
2025.05.09 14:48:12 INFO  no build target found for /Users/herzamos/Desktop/eth/fs25/practical-work/gobra/src/main/scala/viper/gobra/ast/frontend/Ast.scala. Using presentation compiler with project's scala-library version: 3.3.5[0m
2025.05.09 14:48:12 INFO  no build target found for /Users/herzamos/Desktop/eth/fs25/practical-work/gobra/src/main/scala/viper/gobra/ast/frontend/Ast.scala. Using presentation compiler with project's scala-library version: 3.3.5[0m
2025.05.09 14:48:12 INFO  no build target found for /Users/herzamos/Desktop/eth/fs25/practical-work/gobra/src/main/scala/viper/gobra/ast/frontend/Ast.scala. Using presentation compiler with project's scala-library version: 3.3.5[0m
2025.05.09 14:48:12 INFO  no build target found for /Users/herzamos/Desktop/eth/fs25/practical-work/gobra/src/main/scala/viper/gobra/ast/frontend/Ast.scala. Using presentation compiler with project's scala-library version: 3.3.5[0m
2025.05.09 14:48:12 INFO  no build target found for /Users/herzamos/Desktop/eth/fs25/practical-work/gobra/src/main/scala/viper/gobra/ast/frontend/Ast.scala. Using presentation compiler with project's scala-library version: 3.3.5[0m
2025.05.09 14:48:15 INFO  no build target found for /Users/herzamos/Desktop/eth/fs25/practical-work/gobra/src/main/scala/viper/gobra/ast/frontend/Ast.scala. Using presentation compiler with project's scala-library version: 3.3.5[0m
2025.05.09 14:48:15 INFO  no build target found for /Users/herzamos/Desktop/eth/fs25/practical-work/gobra/src/main/scala/viper/gobra/ast/frontend/Ast.scala. Using presentation compiler with project's scala-library version: 3.3.5[0m
2025.05.09 14:48:16 INFO  no build target found for /Users/herzamos/Desktop/eth/fs25/practical-work/gobra/src/main/scala/viper/gobra/ast/frontend/Ast.scala. Using presentation compiler with project's scala-library version: 3.3.5[0m
2025.05.09 14:48:16 INFO  no build target found for /Users/herzamos/Desktop/eth/fs25/practical-work/gobra/src/main/scala/viper/gobra/ast/frontend/Ast.scala. Using presentation compiler with project's scala-library version: 3.3.5[0m
2025.05.09 14:48:23 INFO  no build target found for /Users/herzamos/Desktop/eth/fs25/practical-work/gobra/src/main/scala/viper/gobra/ast/frontend/Ast.scala. Using presentation compiler with project's scala-library version: 3.3.5[0m
2025.05.09 14:48:23 INFO  no build target found for /Users/herzamos/Desktop/eth/fs25/practical-work/gobra/src/main/scala/viper/gobra/ast/frontend/Ast.scala. Using presentation compiler with project's scala-library version: 3.3.5[0m
2025.05.09 14:48:27 INFO  no build target found for /Users/herzamos/Desktop/eth/fs25/practical-work/gobra/src/main/scala/viper/gobra/ast/frontend/Ast.scala. Using presentation compiler with project's scala-library version: 3.3.5[0m
2025.05.09 14:48:27 INFO  no build target found for /Users/herzamos/Desktop/eth/fs25/practical-work/gobra/src/main/scala/viper/gobra/ast/frontend/Ast.scala. Using presentation compiler with project's scala-library version: 3.3.5[0m
2025.05.09 14:48:30 WARN  no build target for: /Users/herzamos/Desktop/eth/fs25/practical-work/gobra/src/main/scala/viper/gobra/frontend/info/implementation/typing/MemberTyping.scala[0m
2025.05.09 14:48:30 INFO  no build target found for /Users/herzamos/Desktop/eth/fs25/practical-work/gobra/src/main/scala/viper/gobra/frontend/info/implementation/typing/MemberTyping.scala. Using presentation compiler with project's scala-library version: 3.3.5[0m
2025.05.09 14:48:30 INFO  no build target found for /Users/herzamos/Desktop/eth/fs25/practical-work/gobra/src/main/scala/viper/gobra/frontend/info/implementation/typing/MemberTyping.scala. Using presentation compiler with project's scala-library version: 3.3.5[0m
2025.05.09 14:48:30 INFO  no build target found for /Users/herzamos/Desktop/eth/fs25/practical-work/gobra/src/main/scala/viper/gobra/frontend/info/implementation/typing/MemberTyping.scala. Using presentation compiler with project's scala-library version: 3.3.5[0m
2025.05.09 14:48:31 INFO  no build target found for /Users/herzamos/Desktop/eth/fs25/practical-work/gobra/src/main/scala/viper/gobra/frontend/info/implementation/typing/MemberTyping.scala. Using presentation compiler with project's scala-library version: 3.3.5[0m
2025.05.09 14:48:31 INFO  no build target found for /Users/herzamos/Desktop/eth/fs25/practical-work/gobra/src/main/scala/viper/gobra/frontend/info/implementation/typing/MemberTyping.scala. Using presentation compiler with project's scala-library version: 3.3.5[0m
2025.05.09 14:48:31 INFO  no build target found for /Users/herzamos/Desktop/eth/fs25/practical-work/gobra/src/main/scala/viper/gobra/frontend/info/implementation/typing/MemberTyping.scala. Using presentation compiler with project's scala-library version: 3.3.5[0m
2025.05.09 14:48:31 INFO  no build target found for /Users/herzamos/Desktop/eth/fs25/practical-work/gobra/src/main/scala/viper/gobra/frontend/info/implementation/typing/MemberTyping.scala. Using presentation compiler with project's scala-library version: 3.3.5[0m
2025.05.09 14:48:32 INFO  no build target found for /Users/herzamos/Desktop/eth/fs25/practical-work/gobra/src/main/scala/viper/gobra/frontend/info/implementation/typing/MemberTyping.scala. Using presentation compiler with project's scala-library version: 3.3.5[0m
2025.05.09 14:48:32 INFO  no build target found for /Users/herzamos/Desktop/eth/fs25/practical-work/gobra/src/main/scala/viper/gobra/frontend/info/implementation/typing/MemberTyping.scala. Using presentation compiler with project's scala-library version: 3.3.5[0m
2025.05.09 14:48:34 INFO  no build target found for /Users/herzamos/Desktop/eth/fs25/practical-work/gobra/src/main/scala/viper/gobra/frontend/info/implementation/typing/MemberTyping.scala. Using presentation compiler with project's scala-library version: 3.3.5[0m
2025.05.09 14:48:35 INFO  no build target found for /Users/herzamos/Desktop/eth/fs25/practical-work/gobra/src/main/scala/viper/gobra/frontend/info/implementation/typing/MemberTyping.scala. Using presentation compiler with project's scala-library version: 3.3.5[0m
2025.05.09 14:48:35 INFO  no build target found for /Users/herzamos/Desktop/eth/fs25/practical-work/gobra/src/main/scala/viper/gobra/frontend/info/implementation/typing/MemberTyping.scala. Using presentation compiler with project's scala-library version: 3.3.5[0m
2025.05.09 14:48:35 INFO  no build target found for /Users/herzamos/Desktop/eth/fs25/practical-work/gobra/src/main/scala/viper/gobra/frontend/info/implementation/typing/MemberTyping.scala. Using presentation compiler with project's scala-library version: 3.3.5[0m
2025.05.09 14:48:36 INFO  no build target found for /Users/herzamos/Desktop/eth/fs25/practical-work/gobra/src/main/scala/viper/gobra/frontend/info/implementation/typing/MemberTyping.scala. Using presentation compiler with project's scala-library version: 3.3.5[0m
2025.05.09 14:48:36 INFO  no build target found for /Users/herzamos/Desktop/eth/fs25/practical-work/gobra/src/main/scala/viper/gobra/frontend/info/implementation/typing/MemberTyping.scala. Using presentation compiler with project's scala-library version: 3.3.5[0m
2025.05.09 14:48:36 INFO  no build target found for /Users/herzamos/Desktop/eth/fs25/practical-work/gobra/src/main/scala/viper/gobra/frontend/info/implementation/typing/MemberTyping.scala. Using presentation compiler with project's scala-library version: 3.3.5[0m
2025.05.09 14:48:36 INFO  no build target found for /Users/herzamos/Desktop/eth/fs25/practical-work/gobra/src/main/scala/viper/gobra/frontend/info/implementation/typing/MemberTyping.scala. Using presentation compiler with project's scala-library version: 3.3.5[0m
2025.05.09 14:48:36 INFO  no build target found for /Users/herzamos/Desktop/eth/fs25/practical-work/gobra/src/main/scala/viper/gobra/frontend/info/implementation/typing/MemberTyping.scala. Using presentation compiler with project's scala-library version: 3.3.5[0m
2025.05.09 14:48:36 INFO  no build target found for /Users/herzamos/Desktop/eth/fs25/practical-work/gobra/src/main/scala/viper/gobra/frontend/info/implementation/typing/MemberTyping.scala. Using presentation compiler with project's scala-library version: 3.3.5[0m
2025.05.09 14:48:41 INFO  no build target found for /Users/herzamos/Desktop/eth/fs25/practical-work/gobra/src/main/scala/viper/gobra/frontend/info/implementation/typing/MemberTyping.scala. Using presentation compiler with project's scala-library version: 3.3.5[0m
2025.05.09 14:48:41 INFO  no build target found for /Users/herzamos/Desktop/eth/fs25/practical-work/gobra/src/main/scala/viper/gobra/frontend/info/implementation/typing/MemberTyping.scala. Using presentation compiler with project's scala-library version: 3.3.5[0m
2025.05.09 14:48:42 INFO  no build target found for /Users/herzamos/Desktop/eth/fs25/practical-work/gobra/src/main/scala/viper/gobra/frontend/info/implementation/typing/MemberTyping.scala. Using presentation compiler with project's scala-library version: 3.3.5[0m
2025.05.09 14:48:43 INFO  no build target found for /Users/herzamos/Desktop/eth/fs25/practical-work/gobra/src/main/scala/viper/gobra/frontend/info/implementation/typing/MemberTyping.scala. Using presentation compiler with project's scala-library version: 3.3.5[0m
2025.05.09 14:48:43 INFO  no build target found for /Users/herzamos/Desktop/eth/fs25/practical-work/gobra/src/main/scala/viper/gobra/frontend/info/implementation/typing/MemberTyping.scala. Using presentation compiler with project's scala-library version: 3.3.5[0m
2025.05.09 14:48:43 INFO  no build target found for /Users/herzamos/Desktop/eth/fs25/practical-work/gobra/src/main/scala/viper/gobra/frontend/info/implementation/typing/MemberTyping.scala. Using presentation compiler with project's scala-library version: 3.3.5[0m
2025.05.09 14:48:43 INFO  no build target found for /Users/herzamos/Desktop/eth/fs25/practical-work/gobra/src/main/scala/viper/gobra/frontend/info/implementation/typing/MemberTyping.scala. Using presentation compiler with project's scala-library version: 3.3.5[0m
2025.05.09 14:48:45 INFO  no build target found for /Users/herzamos/Desktop/eth/fs25/practical-work/gobra/src/main/scala/viper/gobra/frontend/info/implementation/typing/MemberTyping.scala. Using presentation compiler with project's scala-library version: 3.3.5[0m
2025.05.09 14:48:45 INFO  no build target found for /Users/herzamos/Desktop/eth/fs25/practical-work/gobra/src/main/scala/viper/gobra/frontend/info/implementation/typing/MemberTyping.scala. Using presentation compiler with project's scala-library version: 3.3.5[0m
2025.05.09 14:48:45 INFO  no build target found for /Users/herzamos/Desktop/eth/fs25/practical-work/gobra/src/main/scala/viper/gobra/frontend/info/implementation/typing/MemberTyping.scala. Using presentation compiler with project's scala-library version: 3.3.5[0m
2025.05.09 14:48:45 INFO  no build target found for /Users/herzamos/Desktop/eth/fs25/practical-work/gobra/src/main/scala/viper/gobra/frontend/info/implementation/typing/MemberTyping.scala. Using presentation compiler with project's scala-library version: 3.3.5[0m
2025.05.09 14:48:45 INFO  no build target found for /Users/herzamos/Desktop/eth/fs25/practical-work/gobra/src/main/scala/viper/gobra/frontend/info/implementation/typing/MemberTyping.scala. Using presentation compiler with project's scala-library version: 3.3.5[0m
2025.05.09 14:48:45 INFO  no build target found for /Users/herzamos/Desktop/eth/fs25/practical-work/gobra/src/main/scala/viper/gobra/frontend/info/implementation/typing/MemberTyping.scala. Using presentation compiler with project's scala-library version: 3.3.5[0m
2025.05.09 14:48:45 INFO  no build target found for /Users/herzamos/Desktop/eth/fs25/practical-work/gobra/src/main/scala/viper/gobra/frontend/info/implementation/typing/MemberTyping.scala. Using presentation compiler with project's scala-library version: 3.3.5[0m
2025.05.09 14:48:48 INFO  no build target found for /Users/herzamos/Desktop/eth/fs25/practical-work/gobra/src/main/scala/viper/gobra/frontend/info/implementation/typing/MemberTyping.scala. Using presentation compiler with project's scala-library version: 3.3.5[0m
2025.05.09 14:48:48 INFO  no build target found for /Users/herzamos/Desktop/eth/fs25/practical-work/gobra/src/main/scala/viper/gobra/frontend/info/implementation/typing/MemberTyping.scala. Using presentation compiler with project's scala-library version: 3.3.5[0m
2025.05.09 14:48:48 INFO  no build target found for /Users/herzamos/Desktop/eth/fs25/practical-work/gobra/src/main/scala/viper/gobra/frontend/info/implementation/typing/MemberTyping.scala. Using presentation compiler with project's scala-library version: 3.3.5[0m
2025.05.09 14:48:48 INFO  no build target found for /Users/herzamos/Desktop/eth/fs25/practical-work/gobra/src/main/scala/viper/gobra/frontend/info/implementation/typing/MemberTyping.scala. Using presentation compiler with project's scala-library version: 3.3.5[0m
2025.05.09 14:48:48 INFO  no build target found for /Users/herzamos/Desktop/eth/fs25/practical-work/gobra/src/main/scala/viper/gobra/frontend/info/implementation/typing/MemberTyping.scala. Using presentation compiler with project's scala-library version: 3.3.5[0m
2025.05.09 14:48:49 INFO  no build target found for /Users/herzamos/Desktop/eth/fs25/practical-work/gobra/src/main/scala/viper/gobra/frontend/info/implementation/typing/MemberTyping.scala. Using presentation compiler with project's scala-library version: 3.3.5[0m
2025.05.09 14:48:49 INFO  no build target found for /Users/herzamos/Desktop/eth/fs25/practical-work/gobra/src/main/scala/viper/gobra/frontend/info/implementation/typing/MemberTyping.scala. Using presentation compiler with project's scala-library version: 3.3.5[0m
2025.05.09 14:48:49 INFO  no build target found for /Users/herzamos/Desktop/eth/fs25/practical-work/gobra/src/main/scala/viper/gobra/frontend/info/implementation/typing/MemberTyping.scala. Using presentation compiler with project's scala-library version: 3.3.5[0m
2025.05.09 14:48:49 INFO  no build target found for /Users/herzamos/Desktop/eth/fs25/practical-work/gobra/src/main/scala/viper/gobra/frontend/info/implementation/typing/MemberTyping.scala. Using presentation compiler with project's scala-library version: 3.3.5[0m
2025.05.09 14:48:49 INFO  no build target found for /Users/herzamos/Desktop/eth/fs25/practical-work/gobra/src/main/scala/viper/gobra/frontend/info/implementation/typing/MemberTyping.scala. Using presentation compiler with project's scala-library version: 3.3.5[0m
2025.05.09 14:48:49 INFO  no build target found for /Users/herzamos/Desktop/eth/fs25/practical-work/gobra/src/main/scala/viper/gobra/frontend/info/implementation/typing/MemberTyping.scala. Using presentation compiler with project's scala-library version: 3.3.5[0m
2025.05.09 14:48:51 WARN  no build target for: /Users/herzamos/Desktop/eth/fs25/practical-work/gobra/src/main/scala/viper/gobra/ast/frontend/Ast.scala[0m
2025.05.09 14:48:51 INFO  no build target found for /Users/herzamos/Desktop/eth/fs25/practical-work/gobra/src/main/scala/viper/gobra/ast/frontend/Ast.scala. Using presentation compiler with project's scala-library version: 3.3.5[0m
2025.05.09 14:48:51 INFO  no build target found for /Users/herzamos/Desktop/eth/fs25/practical-work/gobra/src/main/scala/viper/gobra/ast/frontend/Ast.scala. Using presentation compiler with project's scala-library version: 3.3.5[0m
2025.05.09 14:48:51 INFO  no build target found for /Users/herzamos/Desktop/eth/fs25/practical-work/gobra/src/main/scala/viper/gobra/ast/frontend/Ast.scala. Using presentation compiler with project's scala-library version: 3.3.5[0m
2025.05.09 14:48:54 WARN  no build target for: /Users/herzamos/Desktop/eth/fs25/practical-work/gobra/src/main/scala/viper/gobra/frontend/info/implementation/typing/MemberTyping.scala[0m
2025.05.09 14:48:54 INFO  no build target found for /Users/herzamos/Desktop/eth/fs25/practical-work/gobra/src/main/scala/viper/gobra/frontend/info/implementation/typing/MemberTyping.scala. Using presentation compiler with project's scala-library version: 3.3.5[0m
2025.05.09 14:48:56 INFO  no build target found for /Users/herzamos/Desktop/eth/fs25/practical-work/gobra/src/main/scala/viper/gobra/frontend/info/implementation/typing/MemberTyping.scala. Using presentation compiler with project's scala-library version: 3.3.5[0m
2025.05.09 14:48:56 INFO  no build target found for /Users/herzamos/Desktop/eth/fs25/practical-work/gobra/src/main/scala/viper/gobra/frontend/info/implementation/typing/MemberTyping.scala. Using presentation compiler with project's scala-library version: 3.3.5[0m
2025.05.09 14:48:56 INFO  no build target found for /Users/herzamos/Desktop/eth/fs25/practical-work/gobra/src/main/scala/viper/gobra/frontend/info/implementation/typing/MemberTyping.scala. Using presentation compiler with project's scala-library version: 3.3.5[0m
2025.05.09 14:48:56 INFO  no build target found for /Users/herzamos/Desktop/eth/fs25/practical-work/gobra/src/main/scala/viper/gobra/frontend/info/implementation/typing/MemberTyping.scala. Using presentation compiler with project's scala-library version: 3.3.5[0m
2025.05.09 14:48:57 INFO  no build target found for /Users/herzamos/Desktop/eth/fs25/practical-work/gobra/src/main/scala/viper/gobra/frontend/info/implementation/typing/MemberTyping.scala. Using presentation compiler with project's scala-library version: 3.3.5[0m
2025.05.09 14:48:57 INFO  no build target found for /Users/herzamos/Desktop/eth/fs25/practical-work/gobra/src/main/scala/viper/gobra/frontend/info/implementation/typing/MemberTyping.scala. Using presentation compiler with project's scala-library version: 3.3.5[0m
2025.05.09 14:48:57 INFO  no build target found for /Users/herzamos/Desktop/eth/fs25/practical-work/gobra/src/main/scala/viper/gobra/frontend/info/implementation/typing/MemberTyping.scala. Using presentation compiler with project's scala-library version: 3.3.5[0m
2025.05.09 14:48:59 INFO  no build target found for /Users/herzamos/Desktop/eth/fs25/practical-work/gobra/src/main/scala/viper/gobra/frontend/info/implementation/typing/MemberTyping.scala. Using presentation compiler with project's scala-library version: 3.3.5[0m
2025.05.09 14:48:59 INFO  no build target found for /Users/herzamos/Desktop/eth/fs25/practical-work/gobra/src/main/scala/viper/gobra/frontend/info/implementation/typing/MemberTyping.scala. Using presentation compiler with project's scala-library version: 3.3.5[0m
2025.05.09 14:48:59 INFO  no build target found for /Users/herzamos/Desktop/eth/fs25/practical-work/gobra/src/main/scala/viper/gobra/frontend/info/implementation/typing/MemberTyping.scala. Using presentation compiler with project's scala-library version: 3.3.5[0m
2025.05.09 14:49:01 INFO  no build target found for /Users/herzamos/Desktop/eth/fs25/practical-work/gobra/src/main/scala/viper/gobra/frontend/info/implementation/typing/MemberTyping.scala. Using presentation compiler with project's scala-library version: 3.3.5[0m
2025.05.09 14:49:01 INFO  no build target found for /Users/herzamos/Desktop/eth/fs25/practical-work/gobra/src/main/scala/viper/gobra/frontend/info/implementation/typing/MemberTyping.scala. Using presentation compiler with project's scala-library version: 3.3.5[0m
2025.05.09 14:49:02 WARN  no build target for: /Users/herzamos/Desktop/eth/fs25/practical-work/gobra/src/main/scala/viper/gobra/ast/frontend/Ast.scala[0m
2025.05.09 14:49:01 INFO  no build target found for /Users/herzamos/Desktop/eth/fs25/practical-work/gobra/src/main/scala/viper/gobra/ast/frontend/Ast.scala. Using presentation compiler with project's scala-library version: 3.3.5[0m
2025.05.09 14:49:02 INFO  no build target found for /Users/herzamos/Desktop/eth/fs25/practical-work/gobra/src/main/scala/viper/gobra/ast/frontend/Ast.scala. Using presentation compiler with project's scala-library version: 3.3.5[0m
2025.05.09 14:49:02 INFO  no build target found for /Users/herzamos/Desktop/eth/fs25/practical-work/gobra/src/main/scala/viper/gobra/ast/frontend/Ast.scala. Using presentation compiler with project's scala-library version: 3.3.5[0m
2025.05.09 14:49:04 INFO  no build target found for /Users/herzamos/Desktop/eth/fs25/practical-work/gobra/src/main/scala/viper/gobra/ast/frontend/Ast.scala. Using presentation compiler with project's scala-library version: 3.3.5[0m
2025.05.09 14:49:04 INFO  no build target found for /Users/herzamos/Desktop/eth/fs25/practical-work/gobra/src/main/scala/viper/gobra/ast/frontend/Ast.scala. Using presentation compiler with project's scala-library version: 3.3.5[0m
2025.05.09 14:49:04 INFO  no build target found for /Users/herzamos/Desktop/eth/fs25/practical-work/gobra/src/main/scala/viper/gobra/ast/frontend/Ast.scala. Using presentation compiler with project's scala-library version: 3.3.5[0m
2025.05.09 14:49:06 WARN  no build target for: /Users/herzamos/Desktop/eth/fs25/practical-work/gobra/src/main/scala/viper/gobra/frontend/info/implementation/typing/MemberTyping.scala[0m
2025.05.09 14:49:06 INFO  no build target found for /Users/herzamos/Desktop/eth/fs25/practical-work/gobra/src/main/scala/viper/gobra/frontend/info/implementation/typing/MemberTyping.scala. Using presentation compiler with project's scala-library version: 3.3.5[0m
2025.05.09 14:49:06 INFO  no build target found for /Users/herzamos/Desktop/eth/fs25/practical-work/gobra/src/main/scala/viper/gobra/frontend/info/implementation/typing/MemberTyping.scala. Using presentation compiler with project's scala-library version: 3.3.5[0m
2025.05.09 14:49:06 INFO  no build target found for /Users/herzamos/Desktop/eth/fs25/practical-work/gobra/src/main/scala/viper/gobra/frontend/info/implementation/typing/MemberTyping.scala. Using presentation compiler with project's scala-library version: 3.3.5[0m
2025.05.09 14:49:07 INFO  no build target found for /Users/herzamos/Desktop/eth/fs25/practical-work/gobra/src/main/scala/viper/gobra/frontend/info/implementation/typing/MemberTyping.scala. Using presentation compiler with project's scala-library version: 3.3.5[0m
2025.05.09 14:49:07 INFO  no build target found for /Users/herzamos/Desktop/eth/fs25/practical-work/gobra/src/main/scala/viper/gobra/frontend/info/implementation/typing/MemberTyping.scala. Using presentation compiler with project's scala-library version: 3.3.5[0m
2025.05.09 14:49:07 INFO  no build target found for /Users/herzamos/Desktop/eth/fs25/practical-work/gobra/src/main/scala/viper/gobra/frontend/info/implementation/typing/MemberTyping.scala. Using presentation compiler with project's scala-library version: 3.3.5[0m
2025.05.09 14:49:07 INFO  no build target found for /Users/herzamos/Desktop/eth/fs25/practical-work/gobra/src/main/scala/viper/gobra/frontend/info/implementation/typing/MemberTyping.scala. Using presentation compiler with project's scala-library version: 3.3.5[0m
2025.05.09 14:49:07 INFO  no build target found for /Users/herzamos/Desktop/eth/fs25/practical-work/gobra/src/main/scala/viper/gobra/frontend/info/implementation/typing/MemberTyping.scala. Using presentation compiler with project's scala-library version: 3.3.5[0m
2025.05.09 14:49:08 INFO  no build target found for /Users/herzamos/Desktop/eth/fs25/practical-work/gobra/src/main/scala/viper/gobra/frontend/info/implementation/typing/MemberTyping.scala. Using presentation compiler with project's scala-library version: 3.3.5[0m
2025.05.09 14:49:08 INFO  no build target found for /Users/herzamos/Desktop/eth/fs25/practical-work/gobra/src/main/scala/viper/gobra/frontend/info/implementation/typing/MemberTyping.scala. Using presentation compiler with project's scala-library version: 3.3.5[0m
2025.05.09 14:49:08 INFO  no build target found for /Users/herzamos/Desktop/eth/fs25/practical-work/gobra/src/main/scala/viper/gobra/frontend/info/implementation/typing/MemberTyping.scala. Using presentation compiler with project's scala-library version: 3.3.5[0m
2025.05.09 14:49:08 INFO  no build target found for /Users/herzamos/Desktop/eth/fs25/practical-work/gobra/src/main/scala/viper/gobra/frontend/info/implementation/typing/MemberTyping.scala. Using presentation compiler with project's scala-library version: 3.3.5[0m
2025.05.09 14:49:09 INFO  no build target found for /Users/herzamos/Desktop/eth/fs25/practical-work/gobra/src/main/scala/viper/gobra/frontend/info/implementation/typing/MemberTyping.scala. Using presentation compiler with project's scala-library version: 3.3.5[0m
2025.05.09 14:49:09 INFO  no build target found for /Users/herzamos/Desktop/eth/fs25/practical-work/gobra/src/main/scala/viper/gobra/frontend/info/implementation/typing/MemberTyping.scala. Using presentation compiler with project's scala-library version: 3.3.5[0m
2025.05.09 14:49:09 INFO  no build target found for /Users/herzamos/Desktop/eth/fs25/practical-work/gobra/src/main/scala/viper/gobra/frontend/info/implementation/typing/MemberTyping.scala. Using presentation compiler with project's scala-library version: 3.3.5[0m
2025.05.09 14:49:09 INFO  no build target found for /Users/herzamos/Desktop/eth/fs25/practical-work/gobra/src/main/scala/viper/gobra/frontend/info/implementation/typing/MemberTyping.scala. Using presentation compiler with project's scala-library version: 3.3.5[0m
2025.05.09 14:49:09 INFO  no build target found for /Users/herzamos/Desktop/eth/fs25/practical-work/gobra/src/main/scala/viper/gobra/frontend/info/implementation/typing/MemberTyping.scala. Using presentation compiler with project's scala-library version: 3.3.5[0m
2025.05.09 14:49:09 INFO  no build target found for /Users/herzamos/Desktop/eth/fs25/practical-work/gobra/src/main/scala/viper/gobra/frontend/info/implementation/typing/MemberTyping.scala. Using presentation compiler with project's scala-library version: 3.3.5[0m
2025.05.09 14:49:10 INFO  no build target found for /Users/herzamos/Desktop/eth/fs25/practical-work/gobra/src/main/scala/viper/gobra/frontend/info/implementation/typing/MemberTyping.scala. Using presentation compiler with project's scala-library version: 3.3.5[0m
2025.05.09 14:49:10 WARN  no build target for: /Users/herzamos/Desktop/eth/fs25/practical-work/gobra/src/main/scala/viper/gobra/frontend/info/implementation/typing/MemberTyping.scala[0m
2025.05.09 14:49:10 INFO  no build target found for /Users/herzamos/Desktop/eth/fs25/practical-work/gobra/src/main/scala/viper/gobra/frontend/info/implementation/typing/MemberTyping.scala. Using presentation compiler with project's scala-library version: 3.3.5[0m
May 09, 2025 2:49:10 PM scala.meta.internal.metals.StdReporter $anonfun$create$1
WARNING: empty definition using pc, found symbol in pc: `<none>`. (full report at: /Users/herzamos/Desktop/eth/fs25/practical-work/.metals/.reports/metals-full/2025-05-09/r_empty-definition_14-31-07-848.md)
2025.05.09 14:49:11 INFO  no build target found for /Users/herzamos/Desktop/eth/fs25/practical-work/gobra/src/main/scala/viper/gobra/frontend/info/implementation/typing/MemberTyping.scala. Using presentation compiler with project's scala-library version: 3.3.5[0m
2025.05.09 14:49:11 INFO  no build target found for /Users/herzamos/Desktop/eth/fs25/practical-work/gobra/src/main/scala/viper/gobra/frontend/info/implementation/typing/MemberTyping.scala. Using presentation compiler with project's scala-library version: 3.3.5[0m
2025.05.09 14:49:11 INFO  no build target found for /Users/herzamos/Desktop/eth/fs25/practical-work/gobra/src/main/scala/viper/gobra/frontend/info/implementation/typing/MemberTyping.scala. Using presentation compiler with project's scala-library version: 3.3.5[0m
2025.05.09 14:49:12 INFO  no build target found for /Users/herzamos/Desktop/eth/fs25/practical-work/gobra/src/main/scala/viper/gobra/frontend/info/implementation/typing/MemberTyping.scala. Using presentation compiler with project's scala-library version: 3.3.5[0m
2025.05.09 14:49:12 INFO  no build target found for /Users/herzamos/Desktop/eth/fs25/practical-work/gobra/src/main/scala/viper/gobra/frontend/info/implementation/typing/MemberTyping.scala. Using presentation compiler with project's scala-library version: 3.3.5[0m
2025.05.09 14:49:14 INFO  no build target found for /Users/herzamos/Desktop/eth/fs25/practical-work/gobra/src/main/scala/viper/gobra/frontend/info/implementation/typing/MemberTyping.scala. Using presentation compiler with project's scala-library version: 3.3.5[0m
2025.05.09 14:49:14 INFO  no build target found for /Users/herzamos/Desktop/eth/fs25/practical-work/gobra/src/main/scala/viper/gobra/frontend/info/implementation/typing/MemberTyping.scala. Using presentation compiler with project's scala-library version: 3.3.5[0m
2025.05.09 14:49:14 INFO  no build target found for /Users/herzamos/Desktop/eth/fs25/practical-work/gobra/src/main/scala/viper/gobra/frontend/info/implementation/typing/MemberTyping.scala. Using presentation compiler with project's scala-library version: 3.3.5[0m
2025.05.09 14:49:14 INFO  no build target found for /Users/herzamos/Desktop/eth/fs25/practical-work/gobra/src/main/scala/viper/gobra/frontend/info/implementation/typing/MemberTyping.scala. Using presentation compiler with project's scala-library version: 3.3.5[0m
2025.05.09 14:49:14 INFO  no build target found for /Users/herzamos/Desktop/eth/fs25/practical-work/gobra/src/main/scala/viper/gobra/frontend/info/implementation/typing/MemberTyping.scala. Using presentation compiler with project's scala-library version: 3.3.5[0m
2025.05.09 14:49:14 INFO  no build target found for /Users/herzamos/Desktop/eth/fs25/practical-work/gobra/src/main/scala/viper/gobra/frontend/info/implementation/typing/MemberTyping.scala. Using presentation compiler with project's scala-library version: 3.3.5[0m
2025.05.09 14:49:15 INFO  no build target found for /Users/herzamos/Desktop/eth/fs25/practical-work/gobra/src/main/scala/viper/gobra/frontend/info/implementation/typing/MemberTyping.scala. Using presentation compiler with project's scala-library version: 3.3.5[0m
2025.05.09 14:49:15 INFO  no build target found for /Users/herzamos/Desktop/eth/fs25/practical-work/gobra/src/main/scala/viper/gobra/frontend/info/implementation/typing/MemberTyping.scala. Using presentation compiler with project's scala-library version: 3.3.5[0m
2025.05.09 14:49:15 INFO  no build target found for /Users/herzamos/Desktop/eth/fs25/practical-work/gobra/src/main/scala/viper/gobra/frontend/info/implementation/typing/MemberTyping.scala. Using presentation compiler with project's scala-library version: 3.3.5[0m
2025.05.09 14:49:15 INFO  no build target found for /Users/herzamos/Desktop/eth/fs25/practical-work/gobra/src/main/scala/viper/gobra/frontend/info/implementation/typing/MemberTyping.scala. Using presentation compiler with project's scala-library version: 3.3.5[0m
2025.05.09 14:49:15 INFO  no build target found for /Users/herzamos/Desktop/eth/fs25/practical-work/gobra/src/main/scala/viper/gobra/frontend/info/implementation/typing/MemberTyping.scala. Using presentation compiler with project's scala-library version: 3.3.5[0m
2025.05.09 14:49:15 INFO  no build target found for /Users/herzamos/Desktop/eth/fs25/practical-work/gobra/src/main/scala/viper/gobra/frontend/info/implementation/typing/MemberTyping.scala. Using presentation compiler with project's scala-library version: 3.3.5[0m
2025.05.09 14:49:15 INFO  no build target found for /Users/herzamos/Desktop/eth/fs25/practical-work/gobra/src/main/scala/viper/gobra/frontend/info/implementation/typing/MemberTyping.scala. Using presentation compiler with project's scala-library version: 3.3.5[0m
2025.05.09 14:49:16 INFO  no build target found for /Users/herzamos/Desktop/eth/fs25/practical-work/gobra/src/main/scala/viper/gobra/frontend/info/implementation/typing/MemberTyping.scala. Using presentation compiler with project's scala-library version: 3.3.5[0m
2025.05.09 14:49:16 INFO  no build target found for /Users/herzamos/Desktop/eth/fs25/practical-work/gobra/src/main/scala/viper/gobra/frontend/info/implementation/typing/MemberTyping.scala. Using presentation compiler with project's scala-library version: 3.3.5[0m
2025.05.09 14:49:16 INFO  no build target found for /Users/herzamos/Desktop/eth/fs25/practical-work/gobra/src/main/scala/viper/gobra/frontend/info/implementation/typing/MemberTyping.scala. Using presentation compiler with project's scala-library version: 3.3.5[0m
2025.05.09 14:49:18 INFO  no build target found for /Users/herzamos/Desktop/eth/fs25/practical-work/gobra/src/main/scala/viper/gobra/frontend/info/implementation/typing/MemberTyping.scala. Using presentation compiler with project's scala-library version: 3.3.5[0m
2025.05.09 14:49:18 INFO  no build target found for /Users/herzamos/Desktop/eth/fs25/practical-work/gobra/src/main/scala/viper/gobra/frontend/info/implementation/typing/MemberTyping.scala. Using presentation compiler with project's scala-library version: 3.3.5[0m
2025.05.09 14:49:18 INFO  no build target found for /Users/herzamos/Desktop/eth/fs25/practical-work/gobra/src/main/scala/viper/gobra/frontend/info/implementation/typing/MemberTyping.scala. Using presentation compiler with project's scala-library version: 3.3.5[0m
2025.05.09 14:49:18 INFO  no build target found for /Users/herzamos/Desktop/eth/fs25/practical-work/gobra/src/main/scala/viper/gobra/frontend/info/implementation/typing/MemberTyping.scala. Using presentation compiler with project's scala-library version: 3.3.5[0m
2025.05.09 14:49:19 INFO  no build target found for /Users/herzamos/Desktop/eth/fs25/practical-work/gobra/src/main/scala/viper/gobra/frontend/info/implementation/typing/MemberTyping.scala. Using presentation compiler with project's scala-library version: 3.3.5[0m
2025.05.09 14:49:19 INFO  no build target found for /Users/herzamos/Desktop/eth/fs25/practical-work/gobra/src/main/scala/viper/gobra/frontend/info/implementation/typing/MemberTyping.scala. Using presentation compiler with project's scala-library version: 3.3.5[0m
2025.05.09 14:49:19 INFO  no build target found for /Users/herzamos/Desktop/eth/fs25/practical-work/gobra/src/main/scala/viper/gobra/frontend/info/implementation/typing/MemberTyping.scala. Using presentation compiler with project's scala-library version: 3.3.5[0m
2025.05.09 14:49:19 INFO  no build target found for /Users/herzamos/Desktop/eth/fs25/practical-work/gobra/src/main/scala/viper/gobra/frontend/info/implementation/typing/MemberTyping.scala. Using presentation compiler with project's scala-library version: 3.3.5[0m
2025.05.09 14:49:19 INFO  no build target found for /Users/herzamos/Desktop/eth/fs25/practical-work/gobra/src/main/scala/viper/gobra/frontend/info/implementation/typing/MemberTyping.scala. Using presentation compiler with project's scala-library version: 3.3.5[0m
2025.05.09 14:49:20 INFO  no build target found for /Users/herzamos/Desktop/eth/fs25/practical-work/gobra/src/main/scala/viper/gobra/frontend/info/implementation/typing/MemberTyping.scala. Using presentation compiler with project's scala-library version: 3.3.5[0m
2025.05.09 14:49:20 INFO  no build target found for /Users/herzamos/Desktop/eth/fs25/practical-work/gobra/src/main/scala/viper/gobra/frontend/info/implementation/typing/MemberTyping.scala. Using presentation compiler with project's scala-library version: 3.3.5[0m
2025.05.09 14:49:20 WARN  no build target for: /Users/herzamos/Desktop/eth/fs25/practical-work/gobra/src/main/scala/viper/gobra/frontend/info/implementation/typing/MemberTyping.scala[0m
May 09, 2025 2:49:20 PM scala.meta.internal.metals.StdReporter $anonfun$create$1
WARNING: empty definition using pc, found symbol in pc: `<none>`. (full report at: /Users/herzamos/Desktop/eth/fs25/practical-work/.metals/.reports/metals-full/2025-05-09/r_empty-definition_14-31-07-848.md)
2025.05.09 14:49:20 INFO  no build target found for /Users/herzamos/Desktop/eth/fs25/practical-work/gobra/src/main/scala/viper/gobra/frontend/info/implementation/typing/MemberTyping.scala. Using presentation compiler with project's scala-library version: 3.3.5[0m
2025.05.09 14:49:20 INFO  no build target found for /Users/herzamos/Desktop/eth/fs25/practical-work/gobra/src/main/scala/viper/gobra/frontend/info/implementation/typing/MemberTyping.scala. Using presentation compiler with project's scala-library version: 3.3.5[0m
2025.05.09 14:49:20 INFO  no build target found for /Users/herzamos/Desktop/eth/fs25/practical-work/gobra/src/main/scala/viper/gobra/frontend/info/implementation/typing/MemberTyping.scala. Using presentation compiler with project's scala-library version: 3.3.5[0m
2025.05.09 14:49:20 INFO  no build target found for /Users/herzamos/Desktop/eth/fs25/practical-work/gobra/src/main/scala/viper/gobra/frontend/info/implementation/typing/MemberTyping.scala. Using presentation compiler with project's scala-library version: 3.3.5[0m
May 09, 2025 2:49:20 PM scala.meta.internal.metals.StdReporter $anonfun$create$1
WARNING: empty definition using pc, found symbol in pc: `<none>`. (full report at: /Users/herzamos/Desktop/eth/fs25/practical-work/.metals/.reports/metals-full/2025-05-09/r_empty-definition_14-31-07-848.md)
2025.05.09 14:49:20 WARN  no build target for: /Users/herzamos/Desktop/eth/fs25/practical-work/gobra/src/main/scala/viper/gobra/ast/frontend/Ast.scala[0m
2025.05.09 14:49:21 INFO  no build target found for /Users/herzamos/Desktop/eth/fs25/practical-work/gobra/src/main/scala/viper/gobra/ast/frontend/Ast.scala. Using presentation compiler with project's scala-library version: 3.3.5[0m
2025.05.09 14:49:21 INFO  no build target found for /Users/herzamos/Desktop/eth/fs25/practical-work/gobra/src/main/scala/viper/gobra/ast/frontend/Ast.scala. Using presentation compiler with project's scala-library version: 3.3.5[0m
2025.05.09 14:49:21 INFO  no build target found for /Users/herzamos/Desktop/eth/fs25/practical-work/gobra/src/main/scala/viper/gobra/ast/frontend/Ast.scala. Using presentation compiler with project's scala-library version: 3.3.5[0m
2025.05.09 14:49:21 INFO  no build target found for /Users/herzamos/Desktop/eth/fs25/practical-work/gobra/src/main/scala/viper/gobra/ast/frontend/Ast.scala. Using presentation compiler with project's scala-library version: 3.3.5[0m
2025.05.09 14:49:21 INFO  no build target found for /Users/herzamos/Desktop/eth/fs25/practical-work/gobra/src/main/scala/viper/gobra/ast/frontend/Ast.scala. Using presentation compiler with project's scala-library version: 3.3.5[0m
2025.05.09 14:49:21 INFO Exception in thread "pool-383-thread-1"  no build target found for /Users/herzamos/Desktop/eth/fs25/practical-work/gobra/src/main/scala/viper/gobra/ast/frontend/Ast.scala. Using presentation compiler with project's scala-library version: 3.3.5[0m
java.lang.InterruptedException
	at scala.meta.internal.metals.FutureCancelToken.checkCanceled(FutureCancelToken.scala:29)
	at scala.meta.internal.pc.CompilerAccess.onCompilerJobQueue$$anonfun$1(CompilerAccess.scala:244)
	at scala.meta.internal.pc.CompilerJobQueue$Job.run(CompilerJobQueue.scala:153)
	at java.base/java.util.concurrent.ThreadPoolExecutor.runWorker(ThreadPoolExecutor.java:1136)
	at java.base/java.util.concurrent.ThreadPoolExecutor$Worker.run(ThreadPoolExecutor.java:635)
	at java.base/java.lang.Thread.run(Thread.java:840)
2025.05.09 14:49:20 INFO  no build target found for /Users/herzamos/Desktop/eth/fs25/practical-work/gobra/src/main/scala/viper/gobra/ast/frontend/Ast.scala. Using presentation compiler with project's scala-library version: 3.3.5[0m
May 09, 2025 2:49:21 PM org.eclipse.lsp4j.jsonrpc.RemoteEndpoint handleCancellation
WARNING: Unmatched cancel notification for request id 1329
2025.05.09 14:49:21 INFO  no build target found for /Users/herzamos/Desktop/eth/fs25/practical-work/gobra/src/main/scala/viper/gobra/ast/frontend/Ast.scala. Using presentation compiler with project's scala-library version: 3.3.5[0m
2025.05.09 14:49:24 INFO  no build target found for /Users/herzamos/Desktop/eth/fs25/practical-work/gobra/src/main/scala/viper/gobra/ast/frontend/Ast.scala. Using presentation compiler with project's scala-library version: 3.3.5[0m
2025.05.09 14:49:24 WARN  no build target for: /Users/herzamos/Desktop/eth/fs25/practical-work/gobra/src/main/scala/viper/gobra/frontend/info/implementation/typing/MemberTyping.scala[0m
2025.05.09 14:49:24 INFO  no build target found for /Users/herzamos/Desktop/eth/fs25/practical-work/gobra/src/main/scala/viper/gobra/frontend/info/implementation/typing/MemberTyping.scala. Using presentation compiler with project's scala-library version: 3.3.5[0m
2025.05.09 14:49:24 INFO  no build target found for /Users/herzamos/Desktop/eth/fs25/practical-work/gobra/src/main/scala/viper/gobra/frontend/info/implementation/typing/MemberTyping.scala. Using presentation compiler with project's scala-library version: 3.3.5[0m
2025.05.09 14:49:38 WARN  no build target for: /Users/herzamos/Desktop/eth/fs25/practical-work/gobra/src/main/scala/viper/gobra/frontend/info/implementation/typing/MemberTyping.scala[0m
2025.05.09 14:49:38 INFO  no build target found for /Users/herzamos/Desktop/eth/fs25/practical-work/gobra/src/main/scala/viper/gobra/frontend/info/implementation/typing/MemberTyping.scala. Using presentation compiler with project's scala-library version: 3.3.5[0m
2025.05.09 14:49:38 INFO  no build target found for /Users/herzamos/Desktop/eth/fs25/practical-work/gobra/src/main/scala/viper/gobra/frontend/info/implementation/typing/MemberTyping.scala. Using presentation compiler with project's scala-library version: 3.3.5[0m
2025.05.09 14:49:38 INFO  no build target found for /Users/herzamos/Desktop/eth/fs25/practical-work/gobra/src/main/scala/viper/gobra/frontend/info/implementation/typing/MemberTyping.scala. Using presentation compiler with project's scala-library version: 3.3.5[0m
2025.05.09 14:49:38 INFO  no build target found for /Users/herzamos/Desktop/eth/fs25/practical-work/gobra/src/main/scala/viper/gobra/frontend/info/implementation/typing/MemberTyping.scala. Using presentation compiler with project's scala-library version: 3.3.5[0m
May 09, 2025 2:49:38 PM org.eclipse.lsp4j.jsonrpc.RemoteEndpoint handleCancellation
WARNING: Unmatched cancel notification for request id 1352
2025.05.09 14:49:39 INFO  no build target found for /Users/herzamos/Desktop/eth/fs25/practical-work/gobra/src/main/scala/viper/gobra/frontend/info/implementation/typing/MemberTyping.scala. Using presentation compiler with project's scala-library version: 3.3.5[0m
2025.05.09 14:50:53 INFO  no build target found for /Users/herzamos/Desktop/eth/fs25/practical-work/gobra/src/main/scala/viper/gobra/frontend/info/implementation/typing/MemberTyping.scala. Using presentation compiler with project's scala-library version: 3.3.5[0m
2025.05.09 14:50:53 INFO  no build target found for /Users/herzamos/Desktop/eth/fs25/practical-work/gobra/src/main/scala/viper/gobra/frontend/info/implementation/typing/MemberTyping.scala. Using presentation compiler with project's scala-library version: 3.3.5[0m
2025.05.09 14:50:54 INFO  no build target found for /Users/herzamos/Desktop/eth/fs25/practical-work/gobra/src/main/scala/viper/gobra/frontend/info/implementation/typing/MemberTyping.scala. Using presentation compiler with project's scala-library version: 3.3.5[0m
2025.05.09 14:51:02 INFO  no build target found for /Users/herzamos/Desktop/eth/fs25/practical-work/gobra/src/main/scala/viper/gobra/frontend/info/implementation/typing/MemberTyping.scala. Using presentation compiler with project's scala-library version: 3.3.5[0m
2025.05.09 14:51:02 INFO  no build target found for /Users/herzamos/Desktop/eth/fs25/practical-work/gobra/src/main/scala/viper/gobra/frontend/info/implementation/typing/MemberTyping.scala. Using presentation compiler with project's scala-library version: 3.3.5[0m
2025.05.09 14:51:02 INFO  no build target found for /Users/herzamos/Desktop/eth/fs25/practical-work/gobra/src/main/scala/viper/gobra/frontend/info/implementation/typing/MemberTyping.scala. Using presentation compiler with project's scala-library version: 3.3.5[0m
2025.05.09 14:51:02 INFO  no build target found for /Users/herzamos/Desktop/eth/fs25/practical-work/gobra/src/main/scala/viper/gobra/frontend/info/implementation/typing/MemberTyping.scala. Using presentation compiler with project's scala-library version: 3.3.5[0m
2025.05.09 14:51:02 INFO  no build target found for /Users/herzamos/Desktop/eth/fs25/practical-work/gobra/src/main/scala/viper/gobra/frontend/info/implementation/typing/MemberTyping.scala. Using presentation compiler with project's scala-library version: 3.3.5[0m
2025.05.09 14:51:02 INFO  no build target found for /Users/herzamos/Desktop/eth/fs25/practical-work/gobra/src/main/scala/viper/gobra/frontend/info/implementation/typing/MemberTyping.scala. Using presentation compiler with project's scala-library version: 3.3.5[0m
2025.05.09 14:51:02 INFO  no build target found for /Users/herzamos/Desktop/eth/fs25/practical-work/gobra/src/main/scala/viper/gobra/frontend/info/implementation/typing/MemberTyping.scala. Using presentation compiler with project's scala-library version: 3.3.5[0m
2025.05.09 14:51:02 INFO  no build target found for /Users/herzamos/Desktop/eth/fs25/practical-work/gobra/src/main/scala/viper/gobra/frontend/info/implementation/typing/MemberTyping.scala. Using presentation compiler with project's scala-library version: 3.3.5[0m
2025.05.09 14:51:02 INFO  no build target found for /Users/herzamos/Desktop/eth/fs25/practical-work/gobra/src/main/scala/viper/gobra/frontend/info/implementation/typing/MemberTyping.scala. Using presentation compiler with project's scala-library version: 3.3.5[0m
2025.05.09 14:51:02 INFO  no build target found for /Users/herzamos/Desktop/eth/fs25/practical-work/gobra/src/main/scala/viper/gobra/frontend/info/implementation/typing/MemberTyping.scala. Using presentation compiler with project's scala-library version: 3.3.5[0m
2025.05.09 14:51:04 WARN  no build target for: /Users/herzamos/Desktop/eth/fs25/practical-work/gobra/src/main/scala/viper/gobra/frontend/info/implementation/typing/MemberTyping.scala[0m
2025.05.09 14:51:04 INFO  no build target found for /Users/herzamos/Desktop/eth/fs25/practical-work/gobra/src/main/scala/viper/gobra/frontend/info/implementation/typing/MemberTyping.scala. Using presentation compiler with project's scala-library version: 3.3.5[0m
2025.05.09 14:51:06 INFO  no build target found for /Users/herzamos/Desktop/eth/fs25/practical-work/gobra/src/main/scala/viper/gobra/frontend/info/implementation/typing/MemberTyping.scala. Using presentation compiler with project's scala-library version: 3.3.5[0m
2025.05.09 14:51:06 INFO  no build target found for /Users/herzamos/Desktop/eth/fs25/practical-work/gobra/src/main/scala/viper/gobra/frontend/info/implementation/typing/MemberTyping.scala. Using presentation compiler with project's scala-library version: 3.3.5[0m
2025.05.09 14:51:06 INFO  no build target found for /Users/herzamos/Desktop/eth/fs25/practical-work/gobra/src/main/scala/viper/gobra/frontend/info/implementation/typing/MemberTyping.scala. Using presentation compiler with project's scala-library version: 3.3.5[0m
2025.05.09 14:51:06 INFO  no build target found for /Users/herzamos/Desktop/eth/fs25/practical-work/gobra/src/main/scala/viper/gobra/frontend/info/implementation/typing/MemberTyping.scala. Using presentation compiler with project's scala-library version: 3.3.5[0m
2025.05.09 14:51:06 INFO  no build target found for /Users/herzamos/Desktop/eth/fs25/practical-work/gobra/src/main/scala/viper/gobra/frontend/info/implementation/typing/MemberTyping.scala. Using presentation compiler with project's scala-library version: 3.3.5[0m
2025.05.09 14:51:06 INFO  no build target found for /Users/herzamos/Desktop/eth/fs25/practical-work/gobra/src/main/scala/viper/gobra/frontend/info/implementation/typing/MemberTyping.scala. Using presentation compiler with project's scala-library version: 3.3.5[0m
2025.05.09 14:51:06 INFO  no build target found for /Users/herzamos/Desktop/eth/fs25/practical-work/gobra/src/main/scala/viper/gobra/frontend/info/implementation/typing/MemberTyping.scala. Using presentation compiler with project's scala-library version: 3.3.5[0m
2025.05.09 14:51:09 INFO  no build target found for /Users/herzamos/Desktop/eth/fs25/practical-work/gobra/src/main/scala/viper/gobra/frontend/info/implementation/typing/MemberTyping.scala. Using presentation compiler with project's scala-library version: 3.3.5[0m
2025.05.09 14:51:26 INFO  no build target found for /Users/herzamos/Desktop/eth/fs25/practical-work/gobra/src/main/scala/viper/gobra/frontend/info/implementation/typing/MemberTyping.scala. Using presentation compiler with project's scala-library version: 3.3.5[0m
2025.05.09 14:51:26 INFO  no build target found for /Users/herzamos/Desktop/eth/fs25/practical-work/gobra/src/main/scala/viper/gobra/frontend/info/implementation/typing/MemberTyping.scala. Using presentation compiler with project's scala-library version: 3.3.5[0m
2025.05.09 14:51:26 INFO  no build target found for /Users/herzamos/Desktop/eth/fs25/practical-work/gobra/src/main/scala/viper/gobra/frontend/info/implementation/typing/MemberTyping.scala. Using presentation compiler with project's scala-library version: 3.3.5[0m
2025.05.09 14:51:27 INFO  no build target found for /Users/herzamos/Desktop/eth/fs25/practical-work/gobra/src/main/scala/viper/gobra/frontend/info/implementation/typing/MemberTyping.scala. Using presentation compiler with project's scala-library version: 3.3.5[0m
2025.05.09 14:51:27 INFO  no build target found for /Users/herzamos/Desktop/eth/fs25/practical-work/gobra/src/main/scala/viper/gobra/frontend/info/implementation/typing/MemberTyping.scala. Using presentation compiler with project's scala-library version: 3.3.5[0m
2025.05.09 14:51:27 INFO  no build target found for /Users/herzamos/Desktop/eth/fs25/practical-work/gobra/src/main/scala/viper/gobra/frontend/info/implementation/typing/MemberTyping.scala. Using presentation compiler with project's scala-library version: 3.3.5[0m
2025.05.09 14:51:28 INFO  no build target found for /Users/herzamos/Desktop/eth/fs25/practical-work/gobra/src/main/scala/viper/gobra/frontend/info/implementation/typing/MemberTyping.scala. Using presentation compiler with project's scala-library version: 3.3.5[0m
2025.05.09 14:51:28 INFO  no build target found for /Users/herzamos/Desktop/eth/fs25/practical-work/gobra/src/main/scala/viper/gobra/frontend/info/implementation/typing/MemberTyping.scala. Using presentation compiler with project's scala-library version: 3.3.5[0m
2025.05.09 14:51:28 INFO  no build target found for /Users/herzamos/Desktop/eth/fs25/practical-work/gobra/src/main/scala/viper/gobra/frontend/info/implementation/typing/MemberTyping.scala. Using presentation compiler with project's scala-library version: 3.3.5[0m
2025.05.09 14:51:28 INFO  no build target found for /Users/herzamos/Desktop/eth/fs25/practical-work/gobra/src/main/scala/viper/gobra/frontend/info/implementation/typing/MemberTyping.scala. Using presentation compiler with project's scala-library version: 3.3.5[0m
2025.05.09 14:51:30 INFO  no build target found for /Users/herzamos/Desktop/eth/fs25/practical-work/gobra/src/main/scala/viper/gobra/frontend/info/implementation/typing/MemberTyping.scala. Using presentation compiler with project's scala-library version: 3.3.5[0m
2025.05.09 14:51:30 INFO  no build target found for /Users/herzamos/Desktop/eth/fs25/practical-work/gobra/src/main/scala/viper/gobra/frontend/info/implementation/typing/MemberTyping.scala. Using presentation compiler with project's scala-library version: 3.3.5[0m
2025.05.09 14:51:30 INFO  no build target found for /Users/herzamos/Desktop/eth/fs25/practical-work/gobra/src/main/scala/viper/gobra/frontend/info/implementation/typing/MemberTyping.scala. Using presentation compiler with project's scala-library version: 3.3.5[0m
2025.05.09 14:51:30 WARN  no build target for: /Users/herzamos/Desktop/eth/fs25/practical-work/gobra/src/main/scala/viper/gobra/frontend/info/implementation/typing/MemberTyping.scala[0m
2025.05.09 14:52:43 INFO  no build target found for /Users/herzamos/Desktop/eth/fs25/practical-work/gobra/src/main/scala/viper/gobra/frontend/info/implementation/typing/MemberTyping.scala. Using presentation compiler with project's scala-library version: 3.3.5[0m
2025.05.09 14:52:43 INFO  no build target found for /Users/herzamos/Desktop/eth/fs25/practical-work/gobra/src/main/scala/viper/gobra/frontend/info/implementation/typing/MemberTyping.scala. Using presentation compiler with project's scala-library version: 3.3.5[0m
2025.05.09 14:52:44 INFO  no build target found for /Users/herzamos/Desktop/eth/fs25/practical-work/gobra/src/main/scala/viper/gobra/frontend/info/implementation/typing/MemberTyping.scala. Using presentation compiler with project's scala-library version: 3.3.5[0m
2025.05.09 14:52:44 INFO  no build target found for /Users/herzamos/Desktop/eth/fs25/practical-work/gobra/src/main/scala/viper/gobra/frontend/info/implementation/typing/MemberTyping.scala. Using presentation compiler with project's scala-library version: 3.3.5[0m
2025.05.09 14:52:44 INFO  no build target found for /Users/herzamos/Desktop/eth/fs25/practical-work/gobra/src/main/scala/viper/gobra/frontend/info/implementation/typing/MemberTyping.scala. Using presentation compiler with project's scala-library version: 3.3.5[0m
2025.05.09 14:52:47 INFO  no build target found for /Users/herzamos/Desktop/eth/fs25/practical-work/gobra/src/main/scala/viper/gobra/frontend/info/implementation/typing/MemberTyping.scala. Using presentation compiler with project's scala-library version: 3.3.5[0m
2025.05.09 14:52:47 INFO  no build target found for /Users/herzamos/Desktop/eth/fs25/practical-work/gobra/src/main/scala/viper/gobra/frontend/info/implementation/typing/MemberTyping.scala. Using presentation compiler with project's scala-library version: 3.3.5[0m
2025.05.09 14:52:47 INFO  no build target found for /Users/herzamos/Desktop/eth/fs25/practical-work/gobra/src/main/scala/viper/gobra/frontend/info/implementation/typing/MemberTyping.scala. Using presentation compiler with project's scala-library version: 3.3.5[0m
2025.05.09 14:52:47 INFO  no build target found for /Users/herzamos/Desktop/eth/fs25/practical-work/gobra/src/main/scala/viper/gobra/frontend/info/implementation/typing/MemberTyping.scala. Using presentation compiler with project's scala-library version: 3.3.5[0m
2025.05.09 14:52:47 INFO  no build target found for /Users/herzamos/Desktop/eth/fs25/practical-work/gobra/src/main/scala/viper/gobra/frontend/info/implementation/typing/MemberTyping.scala. Using presentation compiler with project's scala-library version: 3.3.5[0m
2025.05.09 14:52:49 INFO  no build target found for /Users/herzamos/Desktop/eth/fs25/practical-work/gobra/src/main/scala/viper/gobra/frontend/info/implementation/typing/MemberTyping.scala. Using presentation compiler with project's scala-library version: 3.3.5[0m
2025.05.09 14:52:49 INFO  no build target found for /Users/herzamos/Desktop/eth/fs25/practical-work/gobra/src/main/scala/viper/gobra/frontend/info/implementation/typing/MemberTyping.scala. Using presentation compiler with project's scala-library version: 3.3.5[0m
2025.05.09 14:52:49 INFO  no build target found for /Users/herzamos/Desktop/eth/fs25/practical-work/gobra/src/main/scala/viper/gobra/frontend/info/implementation/typing/MemberTyping.scala. Using presentation compiler with project's scala-library version: 3.3.5[0m
2025.05.09 14:52:49 INFO  no build target found for /Users/herzamos/Desktop/eth/fs25/practical-work/gobra/src/main/scala/viper/gobra/frontend/info/implementation/typing/MemberTyping.scala. Using presentation compiler with project's scala-library version: 3.3.5[0m
2025.05.09 14:52:51 INFO  no build target found for /Users/herzamos/Desktop/eth/fs25/practical-work/gobra/src/main/scala/viper/gobra/frontend/info/implementation/typing/MemberTyping.scala. Using presentation compiler with project's scala-library version: 3.3.5[0m
2025.05.09 14:52:51 INFO  no build target found for /Users/herzamos/Desktop/eth/fs25/practical-work/gobra/src/main/scala/viper/gobra/frontend/info/implementation/typing/MemberTyping.scala. Using presentation compiler with project's scala-library version: 3.3.5[0m
2025.05.09 14:52:51 INFO  no build target found for /Users/herzamos/Desktop/eth/fs25/practical-work/gobra/src/main/scala/viper/gobra/frontend/info/implementation/typing/MemberTyping.scala. Using presentation compiler with project's scala-library version: 3.3.5[0m
2025.05.09 14:52:52 INFO  no build target found for /Users/herzamos/Desktop/eth/fs25/practical-work/gobra/src/main/scala/viper/gobra/frontend/info/implementation/typing/MemberTyping.scala. Using presentation compiler with project's scala-library version: 3.3.5[0m
2025.05.09 14:52:52 INFO  no build target found for /Users/herzamos/Desktop/eth/fs25/practical-work/gobra/src/main/scala/viper/gobra/frontend/info/implementation/typing/MemberTyping.scala. Using presentation compiler with project's scala-library version: 3.3.5[0m
2025.05.09 14:52:52 INFO  no build target found for /Users/herzamos/Desktop/eth/fs25/practical-work/gobra/src/main/scala/viper/gobra/frontend/info/implementation/typing/MemberTyping.scala. Using presentation compiler with project's scala-library version: 3.3.5[0m
2025.05.09 14:52:52 INFO  no build target found for /Users/herzamos/Desktop/eth/fs25/practical-work/gobra/src/main/scala/viper/gobra/frontend/info/implementation/typing/MemberTyping.scala. Using presentation compiler with project's scala-library version: 3.3.5[0m
2025.05.09 14:52:52 INFO  no build target found for /Users/herzamos/Desktop/eth/fs25/practical-work/gobra/src/main/scala/viper/gobra/frontend/info/implementation/typing/MemberTyping.scala. Using presentation compiler with project's scala-library version: 3.3.5[0m
2025.05.09 14:52:52 INFO  no build target found for /Users/herzamos/Desktop/eth/fs25/practical-work/gobra/src/main/scala/viper/gobra/frontend/info/implementation/typing/MemberTyping.scala. Using presentation compiler with project's scala-library version: 3.3.5[0m
2025.05.09 14:52:52 INFO  no build target found for /Users/herzamos/Desktop/eth/fs25/practical-work/gobra/src/main/scala/viper/gobra/frontend/info/implementation/typing/MemberTyping.scala. Using presentation compiler with project's scala-library version: 3.3.5[0m
2025.05.09 14:52:52 INFO  no build target found for /Users/herzamos/Desktop/eth/fs25/practical-work/gobra/src/main/scala/viper/gobra/frontend/info/implementation/typing/MemberTyping.scala. Using presentation compiler with project's scala-library version: 3.3.5[0m
2025.05.09 14:52:52 INFO  no build target found for /Users/herzamos/Desktop/eth/fs25/practical-work/gobra/src/main/scala/viper/gobra/frontend/info/implementation/typing/MemberTyping.scala. Using presentation compiler with project's scala-library version: 3.3.5[0m
2025.05.09 14:52:52 INFO  no build target found for /Users/herzamos/Desktop/eth/fs25/practical-work/gobra/src/main/scala/viper/gobra/frontend/info/implementation/typing/MemberTyping.scala. Using presentation compiler with project's scala-library version: 3.3.5[0m
2025.05.09 14:52:53 INFO  no build target found for /Users/herzamos/Desktop/eth/fs25/practical-work/gobra/src/main/scala/viper/gobra/frontend/info/implementation/typing/MemberTyping.scala. Using presentation compiler with project's scala-library version: 3.3.5[0m
2025.05.09 14:52:53 INFO  no build target found for /Users/herzamos/Desktop/eth/fs25/practical-work/gobra/src/main/scala/viper/gobra/frontend/info/implementation/typing/MemberTyping.scala. Using presentation compiler with project's scala-library version: 3.3.5[0m
2025.05.09 14:52:53 INFO  no build target found for /Users/herzamos/Desktop/eth/fs25/practical-work/gobra/src/main/scala/viper/gobra/frontend/info/implementation/typing/MemberTyping.scala. Using presentation compiler with project's scala-library version: 3.3.5[0m
2025.05.09 14:52:53 INFO  no build target found for /Users/herzamos/Desktop/eth/fs25/practical-work/gobra/src/main/scala/viper/gobra/frontend/info/implementation/typing/MemberTyping.scala. Using presentation compiler with project's scala-library version: 3.3.5[0m
2025.05.09 14:52:53 INFO  no build target found for /Users/herzamos/Desktop/eth/fs25/practical-work/gobra/src/main/scala/viper/gobra/frontend/info/implementation/typing/MemberTyping.scala. Using presentation compiler with project's scala-library version: 3.3.5[0m
2025.05.09 14:52:53 INFO  no build target found for /Users/herzamos/Desktop/eth/fs25/practical-work/gobra/src/main/scala/viper/gobra/frontend/info/implementation/typing/MemberTyping.scala. Using presentation compiler with project's scala-library version: 3.3.5[0m
2025.05.09 14:52:53 INFO  no build target found for /Users/herzamos/Desktop/eth/fs25/practical-work/gobra/src/main/scala/viper/gobra/frontend/info/implementation/typing/MemberTyping.scala. Using presentation compiler with project's scala-library version: 3.3.5[0m
2025.05.09 14:52:53 INFO  no build target found for /Users/herzamos/Desktop/eth/fs25/practical-work/gobra/src/main/scala/viper/gobra/frontend/info/implementation/typing/MemberTyping.scala. Using presentation compiler with project's scala-library version: 3.3.5[0m
2025.05.09 14:52:54 INFO  no build target found for /Users/herzamos/Desktop/eth/fs25/practical-work/gobra/src/main/scala/viper/gobra/frontend/info/implementation/typing/MemberTyping.scala. Using presentation compiler with project's scala-library version: 3.3.5[0m
2025.05.09 14:52:54 INFO  no build target found for /Users/herzamos/Desktop/eth/fs25/practical-work/gobra/src/main/scala/viper/gobra/frontend/info/implementation/typing/MemberTyping.scala. Using presentation compiler with project's scala-library version: 3.3.5[0m
2025.05.09 14:52:56 WARN  no build target for: /Users/herzamos/Desktop/eth/fs25/practical-work/gobra/src/main/scala/viper/gobra/frontend/info/implementation/typing/MemberTyping.scala[0m
2025.05.09 14:52:56 INFO  no build target found for /Users/herzamos/Desktop/eth/fs25/practical-work/gobra/src/main/scala/viper/gobra/frontend/info/implementation/typing/MemberTyping.scala. Using presentation compiler with project's scala-library version: 3.3.5[0m
2025.05.09 14:52:57 INFO  no build target found for /Users/herzamos/Desktop/eth/fs25/practical-work/gobra/src/main/scala/viper/gobra/frontend/info/implementation/typing/MemberTyping.scala. Using presentation compiler with project's scala-library version: 3.3.5[0m
2025.05.09 14:52:57 INFO  no build target found for /Users/herzamos/Desktop/eth/fs25/practical-work/gobra/src/main/scala/viper/gobra/frontend/info/implementation/typing/MemberTyping.scala. Using presentation compiler with project's scala-library version: 3.3.5[0m
2025.05.09 14:53:11 INFO  no build target found for /Users/herzamos/Desktop/eth/fs25/practical-work/gobra/src/main/scala/viper/gobra/frontend/info/implementation/typing/MemberTyping.scala. Using presentation compiler with project's scala-library version: 3.3.5[0m
2025.05.09 14:53:12 INFO  no build target found for /Users/herzamos/Desktop/eth/fs25/practical-work/gobra/src/main/scala/viper/gobra/frontend/info/implementation/typing/MemberTyping.scala. Using presentation compiler with project's scala-library version: 3.3.5[0m
2025.05.09 14:53:12 INFO  no build target found for /Users/herzamos/Desktop/eth/fs25/practical-work/gobra/src/main/scala/viper/gobra/frontend/info/implementation/typing/MemberTyping.scala. Using presentation compiler with project's scala-library version: 3.3.5[0m
2025.05.09 14:53:12 INFO  no build target found for /Users/herzamos/Desktop/eth/fs25/practical-work/gobra/src/main/scala/viper/gobra/frontend/info/implementation/typing/MemberTyping.scala. Using presentation compiler with project's scala-library version: 3.3.5[0m
2025.05.09 14:53:20 INFO  no build target found for /Users/herzamos/Desktop/eth/fs25/practical-work/gobra/src/main/scala/viper/gobra/frontend/info/implementation/typing/MemberTyping.scala. Using presentation compiler with project's scala-library version: 3.3.5[0m
2025.05.09 14:53:20 INFO  no build target found for /Users/herzamos/Desktop/eth/fs25/practical-work/gobra/src/main/scala/viper/gobra/frontend/info/implementation/typing/MemberTyping.scala. Using presentation compiler with project's scala-library version: 3.3.5[0m
2025.05.09 14:53:23 INFO  no build target found for /Users/herzamos/Desktop/eth/fs25/practical-work/gobra/src/main/scala/viper/gobra/frontend/info/implementation/typing/MemberTyping.scala. Using presentation compiler with project's scala-library version: 3.3.5[0m
2025.05.09 14:53:51 INFO  no build target found for /Users/herzamos/Desktop/eth/fs25/practical-work/gobra/src/main/scala/viper/gobra/frontend/info/implementation/typing/MemberTyping.scala. Using presentation compiler with project's scala-library version: 3.3.5[0m
2025.05.09 14:53:51 INFO  no build target found for /Users/herzamos/Desktop/eth/fs25/practical-work/gobra/src/main/scala/viper/gobra/frontend/info/implementation/typing/MemberTyping.scala. Using presentation compiler with project's scala-library version: 3.3.5[0m
2025.05.09 14:53:51 INFO  no build target found for /Users/herzamos/Desktop/eth/fs25/practical-work/gobra/src/main/scala/viper/gobra/frontend/info/implementation/typing/MemberTyping.scala. Using presentation compiler with project's scala-library version: 3.3.5[0m
2025.05.09 14:53:53 INFO  no build target found for /Users/herzamos/Desktop/eth/fs25/practical-work/gobra/src/main/scala/viper/gobra/frontend/info/implementation/typing/MemberTyping.scala. Using presentation compiler with project's scala-library version: 3.3.5[0m
2025.05.09 14:53:53 INFO  no build target found for /Users/herzamos/Desktop/eth/fs25/practical-work/gobra/src/main/scala/viper/gobra/frontend/info/implementation/typing/MemberTyping.scala. Using presentation compiler with project's scala-library version: 3.3.5[0m
2025.05.09 14:53:54 INFO  no build target found for /Users/herzamos/Desktop/eth/fs25/practical-work/gobra/src/main/scala/viper/gobra/frontend/info/implementation/typing/MemberTyping.scala. Using presentation compiler with project's scala-library version: 3.3.5[0m
May 09, 2025 2:53:54 PM scala.meta.internal.metals.StdReporter $anonfun$create$1
WARNING: empty definition using pc, found symbol in pc: Messages# (full report at: /Users/herzamos/Desktop/eth/fs25/practical-work/.metals/.reports/metals-full/2025-05-09/r_empty-definition_14-40-39-399.md)
2025.05.09 14:53:54 INFO  no build target found for /Users/herzamos/Desktop/eth/fs25/practical-work/gobra/src/main/scala/viper/gobra/frontend/info/implementation/typing/MemberTyping.scala. Using presentation compiler with project's scala-library version: 3.3.5[0m
May 09, 2025 2:53:54 PM scala.meta.internal.metals.StdReporter $anonfun$create$1
WARNING: empty definition using pc, found symbol in pc: Messages# (full report at: /Users/herzamos/Desktop/eth/fs25/practical-work/.metals/.reports/metals-full/2025-05-09/r_empty-definition_14-40-39-399.md)
2025.05.09 14:53:54 INFO  no build target found for /Users/herzamos/Desktop/eth/fs25/practical-work/gobra/src/main/scala/viper/gobra/frontend/info/implementation/typing/MemberTyping.scala. Using presentation compiler with project's scala-library version: 3.3.5[0m
2025.05.09 14:53:54 INFO  no build target found for /Users/herzamos/Desktop/eth/fs25/practical-work/gobra/src/main/scala/viper/gobra/frontend/info/implementation/typing/MemberTyping.scala. Using presentation compiler with project's scala-library version: 3.3.5[0m
2025.05.09 14:53:56 INFO  no build target found for /Users/herzamos/Desktop/eth/fs25/practical-work/gobra/src/main/scala/viper/gobra/frontend/info/implementation/typing/MemberTyping.scala. Using presentation compiler with project's scala-library version: 3.3.5[0m
May 09, 2025 2:53:56 PM scala.meta.internal.metals.StdReporter $anonfun$create$1
WARNING: empty definition using pc, found symbol in pc: Messages# (full report at: /Users/herzamos/Desktop/eth/fs25/practical-work/.metals/.reports/metals-full/2025-05-09/r_empty-definition_14-40-39-399.md)
2025.05.09 14:54:04 INFO  no build target found for /Users/herzamos/Desktop/eth/fs25/practical-work/gobra/src/main/scala/viper/gobra/ast/frontend/Ast.scala. Using presentation compiler with project's scala-library version: 3.3.5[0m
2025.05.09 14:54:04 INFO  no build target found for /Users/herzamos/Desktop/eth/fs25/practical-work/gobra/src/main/scala/viper/gobra/ast/frontend/Ast.scala. Using presentation compiler with project's scala-library version: 3.3.5[0m
2025.05.09 14:54:04 INFO  no build target found for /Users/herzamos/Desktop/eth/fs25/practical-work/gobra/src/main/scala/viper/gobra/ast/frontend/Ast.scala. Using presentation compiler with project's scala-library version: 3.3.5[0m
2025.05.09 14:54:06 INFO  no build target found for /Users/herzamos/Desktop/eth/fs25/practical-work/gobra/src/main/scala/viper/gobra/ast/frontend/Ast.scala. Using presentation compiler with project's scala-library version: 3.3.5[0m
2025.05.09 14:54:08 INFO  no build target found for /Users/herzamos/Desktop/eth/fs25/practical-work/gobra/src/main/scala/viper/gobra/ast/frontend/Ast.scala. Using presentation compiler with project's scala-library version: 3.3.5[0m
2025.05.09 14:54:08 INFO  no build target found for /Users/herzamos/Desktop/eth/fs25/practical-work/gobra/src/main/scala/viper/gobra/ast/frontend/Ast.scala. Using presentation compiler with project's scala-library version: 3.3.5[0m
2025.05.09 14:54:09 INFO  no build target found for /Users/herzamos/Desktop/eth/fs25/practical-work/gobra/src/main/scala/viper/gobra/ast/frontend/Ast.scala. Using presentation compiler with project's scala-library version: 3.3.5[0m
2025.05.09 14:54:09 INFO  no build target found for /Users/herzamos/Desktop/eth/fs25/practical-work/gobra/src/main/scala/viper/gobra/ast/frontend/Ast.scala. Using presentation compiler with project's scala-library version: 3.3.5[0m
2025.05.09 14:54:09 INFO  no build target found for /Users/herzamos/Desktop/eth/fs25/practical-work/gobra/src/main/scala/viper/gobra/ast/frontend/Ast.scala. Using presentation compiler with project's scala-library version: 3.3.5[0m
2025.05.09 14:54:10 INFO  no build target found for /Users/herzamos/Desktop/eth/fs25/practical-work/gobra/src/main/scala/viper/gobra/ast/frontend/Ast.scala. Using presentation compiler with project's scala-library version: 3.3.5[0m
2025.05.09 14:54:10 INFO  no build target found for /Users/herzamos/Desktop/eth/fs25/practical-work/gobra/src/main/scala/viper/gobra/ast/frontend/Ast.scala. Using presentation compiler with project's scala-library version: 3.3.5[0m
2025.05.09 14:54:10 INFO  no build target found for /Users/herzamos/Desktop/eth/fs25/practical-work/gobra/src/main/scala/viper/gobra/ast/frontend/Ast.scala. Using presentation compiler with project's scala-library version: 3.3.5[0m
2025.05.09 14:54:10 INFO  no build target found for /Users/herzamos/Desktop/eth/fs25/practical-work/gobra/src/main/scala/viper/gobra/ast/frontend/Ast.scala. Using presentation compiler with project's scala-library version: 3.3.5[0m
May 09, 2025 2:54:11 PM scala.meta.internal.metals.StdReporter $anonfun$create$1
WARNING: empty definition using pc, found symbol in pc: `<none>`. (full report at: /Users/herzamos/Desktop/eth/fs25/practical-work/.metals/.reports/metals-full/2025-05-09/r_empty-definition_14-31-07-848.md)
2025.05.09 14:54:13 INFO  no build target found for /Users/herzamos/Desktop/eth/fs25/practical-work/gobra/src/main/scala/viper/gobra/ast/frontend/Ast.scala. Using presentation compiler with project's scala-library version: 3.3.5[0m
May 09, 2025 2:54:13 PM scala.meta.internal.metals.StdReporter $anonfun$create$1
WARNING: empty definition using pc, found symbol in pc: `<none>`. (full report at: /Users/herzamos/Desktop/eth/fs25/practical-work/.metals/.reports/metals-full/2025-05-09/r_empty-definition_14-31-07-848.md)
2025.05.09 14:54:45 INFO  no build target found for /Users/herzamos/Desktop/eth/fs25/practical-work/gobra/src/main/scala/viper/gobra/ast/frontend/Ast.scala. Using presentation compiler with project's scala-library version: 3.3.5[0m
2025.05.09 14:54:45 INFO  no build target found for /Users/herzamos/Desktop/eth/fs25/practical-work/gobra/src/main/scala/viper/gobra/ast/frontend/Ast.scala. Using presentation compiler with project's scala-library version: 3.3.5[0m
2025.05.09 14:54:48 INFO  no build target found for /Users/herzamos/Desktop/eth/fs25/practical-work/gobra/src/main/scala/viper/gobra/ast/frontend/Ast.scala. Using presentation compiler with project's scala-library version: 3.3.5[0m
2025.05.09 14:54:57 INFO  no build target found for /Users/herzamos/Desktop/eth/fs25/practical-work/gobra/src/main/scala/viper/gobra/ast/frontend/Ast.scala. Using presentation compiler with project's scala-library version: 3.3.5[0m
2025.05.09 14:54:57 INFO  no build target found for /Users/herzamos/Desktop/eth/fs25/practical-work/gobra/src/main/scala/viper/gobra/frontend/info/implementation/Errors.scala. Using presentation compiler with project's scala-library version: 3.3.5[0m
2025.05.09 14:54:57 INFO  no build target found for /Users/herzamos/Desktop/eth/fs25/practical-work/gobra/src/main/scala/viper/gobra/frontend/info/implementation/Errors.scala. Using presentation compiler with project's scala-library version: 3.3.5[0m
2025.05.09 14:55:00 INFO  no build target found for /Users/herzamos/Desktop/eth/fs25/practical-work/gobra/src/main/scala/viper/gobra/frontend/info/implementation/Errors.scala. Using presentation compiler with project's scala-library version: 3.3.5[0m
2025.05.09 14:55:05 INFO  no build target found for /Users/herzamos/Desktop/eth/fs25/practical-work/gobra/src/main/scala/viper/gobra/frontend/info/implementation/Errors.scala. Using presentation compiler with project's scala-library version: 3.3.5[0m
2025.05.09 14:55:05 WARN  no build target for: /Users/herzamos/Desktop/eth/fs25/practical-work/gobra/src/main/scala/viper/gobra/frontend/info/implementation/typing/MemberTyping.scala[0m
2025.05.09 14:55:05 INFO  no build target found for /Users/herzamos/Desktop/eth/fs25/practical-work/gobra/src/main/scala/viper/gobra/frontend/info/implementation/typing/MemberTyping.scala. Using presentation compiler with project's scala-library version: 3.3.5[0m
2025.05.09 14:55:05 INFO  no build target found for /Users/herzamos/Desktop/eth/fs25/practical-work/gobra/src/main/scala/viper/gobra/frontend/info/implementation/typing/MemberTyping.scala. Using presentation compiler with project's scala-library version: 3.3.5[0m
2025.05.09 14:55:05 INFO  no build target found for /Users/herzamos/Desktop/eth/fs25/practical-work/gobra/src/main/scala/viper/gobra/frontend/info/implementation/typing/MemberTyping.scala. Using presentation compiler with project's scala-library version: 3.3.5[0m
2025.05.09 14:55:05 INFO  no build target found for /Users/herzamos/Desktop/eth/fs25/practical-work/gobra/src/main/scala/viper/gobra/frontend/info/implementation/typing/MemberTyping.scala. Using presentation compiler with project's scala-library version: 3.3.5[0m
2025.05.09 14:55:09 INFO  no build target found for /Users/herzamos/Desktop/eth/fs25/practical-work/gobra/src/main/scala/viper/gobra/frontend/info/implementation/typing/MemberTyping.scala. Using presentation compiler with project's scala-library version: 3.3.5[0m
2025.05.09 14:55:11 INFO  no build target found for /Users/herzamos/Desktop/eth/fs25/practical-work/gobra/src/main/scala/viper/gobra/frontend/info/implementation/typing/MemberTyping.scala. Using presentation compiler with project's scala-library version: 3.3.5[0m
2025.05.09 14:55:14 INFO  no build target found for /Users/herzamos/Desktop/eth/fs25/practical-work/gobra/src/main/scala/viper/gobra/frontend/info/implementation/typing/MemberTyping.scala. Using presentation compiler with project's scala-library version: 3.3.5[0m
2025.05.09 14:55:16 INFO  no build target found for /Users/herzamos/Desktop/eth/fs25/practical-work/gobra/src/main/scala/viper/gobra/frontend/info/implementation/typing/MemberTyping.scala. Using presentation compiler with project's scala-library version: 3.3.5[0m
2025.05.09 14:55:16 INFO  no build target found for /Users/herzamos/Desktop/eth/fs25/practical-work/gobra/src/main/scala/viper/gobra/frontend/info/implementation/typing/MemberTyping.scala. Using presentation compiler with project's scala-library version: 3.3.5[0m
2025.05.09 14:55:16 INFO  no build target found for /Users/herzamos/Desktop/eth/fs25/practical-work/gobra/src/main/scala/viper/gobra/frontend/info/implementation/typing/MemberTyping.scala. Using presentation compiler with project's scala-library version: 3.3.5[0m
May 09, 2025 2:55:16 PM scala.meta.internal.metals.StdReporter $anonfun$create$1
WARNING: empty definition using pc, found symbol in pc: `<none>`. (full report at: /Users/herzamos/Desktop/eth/fs25/practical-work/.metals/.reports/metals-full/2025-05-09/r_empty-definition_14-31-07-848.md)
2025.05.09 14:55:17 INFO  no build target found for /Users/herzamos/Desktop/eth/fs25/practical-work/gobra/src/main/scala/viper/gobra/frontend/info/implementation/typing/MemberTyping.scala. Using presentation compiler with project's scala-library version: 3.3.5[0m
2025.05.09 14:55:17 INFO  no build target found for /Users/herzamos/Desktop/eth/fs25/practical-work/gobra/src/main/scala/viper/gobra/frontend/info/implementation/typing/MemberTyping.scala. Using presentation compiler with project's scala-library version: 3.3.5[0m
2025.05.09 14:55:18 INFO  no build target found for /Users/herzamos/Desktop/eth/fs25/practical-work/gobra/src/main/scala/viper/gobra/frontend/info/implementation/typing/MemberTyping.scala. Using presentation compiler with project's scala-library version: 3.3.5[0m
2025.05.09 14:55:18 INFO  no build target found for /Users/herzamos/Desktop/eth/fs25/practical-work/gobra/src/main/scala/viper/gobra/frontend/info/implementation/typing/MemberTyping.scala. Using presentation compiler with project's scala-library version: 3.3.5[0m
2025.05.09 14:55:18 INFO  no build target found for /Users/herzamos/Desktop/eth/fs25/practical-work/gobra/src/main/scala/viper/gobra/frontend/info/implementation/typing/MemberTyping.scala. Using presentation compiler with project's scala-library version: 3.3.5[0m
May 09, 2025 2:55:18 PM scala.meta.internal.metals.StdReporter $anonfun$create$1
WARNING: empty definition using pc, found symbol in pc: `<none>`. (full report at: /Users/herzamos/Desktop/eth/fs25/practical-work/.metals/.reports/metals-full/2025-05-09/r_empty-definition_14-31-07-848.md)
2025.05.09 14:55:18 INFO  no build target found for /Users/herzamos/Desktop/eth/fs25/practical-work/gobra/src/main/scala/viper/gobra/frontend/info/implementation/typing/MemberTyping.scala. Using presentation compiler with project's scala-library version: 3.3.5[0m
2025.05.09 14:55:18 INFO  no build target found for /Users/herzamos/Desktop/eth/fs25/practical-work/gobra/src/main/scala/viper/gobra/frontend/info/implementation/typing/MemberTyping.scala. Using presentation compiler with project's scala-library version: 3.3.5[0m
2025.05.09 14:55:22 INFO  no build target found for /Users/herzamos/Desktop/eth/fs25/practical-work/gobra/src/main/scala/viper/gobra/frontend/info/implementation/typing/MemberTyping.scala. Using presentation compiler with project's scala-library version: 3.3.5[0m
2025.05.09 14:55:24 INFO  no build target found for /Users/herzamos/Desktop/eth/fs25/practical-work/gobra/src/main/scala/viper/gobra/frontend/info/implementation/typing/MemberTyping.scala. Using presentation compiler with project's scala-library version: 3.3.5[0m
2025.05.09 14:55:24 INFO  no build target found for /Users/herzamos/Desktop/eth/fs25/practical-work/gobra/src/main/scala/viper/gobra/frontend/info/implementation/typing/MemberTyping.scala. Using presentation compiler with project's scala-library version: 3.3.5[0m
2025.05.09 14:55:24 INFO  no build target found for /Users/herzamos/Desktop/eth/fs25/practical-work/gobra/src/main/scala/viper/gobra/frontend/info/implementation/typing/MemberTyping.scala. Using presentation compiler with project's scala-library version: 3.3.5[0m
2025.05.09 14:55:25 INFO  no build target found for /Users/herzamos/Desktop/eth/fs25/practical-work/gobra/src/main/scala/viper/gobra/frontend/info/implementation/typing/MemberTyping.scala. Using presentation compiler with project's scala-library version: 3.3.5[0m
2025.05.09 14:55:25 INFO  no build target found for /Users/herzamos/Desktop/eth/fs25/practical-work/gobra/src/main/scala/viper/gobra/frontend/info/implementation/typing/MemberTyping.scala. Using presentation compiler with project's scala-library version: 3.3.5[0m
2025.05.09 14:55:27 INFO  no build target found for /Users/herzamos/Desktop/eth/fs25/practical-work/gobra/src/main/scala/viper/gobra/frontend/info/implementation/typing/MemberTyping.scala. Using presentation compiler with project's scala-library version: 3.3.5[0m
2025.05.09 14:55:28 INFO  no build target found for /Users/herzamos/Desktop/eth/fs25/practical-work/gobra/src/main/scala/viper/gobra/frontend/info/implementation/typing/MemberTyping.scala. Using presentation compiler with project's scala-library version: 3.3.5[0m
2025.05.09 14:55:35 INFO  no build target found for /Users/herzamos/Desktop/eth/fs25/practical-work/gobra/src/main/scala/viper/gobra/frontend/info/implementation/typing/MemberTyping.scala. Using presentation compiler with project's scala-library version: 3.3.5[0m
2025.05.09 14:55:35 INFO  no build target found for /Users/herzamos/Desktop/eth/fs25/practical-work/gobra/src/main/scala/viper/gobra/frontend/info/implementation/typing/MemberTyping.scala. Using presentation compiler with project's scala-library version: 3.3.5[0m
2025.05.09 14:55:35 INFO  no build target found for /Users/herzamos/Desktop/eth/fs25/practical-work/gobra/src/main/scala/viper/gobra/frontend/info/implementation/typing/MemberTyping.scala. Using presentation compiler with project's scala-library version: 3.3.5[0m
2025.05.09 14:55:35 INFO  no build target found for /Users/herzamos/Desktop/eth/fs25/practical-work/gobra/src/main/scala/viper/gobra/frontend/info/implementation/typing/MemberTyping.scala. Using presentation compiler with project's scala-library version: 3.3.5[0m
2025.05.09 14:55:35 INFO  no build target found for /Users/herzamos/Desktop/eth/fs25/practical-work/gobra/src/main/scala/viper/gobra/frontend/info/implementation/typing/MemberTyping.scala. Using presentation compiler with project's scala-library version: 3.3.5[0m
2025.05.09 14:55:36 INFO  no build target found for /Users/herzamos/Desktop/eth/fs25/practical-work/gobra/src/main/scala/viper/gobra/frontend/info/implementation/typing/MemberTyping.scala. Using presentation compiler with project's scala-library version: 3.3.5[0m
2025.05.09 14:55:41 INFO  no build target found for /Users/herzamos/Desktop/eth/fs25/practical-work/gobra/src/main/scala/viper/gobra/frontend/info/implementation/typing/MemberTyping.scala. Using presentation compiler with project's scala-library version: 3.3.5[0m
2025.05.09 14:55:41 INFO  no build target found for /Users/herzamos/Desktop/eth/fs25/practical-work/gobra/src/main/scala/viper/gobra/frontend/info/implementation/typing/MemberTyping.scala. Using presentation compiler with project's scala-library version: 3.3.5[0m
2025.05.09 14:55:41 INFO  no build target found for /Users/herzamos/Desktop/eth/fs25/practical-work/gobra/src/main/scala/viper/gobra/frontend/info/implementation/typing/MemberTyping.scala. Using presentation compiler with project's scala-library version: 3.3.5[0m
2025.05.09 14:55:41 INFO  no build target found for /Users/herzamos/Desktop/eth/fs25/practical-work/gobra/src/main/scala/viper/gobra/frontend/info/implementation/typing/MemberTyping.scala. Using presentation compiler with project's scala-library version: 3.3.5[0m
2025.05.09 14:55:41 INFO  no build target found for /Users/herzamos/Desktop/eth/fs25/practical-work/gobra/src/main/scala/viper/gobra/frontend/info/implementation/typing/MemberTyping.scala. Using presentation compiler with project's scala-library version: 3.3.5[0m
2025.05.09 14:55:41 INFO  no build target found for /Users/herzamos/Desktop/eth/fs25/practical-work/gobra/src/main/scala/viper/gobra/frontend/info/implementation/typing/MemberTyping.scala. Using presentation compiler with project's scala-library version: 3.3.5[0m
2025.05.09 14:55:41 INFO  no build target found for /Users/herzamos/Desktop/eth/fs25/practical-work/gobra/src/main/scala/viper/gobra/frontend/info/implementation/typing/MemberTyping.scala. Using presentation compiler with project's scala-library version: 3.3.5[0m
2025.05.09 14:55:42 INFO  no build target found for /Users/herzamos/Desktop/eth/fs25/practical-work/gobra/src/main/scala/viper/gobra/frontend/info/implementation/typing/MemberTyping.scala. Using presentation compiler with project's scala-library version: 3.3.5[0m
2025.05.09 14:55:42 INFO  no build target found for /Users/herzamos/Desktop/eth/fs25/practical-work/gobra/src/main/scala/viper/gobra/frontend/info/implementation/typing/MemberTyping.scala. Using presentation compiler with project's scala-library version: 3.3.5[0m
2025.05.09 14:55:42 INFO  no build target found for /Users/herzamos/Desktop/eth/fs25/practical-work/gobra/src/main/scala/viper/gobra/frontend/info/implementation/typing/MemberTyping.scala. Using presentation compiler with project's scala-library version: 3.3.5[0m
2025.05.09 14:55:42 INFO  no build target found for /Users/herzamos/Desktop/eth/fs25/practical-work/gobra/src/main/scala/viper/gobra/frontend/info/implementation/typing/MemberTyping.scala. Using presentation compiler with project's scala-library version: 3.3.5[0m
2025.05.09 14:55:42 INFO  no build target found for /Users/herzamos/Desktop/eth/fs25/practical-work/gobra/src/main/scala/viper/gobra/frontend/info/implementation/typing/MemberTyping.scala. Using presentation compiler with project's scala-library version: 3.3.5[0m
2025.05.09 14:55:42 INFO  no build target found for /Users/herzamos/Desktop/eth/fs25/practical-work/gobra/src/main/scala/viper/gobra/frontend/info/implementation/typing/MemberTyping.scala. Using presentation compiler with project's scala-library version: 3.3.5[0m
2025.05.09 14:55:42 INFO  no build target found for /Users/herzamos/Desktop/eth/fs25/practical-work/gobra/src/main/scala/viper/gobra/frontend/info/implementation/typing/MemberTyping.scala. Using presentation compiler with project's scala-library version: 3.3.5[0m
2025.05.09 14:55:42 INFO  no build target found for /Users/herzamos/Desktop/eth/fs25/practical-work/gobra/src/main/scala/viper/gobra/frontend/info/implementation/typing/MemberTyping.scala. Using presentation compiler with project's scala-library version: 3.3.5[0m
2025.05.09 14:55:42 WARN  no build target for: /Users/herzamos/Desktop/eth/fs25/practical-work/gobra/src/main/scala/viper/gobra/frontend/info/implementation/typing/MemberTyping.scala[0m
2025.05.09 14:55:42 INFO  no build target found for /Users/herzamos/Desktop/eth/fs25/practical-work/gobra/src/main/scala/viper/gobra/frontend/info/implementation/typing/MemberTyping.scala. Using presentation compiler with project's scala-library version: 3.3.5[0m
May 09, 2025 2:55:43 PM scala.meta.internal.metals.StdReporter $anonfun$create$1
WARNING: empty definition using pc, found symbol in pc: `<none>`. (full report at: /Users/herzamos/Desktop/eth/fs25/practical-work/.metals/.reports/metals-full/2025-05-09/r_empty-definition_14-31-07-848.md)
2025.05.09 14:55:43 INFO  no build target found for /Users/herzamos/Desktop/eth/fs25/practical-work/gobra/src/main/scala/viper/gobra/frontend/info/implementation/typing/MemberTyping.scala. Using presentation compiler with project's scala-library version: 3.3.5[0m
2025.05.09 14:55:43 INFO  no build target found for /Users/herzamos/Desktop/eth/fs25/practical-work/gobra/src/main/scala/viper/gobra/frontend/info/implementation/typing/MemberTyping.scala. Using presentation compiler with project's scala-library version: 3.3.5[0m
2025.05.09 14:55:43 INFO  no build target found for /Users/herzamos/Desktop/eth/fs25/practical-work/gobra/src/main/scala/viper/gobra/frontend/info/implementation/typing/MemberTyping.scala. Using presentation compiler with project's scala-library version: 3.3.5[0m
2025.05.09 14:55:43 INFO  no build target found for /Users/herzamos/Desktop/eth/fs25/practical-work/gobra/src/main/scala/viper/gobra/frontend/info/implementation/typing/MemberTyping.scala. Using presentation compiler with project's scala-library version: 3.3.5[0m
2025.05.09 14:55:44 INFO  no build target found for /Users/herzamos/Desktop/eth/fs25/practical-work/gobra/src/main/scala/viper/gobra/frontend/info/implementation/typing/MemberTyping.scala. Using presentation compiler with project's scala-library version: 3.3.5[0m
2025.05.09 14:55:44 INFO  no build target found for /Users/herzamos/Desktop/eth/fs25/practical-work/gobra/src/main/scala/viper/gobra/frontend/info/implementation/typing/MemberTyping.scala. Using presentation compiler with project's scala-library version: 3.3.5[0m
2025.05.09 14:55:44 INFO  no build target found for /Users/herzamos/Desktop/eth/fs25/practical-work/gobra/src/main/scala/viper/gobra/frontend/info/implementation/typing/MemberTyping.scala. Using presentation compiler with project's scala-library version: 3.3.5[0m
2025.05.09 14:55:44 INFO  no build target found for /Users/herzamos/Desktop/eth/fs25/practical-work/gobra/src/main/scala/viper/gobra/frontend/info/implementation/typing/MemberTyping.scala. Using presentation compiler with project's scala-library version: 3.3.5[0m
2025.05.09 14:55:45 WARN  no build target for: /Users/herzamos/Desktop/eth/fs25/practical-work/gobra/src/main/scala/viper/gobra/frontend/info/implementation/typing/MemberTyping.scala[0m
2025.05.09 14:55:45 INFO  no build target found for /Users/herzamos/Desktop/eth/fs25/practical-work/gobra/src/main/scala/viper/gobra/frontend/info/implementation/typing/MemberTyping.scala. Using presentation compiler with project's scala-library version: 3.3.5[0m
2025.05.09 14:55:45 INFO  no build target found for /Users/herzamos/Desktop/eth/fs25/practical-work/gobra/src/main/scala/viper/gobra/frontend/info/implementation/typing/MemberTyping.scala. Using presentation compiler with project's scala-library version: 3.3.5[0m
May 09, 2025 2:55:45 PM scala.meta.internal.metals.StdReporter $anonfun$create$1
WARNING: empty definition using pc, found symbol in pc: `<none>`. (full report at: /Users/herzamos/Desktop/eth/fs25/practical-work/.metals/.reports/metals-full/2025-05-09/r_empty-definition_14-31-07-848.md)
2025.05.09 14:55:46 INFO  no build target found for /Users/herzamos/Desktop/eth/fs25/practical-work/gobra/src/main/scala/viper/gobra/frontend/info/implementation/typing/MemberTyping.scala. Using presentation compiler with project's scala-library version: 3.3.5[0m
2025.05.09 14:55:46 INFO  no build target found for /Users/herzamos/Desktop/eth/fs25/practical-work/gobra/src/main/scala/viper/gobra/frontend/info/implementation/typing/MemberTyping.scala. Using presentation compiler with project's scala-library version: 3.3.5[0m
2025.05.09 14:55:46 INFO  no build target found for /Users/herzamos/Desktop/eth/fs25/practical-work/gobra/src/main/scala/viper/gobra/frontend/info/implementation/typing/MemberTyping.scala. Using presentation compiler with project's scala-library version: 3.3.5[0m
2025.05.09 14:55:50 INFO  no build target found for /Users/herzamos/Desktop/eth/fs25/practical-work/gobra/src/main/scala/viper/gobra/frontend/info/implementation/typing/MemberTyping.scala. Using presentation compiler with project's scala-library version: 3.3.5[0m
2025.05.09 14:55:50 INFO  no build target found for /Users/herzamos/Desktop/eth/fs25/practical-work/gobra/src/main/scala/viper/gobra/frontend/info/implementation/typing/MemberTyping.scala. Using presentation compiler with project's scala-library version: 3.3.5[0m
2025.05.09 14:55:50 INFO  no build target found for /Users/herzamos/Desktop/eth/fs25/practical-work/gobra/src/main/scala/viper/gobra/frontend/info/implementation/typing/MemberTyping.scala. Using presentation compiler with project's scala-library version: 3.3.5[0m
2025.05.09 14:55:50 INFO  no build target found for /Users/herzamos/Desktop/eth/fs25/practical-work/gobra/src/main/scala/viper/gobra/frontend/info/implementation/typing/MemberTyping.scala. Using presentation compiler with project's scala-library version: 3.3.5[0m
2025.05.09 14:55:51 INFO  no build target found for /Users/herzamos/Desktop/eth/fs25/practical-work/gobra/src/main/scala/viper/gobra/frontend/info/implementation/typing/MemberTyping.scala. Using presentation compiler with project's scala-library version: 3.3.5[0m
2025.05.09 14:55:51 INFO  no build target found for /Users/herzamos/Desktop/eth/fs25/practical-work/gobra/src/main/scala/viper/gobra/frontend/info/implementation/typing/MemberTyping.scala. Using presentation compiler with project's scala-library version: 3.3.5[0m
2025.05.09 14:55:51 INFO  no build target found for /Users/herzamos/Desktop/eth/fs25/practical-work/gobra/src/main/scala/viper/gobra/frontend/info/implementation/typing/MemberTyping.scala. Using presentation compiler with project's scala-library version: 3.3.5[0m
2025.05.09 14:55:51 INFO  no build target found for /Users/herzamos/Desktop/eth/fs25/practical-work/gobra/src/main/scala/viper/gobra/frontend/info/implementation/typing/MemberTyping.scala. Using presentation compiler with project's scala-library version: 3.3.5[0m
2025.05.09 14:55:51 INFO  no build target found for /Users/herzamos/Desktop/eth/fs25/practical-work/gobra/src/main/scala/viper/gobra/frontend/info/implementation/typing/MemberTyping.scala. Using presentation compiler with project's scala-library version: 3.3.5[0m
2025.05.09 14:55:51 INFO  no build target found for /Users/herzamos/Desktop/eth/fs25/practical-work/gobra/src/main/scala/viper/gobra/frontend/info/implementation/typing/MemberTyping.scala. Using presentation compiler with project's scala-library version: 3.3.5[0m
2025.05.09 14:55:51 INFO  no build target found for /Users/herzamos/Desktop/eth/fs25/practical-work/gobra/src/main/scala/viper/gobra/frontend/info/implementation/typing/MemberTyping.scala. Using presentation compiler with project's scala-library version: 3.3.5[0m
2025.05.09 14:55:52 INFO  no build target found for /Users/herzamos/Desktop/eth/fs25/practical-work/gobra/src/main/scala/viper/gobra/frontend/info/implementation/typing/MemberTyping.scala. Using presentation compiler with project's scala-library version: 3.3.5[0m
2025.05.09 14:55:52 INFO  no build target found for /Users/herzamos/Desktop/eth/fs25/practical-work/gobra/src/main/scala/viper/gobra/frontend/info/implementation/typing/MemberTyping.scala. Using presentation compiler with project's scala-library version: 3.3.5[0m
2025.05.09 14:55:52 INFO  no build target found for /Users/herzamos/Desktop/eth/fs25/practical-work/gobra/src/main/scala/viper/gobra/frontend/info/implementation/typing/MemberTyping.scala. Using presentation compiler with project's scala-library version: 3.3.5[0m
2025.05.09 14:55:56 INFO  no build target found for /Users/herzamos/Desktop/eth/fs25/practical-work/gobra/src/main/scala/viper/gobra/frontend/info/implementation/typing/MemberTyping.scala. Using presentation compiler with project's scala-library version: 3.3.5[0m
2025.05.09 14:55:56 INFO  no build target found for /Users/herzamos/Desktop/eth/fs25/practical-work/gobra/src/main/scala/viper/gobra/frontend/info/implementation/typing/MemberTyping.scala. Using presentation compiler with project's scala-library version: 3.3.5[0m
2025.05.09 14:55:56 INFO  no build target found for /Users/herzamos/Desktop/eth/fs25/practical-work/gobra/src/main/scala/viper/gobra/frontend/info/implementation/typing/MemberTyping.scala. Using presentation compiler with project's scala-library version: 3.3.5[0m
2025.05.09 14:55:56 INFO  no build target found for /Users/herzamos/Desktop/eth/fs25/practical-work/gobra/src/main/scala/viper/gobra/frontend/info/implementation/typing/MemberTyping.scala. Using presentation compiler with project's scala-library version: 3.3.5[0m
2025.05.09 14:55:56 INFO  no build target found for /Users/herzamos/Desktop/eth/fs25/practical-work/gobra/src/main/scala/viper/gobra/frontend/info/implementation/typing/MemberTyping.scala. Using presentation compiler with project's scala-library version: 3.3.5[0m
2025.05.09 14:55:56 INFO  no build target found for /Users/herzamos/Desktop/eth/fs25/practical-work/gobra/src/main/scala/viper/gobra/frontend/info/implementation/typing/MemberTyping.scala. Using presentation compiler with project's scala-library version: 3.3.5[0m
2025.05.09 14:55:56 INFO  no build target found for /Users/herzamos/Desktop/eth/fs25/practical-work/gobra/src/main/scala/viper/gobra/frontend/info/implementation/typing/MemberTyping.scala. Using presentation compiler with project's scala-library version: 3.3.5[0m
2025.05.09 14:55:56 INFO  no build target found for /Users/herzamos/Desktop/eth/fs25/practical-work/gobra/src/main/scala/viper/gobra/frontend/info/implementation/typing/MemberTyping.scala. Using presentation compiler with project's scala-library version: 3.3.5[0m
2025.05.09 14:55:58 INFO  no build target found for /Users/herzamos/Desktop/eth/fs25/practical-work/gobra/src/main/scala/viper/gobra/frontend/info/implementation/typing/MemberTyping.scala. Using presentation compiler with project's scala-library version: 3.3.5[0m
2025.05.09 14:55:58 INFO  no build target found for /Users/herzamos/Desktop/eth/fs25/practical-work/gobra/src/main/scala/viper/gobra/frontend/info/implementation/typing/MemberTyping.scala. Using presentation compiler with project's scala-library version: 3.3.5[0m
2025.05.09 14:55:58 INFO  no build target found for /Users/herzamos/Desktop/eth/fs25/practical-work/gobra/src/main/scala/viper/gobra/frontend/info/implementation/typing/MemberTyping.scala. Using presentation compiler with project's scala-library version: 3.3.5[0m
2025.05.09 14:55:58 INFO  no build target found for /Users/herzamos/Desktop/eth/fs25/practical-work/gobra/src/main/scala/viper/gobra/frontend/info/implementation/typing/MemberTyping.scala. Using presentation compiler with project's scala-library version: 3.3.5[0m
2025.05.09 14:55:58 WARN  no build target for: /Users/herzamos/Desktop/eth/fs25/practical-work/gobra/src/main/scala/viper/gobra/frontend/info/implementation/typing/MemberTyping.scala[0m
2025.05.09 14:55:58 INFO  no build target found for /Users/herzamos/Desktop/eth/fs25/practical-work/gobra/src/main/scala/viper/gobra/frontend/info/implementation/typing/MemberTyping.scala. Using presentation compiler with project's scala-library version: 3.3.5[0m
2025.05.09 14:55:58 INFO  no build target found for /Users/herzamos/Desktop/eth/fs25/practical-work/gobra/src/main/scala/viper/gobra/frontend/info/implementation/typing/MemberTyping.scala. Using presentation compiler with project's scala-library version: 3.3.5[0m
May 09, 2025 2:55:58 PM scala.meta.internal.metals.StdReporter $anonfun$create$1
WARNING: empty definition using pc, found symbol in pc: Messages# (full report at: /Users/herzamos/Desktop/eth/fs25/practical-work/.metals/.reports/metals-full/2025-05-09/r_empty-definition_14-40-39-399.md)
2025.05.09 14:56:01 INFO  no build target found for /Users/herzamos/Desktop/eth/fs25/practical-work/gobra/src/main/scala/viper/gobra/frontend/info/implementation/typing/MemberTyping.scala. Using presentation compiler with project's scala-library version: 3.3.5[0m
2025.05.09 14:56:01 INFO  no build target found for /Users/herzamos/Desktop/eth/fs25/practical-work/gobra/src/main/scala/viper/gobra/frontend/info/implementation/typing/MemberTyping.scala. Using presentation compiler with project's scala-library version: 3.3.5[0m
2025.05.09 14:56:01 INFO  no build target found for /Users/herzamos/Desktop/eth/fs25/practical-work/gobra/src/main/scala/viper/gobra/frontend/info/implementation/typing/MemberTyping.scala. Using presentation compiler with project's scala-library version: 3.3.5[0m
2025.05.09 14:56:03 INFO  no build target found for /Users/herzamos/Desktop/eth/fs25/practical-work/gobra/src/main/scala/viper/gobra/frontend/info/implementation/typing/MemberTyping.scala. Using presentation compiler with project's scala-library version: 3.3.5[0m
May 09, 2025 2:56:03 PM org.eclipse.lsp4j.jsonrpc.RemoteEndpoint handleCancellation
WARNING: Unmatched cancel notification for request id 1732
2025.05.09 14:56:03 INFO  no build target found for /Users/herzamos/Desktop/eth/fs25/practical-work/gobra/src/main/scala/viper/gobra/frontend/info/implementation/typing/MemberTyping.scala. Using presentation compiler with project's scala-library version: 3.3.5[0m
2025.05.09 14:56:03 INFO  no build target found for /Users/herzamos/Desktop/eth/fs25/practical-work/gobra/src/main/scala/viper/gobra/frontend/info/implementation/typing/MemberTyping.scala. Using presentation compiler with project's scala-library version: 3.3.5[0m
2025.05.09 14:56:03 INFO  no build target found for /Users/herzamos/Desktop/eth/fs25/practical-work/gobra/src/main/scala/viper/gobra/frontend/info/implementation/typing/MemberTyping.scala. Using presentation compiler with project's scala-library version: 3.3.5[0m
2025.05.09 14:56:03 INFO  no build target found for /Users/herzamos/Desktop/eth/fs25/practical-work/gobra/src/main/scala/viper/gobra/frontend/info/implementation/typing/MemberTyping.scala. Using presentation compiler with project's scala-library version: 3.3.5[0m
2025.05.09 14:56:03 INFO  no build target found for /Users/herzamos/Desktop/eth/fs25/practical-work/gobra/src/main/scala/viper/gobra/frontend/info/implementation/typing/MemberTyping.scala. Using presentation compiler with project's scala-library version: 3.3.5[0m
2025.05.09 14:56:03 INFO  no build target found for /Users/herzamos/Desktop/eth/fs25/practical-work/gobra/src/main/scala/viper/gobra/frontend/info/implementation/typing/MemberTyping.scala. Using presentation compiler with project's scala-library version: 3.3.5[0m
2025.05.09 14:56:03 WARN  no build target for: /Users/herzamos/Desktop/eth/fs25/practical-work/gobra/src/main/scala/viper/gobra/frontend/info/implementation/typing/MemberTyping.scala[0m
2025.05.09 14:56:26 INFO  no build target found for /Users/herzamos/Desktop/eth/fs25/practical-work/gobra/src/main/scala/viper/gobra/frontend/info/implementation/typing/MemberTyping.scala. Using presentation compiler with project's scala-library version: 3.3.5[0m
2025.05.09 14:56:26 INFO  no build target found for /Users/herzamos/Desktop/eth/fs25/practical-work/gobra/src/main/scala/viper/gobra/frontend/info/implementation/typing/MemberTyping.scala. Using presentation compiler with project's scala-library version: 3.3.5[0m
2025.05.09 14:56:27 INFO  no build target found for /Users/herzamos/Desktop/eth/fs25/practical-work/gobra/src/main/scala/viper/gobra/frontend/info/implementation/typing/MemberTyping.scala. Using presentation compiler with project's scala-library version: 3.3.5[0m
2025.05.09 14:56:27 INFO  no build target found for /Users/herzamos/Desktop/eth/fs25/practical-work/gobra/src/main/scala/viper/gobra/frontend/info/implementation/typing/MemberTyping.scala. Using presentation compiler with project's scala-library version: 3.3.5[0m
2025.05.09 14:56:27 INFO  no build target found for /Users/herzamos/Desktop/eth/fs25/practical-work/gobra/src/main/scala/viper/gobra/frontend/info/implementation/typing/MemberTyping.scala. Using presentation compiler with project's scala-library version: 3.3.5[0m
2025.05.09 14:56:30 INFO  no build target found for /Users/herzamos/Desktop/eth/fs25/practical-work/gobra/src/main/scala/viper/gobra/frontend/info/implementation/typing/MemberTyping.scala. Using presentation compiler with project's scala-library version: 3.3.5[0m
2025.05.09 14:56:59 INFO  no build target found for /Users/herzamos/Desktop/eth/fs25/practical-work/gobra/src/main/scala/viper/gobra/frontend/info/implementation/typing/MemberTyping.scala. Using presentation compiler with project's scala-library version: 3.3.5[0m
2025.05.09 14:56:59 INFO  no build target found for /Users/herzamos/Desktop/eth/fs25/practical-work/gobra/src/main/scala/viper/gobra/frontend/info/implementation/typing/MemberTyping.scala. Using presentation compiler with project's scala-library version: 3.3.5[0m
2025.05.09 14:56:59 INFO  no build target found for /Users/herzamos/Desktop/eth/fs25/practical-work/gobra/src/main/scala/viper/gobra/frontend/info/implementation/typing/MemberTyping.scala. Using presentation compiler with project's scala-library version: 3.3.5[0m
2025.05.09 14:57:01 INFO  no build target found for /Users/herzamos/Desktop/eth/fs25/practical-work/gobra/src/main/scala/viper/gobra/frontend/info/implementation/typing/MemberTyping.scala. Using presentation compiler with project's scala-library version: 3.3.5[0m
2025.05.09 14:57:01 INFO  no build target found for /Users/herzamos/Desktop/eth/fs25/practical-work/gobra/src/main/scala/viper/gobra/frontend/info/implementation/typing/MemberTyping.scala. Using presentation compiler with project's scala-library version: 3.3.5[0m
2025.05.09 14:57:07 INFO  no build target found for /Users/herzamos/Desktop/eth/fs25/practical-work/gobra/src/main/scala/viper/gobra/frontend/info/implementation/typing/MemberTyping.scala. Using presentation compiler with project's scala-library version: 3.3.5[0m
2025.05.09 14:57:07 INFO  no build target found for /Users/herzamos/Desktop/eth/fs25/practical-work/gobra/src/main/scala/viper/gobra/frontend/info/implementation/typing/MemberTyping.scala. Using presentation compiler with project's scala-library version: 3.3.5[0m
2025.05.09 14:57:09 INFO  no build target found for /Users/herzamos/Desktop/eth/fs25/practical-work/gobra/src/main/scala/viper/gobra/frontend/info/implementation/typing/MemberTyping.scala. Using presentation compiler with project's scala-library version: 3.3.5[0m
2025.05.09 14:57:09 INFO  no build target found for /Users/herzamos/Desktop/eth/fs25/practical-work/gobra/src/main/scala/viper/gobra/frontend/info/implementation/typing/MemberTyping.scala. Using presentation compiler with project's scala-library version: 3.3.5[0m
2025.05.09 14:57:11 INFO  no build target found for /Users/herzamos/Desktop/eth/fs25/practical-work/gobra/src/main/scala/viper/gobra/frontend/info/implementation/typing/MemberTyping.scala. Using presentation compiler with project's scala-library version: 3.3.5[0m
2025.05.09 14:57:32 INFO  no build target found for /Users/herzamos/Desktop/eth/fs25/practical-work/gobra/src/main/scala/viper/gobra/frontend/info/implementation/typing/MemberTyping.scala. Using presentation compiler with project's scala-library version: 3.3.5[0m
2025.05.09 14:57:44 INFO  no build target found for /Users/herzamos/Desktop/eth/fs25/practical-work/gobra/src/main/scala/viper/gobra/frontend/info/implementation/typing/MemberTyping.scala. Using presentation compiler with project's scala-library version: 3.3.5[0m
2025.05.09 14:57:44 INFO  no build target found for /Users/herzamos/Desktop/eth/fs25/practical-work/gobra/src/main/scala/viper/gobra/frontend/info/implementation/typing/MemberTyping.scala. Using presentation compiler with project's scala-library version: 3.3.5[0m
2025.05.09 14:57:44 INFO  no build target found for /Users/herzamos/Desktop/eth/fs25/practical-work/gobra/src/main/scala/viper/gobra/frontend/info/implementation/typing/MemberTyping.scala. Using presentation compiler with project's scala-library version: 3.3.5[0m
May 09, 2025 2:57:45 PM org.eclipse.lsp4j.jsonrpc.RemoteEndpoint handleCancellation
WARNING: Unmatched cancel notification for request id 1776
2025.05.09 14:57:44 INFO  no build target found for /Users/herzamos/Desktop/eth/fs25/practical-work/gobra/src/main/scala/viper/gobra/frontend/info/implementation/typing/MemberTyping.scala. Using presentation compiler with project's scala-library version: 3.3.5[0m
2025.05.09 14:57:44 INFO  no build target found for /Users/herzamos/Desktop/eth/fs25/practical-work/gobra/src/main/scala/viper/gobra/frontend/info/implementation/typing/MemberTyping.scala. Using presentation compiler with project's scala-library version: 3.3.5[0m
2025.05.09 14:57:45 INFO  no build target found for /Users/herzamos/Desktop/eth/fs25/practical-work/gobra/src/main/scala/viper/gobra/frontend/info/implementation/typing/MemberTyping.scala. Using presentation compiler with project's scala-library version: 3.3.5[0m
2025.05.09 14:57:45 INFO  no build target found for /Users/herzamos/Desktop/eth/fs25/practical-work/gobra/src/main/scala/viper/gobra/frontend/info/implementation/typing/MemberTyping.scala. Using presentation compiler with project's scala-library version: 3.3.5[0m
2025.05.09 14:57:44 INFO  no build target found for /Users/herzamos/Desktop/eth/fs25/practical-work/gobra/src/main/scala/viper/gobra/frontend/info/implementation/typing/MemberTyping.scala. Using presentation compiler with project's scala-library version: 3.3.5[0m
May 09, 2025 2:57:45 PM scala.meta.internal.metals.StdReporter $anonfun$create$1
WARNING: empty definition using pc, found symbol in pc: PFunctionDecl# (full report at: /Users/herzamos/Desktop/eth/fs25/practical-work/.metals/.reports/metals-full/2025-05-09/r_empty-definition_14-36-47-012.md)
2025.05.09 14:57:45 WARN  no build target for: /Users/herzamos/Desktop/eth/fs25/practical-work/gobra/src/main/scala/viper/gobra/frontend/info/implementation/typing/MemberTyping.scala[0m
2025.05.09 14:57:46 INFO  no build target found for /Users/herzamos/Desktop/eth/fs25/practical-work/gobra/src/main/scala/viper/gobra/frontend/info/implementation/typing/MemberTyping.scala. Using presentation compiler with project's scala-library version: 3.3.5[0m
2025.05.09 14:58:03 INFO  no build target found for /Users/herzamos/Desktop/eth/fs25/practical-work/gobra/src/main/scala/viper/gobra/frontend/info/implementation/typing/MemberTyping.scala. Using presentation compiler with project's scala-library version: 3.3.5[0m
2025.05.09 14:58:03 INFO  no build target found for /Users/herzamos/Desktop/eth/fs25/practical-work/gobra/src/main/scala/viper/gobra/frontend/info/implementation/typing/MemberTyping.scala. Using presentation compiler with project's scala-library version: 3.3.5[0m
2025.05.09 14:58:04 INFO  no build target found for /Users/herzamos/Desktop/eth/fs25/practical-work/gobra/src/main/scala/viper/gobra/frontend/info/implementation/typing/MemberTyping.scala. Using presentation compiler with project's scala-library version: 3.3.5[0m
2025.05.09 14:58:04 INFO  no build target found for /Users/herzamos/Desktop/eth/fs25/practical-work/gobra/src/main/scala/viper/gobra/frontend/info/implementation/typing/MemberTyping.scala. Using presentation compiler with project's scala-library version: 3.3.5[0m
2025.05.09 14:58:04 INFO  no build target found for /Users/herzamos/Desktop/eth/fs25/practical-work/gobra/src/main/scala/viper/gobra/frontend/info/implementation/typing/MemberTyping.scala. Using presentation compiler with project's scala-library version: 3.3.5[0m
2025.05.09 14:58:04 INFO  no build target found for /Users/herzamos/Desktop/eth/fs25/practical-work/gobra/src/main/scala/viper/gobra/frontend/info/implementation/typing/MemberTyping.scala. Using presentation compiler with project's scala-library version: 3.3.5[0m
2025.05.09 14:58:04 INFO  no build target found for /Users/herzamos/Desktop/eth/fs25/practical-work/gobra/src/main/scala/viper/gobra/frontend/info/implementation/typing/MemberTyping.scala. Using presentation compiler with project's scala-library version: 3.3.5[0m
2025.05.09 14:58:05 INFO  no build target found for /Users/herzamos/Desktop/eth/fs25/practical-work/gobra/src/main/scala/viper/gobra/frontend/info/implementation/typing/MemberTyping.scala. Using presentation compiler with project's scala-library version: 3.3.5[0m
2025.05.09 14:58:05 WARN  no build target for: /Users/herzamos/Desktop/eth/fs25/practical-work/gobra/src/main/scala/viper/gobra/frontend/info/implementation/typing/MemberTyping.scala[0m
2025.05.09 14:58:04 INFO  no build target found for /Users/herzamos/Desktop/eth/fs25/practical-work/gobra/src/main/scala/viper/gobra/frontend/info/implementation/typing/MemberTyping.scala. Using presentation compiler with project's scala-library version: 3.3.5[0m
2025.05.09 14:58:40 INFO  no build target found for /Users/herzamos/Desktop/eth/fs25/practical-work/gobra/src/main/scala/viper/gobra/frontend/info/implementation/typing/MemberTyping.scala. Using presentation compiler with project's scala-library version: 3.3.5[0m
2025.05.09 14:59:07 INFO  no build target found for /Users/herzamos/Desktop/eth/fs25/practical-work/gobra/src/main/scala/viper/gobra/frontend/info/implementation/typing/MemberTyping.scala. Using presentation compiler with project's scala-library version: 3.3.5[0m
2025.05.09 14:59:07 WARN  no build target for: /Users/herzamos/Desktop/eth/fs25/practical-work/gobra/src/main/scala/viper/gobra/frontend/info/implementation/typing/MemberTyping.scala[0m
2025.05.09 14:59:07 INFO  no build target found for /Users/herzamos/Desktop/eth/fs25/practical-work/gobra/src/main/scala/viper/gobra/frontend/info/implementation/typing/MemberTyping.scala. Using presentation compiler with project's scala-library version: 3.3.5[0m
2025.05.09 14:59:07 INFO  no build target found for /Users/herzamos/Desktop/eth/fs25/practical-work/gobra/src/main/scala/viper/gobra/frontend/info/implementation/typing/MemberTyping.scala. Using presentation compiler with project's scala-library version: 3.3.5[0m
2025.05.09 14:59:08 INFO  no build target found for /Users/herzamos/Desktop/eth/fs25/practical-work/gobra/src/main/scala/viper/gobra/frontend/info/implementation/typing/MemberTyping.scala. Using presentation compiler with project's scala-library version: 3.3.5[0m
2025.05.09 14:59:10 INFO  no build target found for /Users/herzamos/Desktop/eth/fs25/practical-work/gobra/src/main/scala/viper/gobra/frontend/info/implementation/typing/MemberTyping.scala. Using presentation compiler with project's scala-library version: 3.3.5[0m
2025.05.09 14:59:15 WARN  no build target for: /Users/herzamos/Desktop/eth/fs25/practical-work/gobra/src/main/scala/viper/gobra/frontend/info/implementation/typing/MemberTyping.scala[0m
2025.05.09 14:59:15 INFO  no build target found for /Users/herzamos/Desktop/eth/fs25/practical-work/gobra/src/main/scala/viper/gobra/frontend/info/implementation/typing/MemberTyping.scala. Using presentation compiler with project's scala-library version: 3.3.5[0m
2025.05.09 14:59:15 INFO  no build target found for /Users/herzamos/Desktop/eth/fs25/practical-work/gobra/src/main/scala/viper/gobra/frontend/info/implementation/typing/MemberTyping.scala. Using presentation compiler with project's scala-library version: 3.3.5[0m
2025.05.09 14:59:15 INFO  no build target found for /Users/herzamos/Desktop/eth/fs25/practical-work/gobra/src/main/scala/viper/gobra/frontend/info/implementation/typing/MemberTyping.scala. Using presentation compiler with project's scala-library version: 3.3.5[0m
2025.05.09 14:59:15 INFO  no build target found for /Users/herzamos/Desktop/eth/fs25/practical-work/gobra/src/main/scala/viper/gobra/frontend/info/implementation/typing/MemberTyping.scala. Using presentation compiler with project's scala-library version: 3.3.5[0m
2025.05.09 14:59:16 INFO  no build target found for /Users/herzamos/Desktop/eth/fs25/practical-work/gobra/src/main/scala/viper/gobra/frontend/info/implementation/typing/MemberTyping.scala. Using presentation compiler with project's scala-library version: 3.3.5[0m
2025.05.09 14:59:16 INFO  no build target found for /Users/herzamos/Desktop/eth/fs25/practical-work/gobra/src/main/scala/viper/gobra/frontend/info/implementation/typing/MemberTyping.scala. Using presentation compiler with project's scala-library version: 3.3.5[0m
2025.05.09 14:59:16 INFO  no build target found for /Users/herzamos/Desktop/eth/fs25/practical-work/gobra/src/main/scala/viper/gobra/frontend/info/implementation/typing/MemberTyping.scala. Using presentation compiler with project's scala-library version: 3.3.5[0m
2025.05.09 14:59:17 INFO  no build target found for /Users/herzamos/Desktop/eth/fs25/practical-work/gobra/src/main/scala/viper/gobra/frontend/info/implementation/typing/MemberTyping.scala. Using presentation compiler with project's scala-library version: 3.3.5[0m
2025.05.09 14:59:17 INFO  no build target found for /Users/herzamos/Desktop/eth/fs25/practical-work/gobra/src/main/scala/viper/gobra/frontend/info/implementation/typing/MemberTyping.scala. Using presentation compiler with project's scala-library version: 3.3.5[0m
2025.05.09 14:59:17 INFO  no build target found for /Users/herzamos/Desktop/eth/fs25/practical-work/gobra/src/main/scala/viper/gobra/frontend/info/implementation/typing/MemberTyping.scala. Using presentation compiler with project's scala-library version: 3.3.5[0m
2025.05.09 14:59:17 INFO  no build target found for /Users/herzamos/Desktop/eth/fs25/practical-work/gobra/src/main/scala/viper/gobra/frontend/info/implementation/typing/MemberTyping.scala. Using presentation compiler with project's scala-library version: 3.3.5[0m
2025.05.09 14:59:17 INFO  no build target found for /Users/herzamos/Desktop/eth/fs25/practical-work/gobra/src/main/scala/viper/gobra/frontend/info/implementation/typing/MemberTyping.scala. Using presentation compiler with project's scala-library version: 3.3.5[0m
2025.05.09 14:59:19 INFO  no build target found for /Users/herzamos/Desktop/eth/fs25/practical-work/gobra/src/main/scala/viper/gobra/frontend/info/implementation/typing/MemberTyping.scala. Using presentation compiler with project's scala-library version: 3.3.5[0m
2025.05.09 14:59:19 INFO  no build target found for /Users/herzamos/Desktop/eth/fs25/practical-work/gobra/src/main/scala/viper/gobra/frontend/info/implementation/typing/MemberTyping.scala. Using presentation compiler with project's scala-library version: 3.3.5[0m
2025.05.09 14:59:20 INFO  no build target found for /Users/herzamos/Desktop/eth/fs25/practical-work/gobra/src/main/scala/viper/gobra/frontend/info/implementation/typing/MemberTyping.scala. Using presentation compiler with project's scala-library version: 3.3.5[0m
2025.05.09 14:59:20 INFO  no build target found for /Users/herzamos/Desktop/eth/fs25/practical-work/gobra/src/main/scala/viper/gobra/frontend/info/implementation/typing/MemberTyping.scala. Using presentation compiler with project's scala-library version: 3.3.5[0m
2025.05.09 14:59:20 INFO  no build target found for /Users/herzamos/Desktop/eth/fs25/practical-work/gobra/src/main/scala/viper/gobra/frontend/info/implementation/typing/MemberTyping.scala. Using presentation compiler with project's scala-library version: 3.3.5[0m
2025.05.09 14:59:20 INFO  no build target found for /Users/herzamos/Desktop/eth/fs25/practical-work/gobra/src/main/scala/viper/gobra/frontend/info/implementation/typing/MemberTyping.scala. Using presentation compiler with project's scala-library version: 3.3.5[0m
2025.05.09 14:59:22 INFO  no build target found for /Users/herzamos/Desktop/eth/fs25/practical-work/gobra/src/main/scala/viper/gobra/frontend/info/implementation/typing/MemberTyping.scala. Using presentation compiler with project's scala-library version: 3.3.5[0m
2025.05.09 14:59:22 INFO  no build target found for /Users/herzamos/Desktop/eth/fs25/practical-work/gobra/src/main/scala/viper/gobra/frontend/info/implementation/typing/MemberTyping.scala. Using presentation compiler with project's scala-library version: 3.3.5[0m
2025.05.09 14:59:22 INFO  no build target found for /Users/herzamos/Desktop/eth/fs25/practical-work/gobra/src/main/scala/viper/gobra/frontend/info/implementation/typing/MemberTyping.scala. Using presentation compiler with project's scala-library version: 3.3.5[0m
2025.05.09 14:59:22 INFO  no build target found for /Users/herzamos/Desktop/eth/fs25/practical-work/gobra/src/main/scala/viper/gobra/frontend/info/implementation/typing/MemberTyping.scala. Using presentation compiler with project's scala-library version: 3.3.5[0m
2025.05.09 14:59:22 INFO  no build target found for /Users/herzamos/Desktop/eth/fs25/practical-work/gobra/src/main/scala/viper/gobra/frontend/info/implementation/typing/MemberTyping.scala. Using presentation compiler with project's scala-library version: 3.3.5[0m
2025.05.09 14:59:23 INFO  no build target found for /Users/herzamos/Desktop/eth/fs25/practical-work/gobra/src/main/scala/viper/gobra/frontend/info/implementation/typing/MemberTyping.scala. Using presentation compiler with project's scala-library version: 3.3.5[0m
2025.05.09 14:59:23 INFO  no build target found for /Users/herzamos/Desktop/eth/fs25/practical-work/gobra/src/main/scala/viper/gobra/frontend/info/implementation/typing/MemberTyping.scala. Using presentation compiler with project's scala-library version: 3.3.5[0m
2025.05.09 14:59:23 INFO  no build target found for /Users/herzamos/Desktop/eth/fs25/practical-work/gobra/src/main/scala/viper/gobra/frontend/info/implementation/typing/MemberTyping.scala. Using presentation compiler with project's scala-library version: 3.3.5[0m
2025.05.09 14:59:23 INFO  no build target found for /Users/herzamos/Desktop/eth/fs25/practical-work/gobra/src/main/scala/viper/gobra/frontend/info/implementation/typing/MemberTyping.scala. Using presentation compiler with project's scala-library version: 3.3.5[0m
2025.05.09 14:59:23 INFO  no build target found for /Users/herzamos/Desktop/eth/fs25/practical-work/gobra/src/main/scala/viper/gobra/frontend/info/implementation/typing/MemberTyping.scala. Using presentation compiler with project's scala-library version: 3.3.5[0m
2025.05.09 14:59:26 INFO  no build target found for /Users/herzamos/Desktop/eth/fs25/practical-work/gobra/src/main/scala/viper/gobra/frontend/info/implementation/typing/MemberTyping.scala. Using presentation compiler with project's scala-library version: 3.3.5[0m
2025.05.09 14:59:26 INFO  no build target found for /Users/herzamos/Desktop/eth/fs25/practical-work/gobra/src/main/scala/viper/gobra/frontend/info/implementation/typing/MemberTyping.scala. Using presentation compiler with project's scala-library version: 3.3.5[0m
2025.05.09 14:59:26 INFO  no build target found for /Users/herzamos/Desktop/eth/fs25/practical-work/gobra/src/main/scala/viper/gobra/frontend/info/implementation/typing/MemberTyping.scala. Using presentation compiler with project's scala-library version: 3.3.5[0m
2025.05.09 14:59:26 INFO  no build target found for /Users/herzamos/Desktop/eth/fs25/practical-work/gobra/src/main/scala/viper/gobra/frontend/info/implementation/typing/MemberTyping.scala. Using presentation compiler with project's scala-library version: 3.3.5[0m
2025.05.09 14:59:27 INFO  no build target found for /Users/herzamos/Desktop/eth/fs25/practical-work/gobra/src/main/scala/viper/gobra/frontend/info/implementation/typing/MemberTyping.scala. Using presentation compiler with project's scala-library version: 3.3.5[0m
2025.05.09 14:59:27 INFO  no build target found for /Users/herzamos/Desktop/eth/fs25/practical-work/gobra/src/main/scala/viper/gobra/frontend/info/implementation/typing/MemberTyping.scala. Using presentation compiler with project's scala-library version: 3.3.5[0m
2025.05.09 14:59:27 INFO  no build target found for /Users/herzamos/Desktop/eth/fs25/practical-work/gobra/src/main/scala/viper/gobra/frontend/info/implementation/typing/MemberTyping.scala. Using presentation compiler with project's scala-library version: 3.3.5[0m
2025.05.09 14:59:28 INFO  no build target found for /Users/herzamos/Desktop/eth/fs25/practical-work/gobra/src/main/scala/viper/gobra/frontend/info/implementation/typing/MemberTyping.scala. Using presentation compiler with project's scala-library version: 3.3.5[0m
2025.05.09 14:59:28 INFO  no build target found for /Users/herzamos/Desktop/eth/fs25/practical-work/gobra/src/main/scala/viper/gobra/frontend/info/implementation/typing/MemberTyping.scala. Using presentation compiler with project's scala-library version: 3.3.5[0m
2025.05.09 14:59:28 INFO  no build target found for /Users/herzamos/Desktop/eth/fs25/practical-work/gobra/src/main/scala/viper/gobra/frontend/info/implementation/typing/MemberTyping.scala. Using presentation compiler with project's scala-library version: 3.3.5[0m
2025.05.09 14:59:29 INFO  no build target found for /Users/herzamos/Desktop/eth/fs25/practical-work/gobra/src/main/scala/viper/gobra/frontend/info/implementation/typing/MemberTyping.scala. Using presentation compiler with project's scala-library version: 3.3.5[0m
2025.05.09 14:59:29 INFO  no build target found for /Users/herzamos/Desktop/eth/fs25/practical-work/gobra/src/main/scala/viper/gobra/frontend/info/implementation/typing/MemberTyping.scala. Using presentation compiler with project's scala-library version: 3.3.5[0m
2025.05.09 14:59:31 INFO  no build target found for /Users/herzamos/Desktop/eth/fs25/practical-work/gobra/src/main/scala/viper/gobra/frontend/info/implementation/typing/MemberTyping.scala. Using presentation compiler with project's scala-library version: 3.3.5[0m
2025.05.09 14:59:34 INFO  no build target found for /Users/herzamos/Desktop/eth/fs25/practical-work/gobra/src/main/scala/viper/gobra/frontend/info/implementation/typing/MemberTyping.scala. Using presentation compiler with project's scala-library version: 3.3.5[0m
2025.05.09 14:59:34 INFO  no build target found for /Users/herzamos/Desktop/eth/fs25/practical-work/gobra/src/main/scala/viper/gobra/frontend/info/implementation/typing/MemberTyping.scala. Using presentation compiler with project's scala-library version: 3.3.5[0m
2025.05.09 14:59:36 INFO  no build target found for /Users/herzamos/Desktop/eth/fs25/practical-work/gobra/src/main/scala/viper/gobra/frontend/info/implementation/typing/MemberTyping.scala. Using presentation compiler with project's scala-library version: 3.3.5[0m
May 09, 2025 2:59:36 PM scala.meta.internal.metals.StdReporter $anonfun$create$1
WARNING: empty definition using pc, found symbol in pc: `<none>`. (full report at: /Users/herzamos/Desktop/eth/fs25/practical-work/.metals/.reports/metals-full/2025-05-09/r_empty-definition_14-31-07-848.md)
2025.05.09 14:59:52 INFO  no build target found for /Users/herzamos/Desktop/eth/fs25/practical-work/gobra/src/main/scala/viper/gobra/ast/frontend/Ast.scala. Using presentation compiler with project's scala-library version: 3.3.5[0m
2025.05.09 14:59:54 INFO  no build target found for /Users/herzamos/Desktop/eth/fs25/practical-work/gobra/src/main/scala/viper/gobra/ast/frontend/Ast.scala. Using presentation compiler with project's scala-library version: 3.3.5[0m
2025.05.09 14:59:55 INFO  no build target found for /Users/herzamos/Desktop/eth/fs25/practical-work/gobra/src/main/scala/viper/gobra/ast/frontend/Ast.scala. Using presentation compiler with project's scala-library version: 3.3.5[0m
2025.05.09 14:59:58 INFO  no build target found for /Users/herzamos/Desktop/eth/fs25/practical-work/gobra/src/main/scala/viper/gobra/ast/frontend/Ast.scala. Using presentation compiler with project's scala-library version: 3.3.5[0m
2025.05.09 14:59:58 INFO  no build target found for /Users/herzamos/Desktop/eth/fs25/practical-work/gobra/src/main/scala/viper/gobra/ast/frontend/Ast.scala. Using presentation compiler with project's scala-library version: 3.3.5[0m
2025.05.09 14:59:58 INFO  no build target found for /Users/herzamos/Desktop/eth/fs25/practical-work/gobra/src/main/scala/viper/gobra/ast/frontend/Ast.scala. Using presentation compiler with project's scala-library version: 3.3.5[0m
2025.05.09 14:59:58 INFO  no build target found for /Users/herzamos/Desktop/eth/fs25/practical-work/gobra/src/main/scala/viper/gobra/ast/frontend/Ast.scala. Using presentation compiler with project's scala-library version: 3.3.5[0m
2025.05.09 14:59:59 INFO  no build target found for /Users/herzamos/Desktop/eth/fs25/practical-work/gobra/src/main/scala/viper/gobra/ast/frontend/Ast.scala. Using presentation compiler with project's scala-library version: 3.3.5[0m
Exception in thread "pool-536-thread-1" java.lang.InterruptedException
	at scala.meta.internal.metals.FutureCancelToken.checkCanceled(FutureCancelToken.scala:29)
	at scala.meta.internal.pc.CompilerAccess.onCompilerJobQueue$$anonfun$1(CompilerAccess.scala:244)
	at scala.meta.internal.pc.CompilerJobQueue$Job.run(CompilerJobQueue.scala:153)
	at java.base/java.util.concurrent.ThreadPoolExecutor.runWorker(ThreadPoolExecutor.java:1136)
	at java.base/java.util.concurrent.ThreadPoolExecutor$Worker.run(ThreadPoolExecutor.java:635)
	at java.base/java.lang.Thread.run(Thread.java:840)
2025.05.09 14:59:59 INFO  no build target found for /Users/herzamos/Desktop/eth/fs25/practical-work/gobra/src/main/scala/viper/gobra/ast/frontend/Ast.scala. Using presentation compiler with project's scala-library version: 3.3.5[0m
2025.05.09 14:59:59 INFO  no build target found for /Users/herzamos/Desktop/eth/fs25/practical-work/gobra/src/main/scala/viper/gobra/ast/frontend/Ast.scala. Using presentation compiler with project's scala-library version: 3.3.5[0m
2025.05.09 14:59:59 INFO  no build target found for /Users/herzamos/Desktop/eth/fs25/practical-work/gobra/src/main/scala/viper/gobra/ast/frontend/Ast.scala. Using presentation compiler with project's scala-library version: 3.3.5[0m
2025.05.09 15:00:01 INFO  no build target found for /Users/herzamos/Desktop/eth/fs25/practical-work/gobra/src/main/scala/viper/gobra/ast/frontend/Ast.scala. Using presentation compiler with project's scala-library version: 3.3.5[0m
2025.05.09 15:00:01 INFO  no build target found for /Users/herzamos/Desktop/eth/fs25/practical-work/gobra/src/main/scala/viper/gobra/ast/frontend/Ast.scala. Using presentation compiler with project's scala-library version: 3.3.5[0m
2025.05.09 15:00:06 INFO  no build target found for /Users/herzamos/Desktop/eth/fs25/practical-work/gobra/src/main/scala/viper/gobra/ast/frontend/Ast.scala. Using presentation compiler with project's scala-library version: 3.3.5[0m
2025.05.09 15:00:06 INFO  no build target found for /Users/herzamos/Desktop/eth/fs25/practical-work/gobra/src/main/scala/viper/gobra/ast/frontend/Ast.scala. Using presentation compiler with project's scala-library version: 3.3.5[0m
2025.05.09 15:00:08 INFO  no build target found for /Users/herzamos/Desktop/eth/fs25/practical-work/gobra/src/main/scala/viper/gobra/ast/frontend/Ast.scala. Using presentation compiler with project's scala-library version: 3.3.5[0m
2025.05.09 15:00:08 INFO  no build target found for /Users/herzamos/Desktop/eth/fs25/practical-work/gobra/src/main/scala/viper/gobra/ast/frontend/Ast.scala. Using presentation compiler with project's scala-library version: 3.3.5[0m
2025.05.09 15:00:12 INFO  no build target found for /Users/herzamos/Desktop/eth/fs25/practical-work/gobra/src/main/scala/viper/gobra/ast/frontend/Ast.scala. Using presentation compiler with project's scala-library version: 3.3.5[0m
2025.05.09 15:00:13 INFO  no build target found for /Users/herzamos/Desktop/eth/fs25/practical-work/gobra/src/main/scala/viper/gobra/ast/frontend/Ast.scala. Using presentation compiler with project's scala-library version: 3.3.5[0m
2025.05.09 15:00:15 INFO  no build target found for /Users/herzamos/Desktop/eth/fs25/practical-work/gobra/src/main/scala/viper/gobra/ast/frontend/Ast.scala. Using presentation compiler with project's scala-library version: 3.3.5[0m
2025.05.09 15:00:15 INFO  no build target found for /Users/herzamos/Desktop/eth/fs25/practical-work/gobra/src/main/scala/viper/gobra/ast/frontend/Ast.scala. Using presentation compiler with project's scala-library version: 3.3.5[0m
2025.05.09 15:00:15 INFO  no build target found for /Users/herzamos/Desktop/eth/fs25/practical-work/gobra/src/main/scala/viper/gobra/ast/frontend/Ast.scala. Using presentation compiler with project's scala-library version: 3.3.5[0m
2025.05.09 15:00:15 INFO  no build target found for /Users/herzamos/Desktop/eth/fs25/practical-work/gobra/src/main/scala/viper/gobra/ast/frontend/Ast.scala. Using presentation compiler with project's scala-library version: 3.3.5[0m
2025.05.09 15:00:17 INFO  no build target found for /Users/herzamos/Desktop/eth/fs25/practical-work/gobra/src/main/scala/viper/gobra/ast/frontend/Ast.scala. Using presentation compiler with project's scala-library version: 3.3.5[0m
2025.05.09 15:00:17 INFO  no build target found for /Users/herzamos/Desktop/eth/fs25/practical-work/gobra/src/main/scala/viper/gobra/ast/frontend/Ast.scala. Using presentation compiler with project's scala-library version: 3.3.5[0m
2025.05.09 15:00:20 INFO  no build target found for /Users/herzamos/Desktop/eth/fs25/practical-work/gobra/src/main/scala/viper/gobra/ast/frontend/Ast.scala. Using presentation compiler with project's scala-library version: 3.3.5[0m
2025.05.09 15:00:20 INFO  no build target found for /Users/herzamos/Desktop/eth/fs25/practical-work/gobra/src/main/scala/viper/gobra/ast/frontend/Ast.scala. Using presentation compiler with project's scala-library version: 3.3.5[0m
2025.05.09 15:00:21 INFO  no build target found for /Users/herzamos/Desktop/eth/fs25/practical-work/gobra/src/main/scala/viper/gobra/ast/frontend/Ast.scala. Using presentation compiler with project's scala-library version: 3.3.5[0m
2025.05.09 15:00:21 INFO  no build target found for /Users/herzamos/Desktop/eth/fs25/practical-work/gobra/src/main/scala/viper/gobra/ast/frontend/Ast.scala. Using presentation compiler with project's scala-library version: 3.3.5[0m
2025.05.09 15:00:26 INFO  no build target found for /Users/herzamos/Desktop/eth/fs25/practical-work/gobra/src/main/scala/viper/gobra/ast/frontend/Ast.scala. Using presentation compiler with project's scala-library version: 3.3.5[0m
2025.05.09 15:00:26 INFO  no build target found for /Users/herzamos/Desktop/eth/fs25/practical-work/gobra/src/main/scala/viper/gobra/ast/frontend/Ast.scala. Using presentation compiler with project's scala-library version: 3.3.5[0m
2025.05.09 15:00:28 INFO  no build target found for /Users/herzamos/Desktop/eth/fs25/practical-work/gobra/src/main/scala/viper/gobra/ast/frontend/Ast.scala. Using presentation compiler with project's scala-library version: 3.3.5[0m
2025.05.09 15:00:30 INFO  no build target found for /Users/herzamos/Desktop/eth/fs25/practical-work/gobra/src/main/scala/viper/gobra/ast/frontend/Ast.scala. Using presentation compiler with project's scala-library version: 3.3.5[0m
2025.05.09 15:00:30 INFO  no build target found for /Users/herzamos/Desktop/eth/fs25/practical-work/gobra/src/main/scala/viper/gobra/ast/frontend/Ast.scala. Using presentation compiler with project's scala-library version: 3.3.5[0m
2025.05.09 15:00:31 INFO  no build target found for /Users/herzamos/Desktop/eth/fs25/practical-work/gobra/src/main/scala/viper/gobra/ast/frontend/Ast.scala. Using presentation compiler with project's scala-library version: 3.3.5[0m
2025.05.09 15:00:35 INFO  no build target found for /Users/herzamos/Desktop/eth/fs25/practical-work/gobra/src/main/scala/viper/gobra/ast/frontend/Ast.scala. Using presentation compiler with project's scala-library version: 3.3.5[0m
2025.05.09 15:00:36 INFO  no build target found for /Users/herzamos/Desktop/eth/fs25/practical-work/gobra/src/main/scala/viper/gobra/ast/frontend/Ast.scala. Using presentation compiler with project's scala-library version: 3.3.5[0m
2025.05.09 15:00:43 INFO  no build target found for /Users/herzamos/Desktop/eth/fs25/practical-work/gobra/src/main/scala/viper/gobra/ast/frontend/Ast.scala. Using presentation compiler with project's scala-library version: 3.3.5[0m
2025.05.09 15:00:46 INFO  no build target found for /Users/herzamos/Desktop/eth/fs25/practical-work/gobra/src/main/scala/viper/gobra/ast/frontend/Ast.scala. Using presentation compiler with project's scala-library version: 3.3.5[0m
2025.05.09 15:00:47 INFO  no build target found for /Users/herzamos/Desktop/eth/fs25/practical-work/gobra/src/main/scala/viper/gobra/ast/frontend/Ast.scala. Using presentation compiler with project's scala-library version: 3.3.5[0m
2025.05.09 15:00:47 INFO  no build target found for /Users/herzamos/Desktop/eth/fs25/practical-work/gobra/src/main/scala/viper/gobra/ast/frontend/Ast.scala. Using presentation compiler with project's scala-library version: 3.3.5[0m
2025.05.09 15:00:47 INFO  no build target found for /Users/herzamos/Desktop/eth/fs25/practical-work/gobra/src/main/scala/viper/gobra/ast/frontend/Ast.scala. Using presentation compiler with project's scala-library version: 3.3.5[0m
2025.05.09 15:00:50 INFO  no build target found for /Users/herzamos/Desktop/eth/fs25/practical-work/gobra/src/main/scala/viper/gobra/ast/frontend/Ast.scala. Using presentation compiler with project's scala-library version: 3.3.5[0m
2025.05.09 15:00:51 INFO  no build target found for /Users/herzamos/Desktop/eth/fs25/practical-work/gobra/src/main/scala/viper/gobra/ast/frontend/Ast.scala. Using presentation compiler with project's scala-library version: 3.3.5[0m
2025.05.09 15:00:52 INFO  no build target found for /Users/herzamos/Desktop/eth/fs25/practical-work/gobra/src/main/scala/viper/gobra/ast/frontend/Ast.scala. Using presentation compiler with project's scala-library version: 3.3.5[0m
2025.05.09 15:00:55 INFO  no build target found for /Users/herzamos/Desktop/eth/fs25/practical-work/gobra/src/main/scala/viper/gobra/ast/frontend/Ast.scala. Using presentation compiler with project's scala-library version: 3.3.5[0m
2025.05.09 15:01:04 WARN  no build target for: /Users/herzamos/Desktop/eth/fs25/practical-work/gobra/src/main/scala/viper/gobra/frontend/info/implementation/typing/MemberTyping.scala[0m
2025.05.09 15:01:04 INFO  no build target found for /Users/herzamos/Desktop/eth/fs25/practical-work/gobra/src/main/scala/viper/gobra/frontend/info/implementation/typing/MemberTyping.scala. Using presentation compiler with project's scala-library version: 3.3.5[0m
2025.05.09 15:01:04 INFO  no build target found for /Users/herzamos/Desktop/eth/fs25/practical-work/gobra/src/main/scala/viper/gobra/frontend/info/implementation/typing/MemberTyping.scala. Using presentation compiler with project's scala-library version: 3.3.5[0m
2025.05.09 15:01:04 INFO  no build target found for /Users/herzamos/Desktop/eth/fs25/practical-work/gobra/src/main/scala/viper/gobra/frontend/info/implementation/typing/MemberTyping.scala. Using presentation compiler with project's scala-library version: 3.3.5[0m
2025.05.09 15:01:04 INFO  no build target found for /Users/herzamos/Desktop/eth/fs25/practical-work/gobra/src/main/scala/viper/gobra/frontend/info/implementation/typing/MemberTyping.scala. Using presentation compiler with project's scala-library version: 3.3.5[0m
2025.05.09 15:01:04 INFO  no build target found for /Users/herzamos/Desktop/eth/fs25/practical-work/gobra/src/main/scala/viper/gobra/frontend/info/implementation/typing/MemberTyping.scala. Using presentation compiler with project's scala-library version: 3.3.5[0m
2025.05.09 15:01:06 INFO  no build target found for /Users/herzamos/Desktop/eth/fs25/practical-work/gobra/src/main/scala/viper/gobra/frontend/info/implementation/typing/MemberTyping.scala. Using presentation compiler with project's scala-library version: 3.3.5[0m
2025.05.09 15:01:06 INFO  no build target found for /Users/herzamos/Desktop/eth/fs25/practical-work/gobra/src/main/scala/viper/gobra/frontend/info/implementation/typing/MemberTyping.scala. Using presentation compiler with project's scala-library version: 3.3.5[0m
2025.05.09 15:01:06 INFO  no build target found for /Users/herzamos/Desktop/eth/fs25/practical-work/gobra/src/main/scala/viper/gobra/frontend/info/implementation/typing/MemberTyping.scala. Using presentation compiler with project's scala-library version: 3.3.5[0m
2025.05.09 15:01:06 INFO  no build target found for /Users/herzamos/Desktop/eth/fs25/practical-work/gobra/src/main/scala/viper/gobra/frontend/info/implementation/typing/MemberTyping.scala. Using presentation compiler with project's scala-library version: 3.3.5[0m
2025.05.09 15:01:06 INFO  no build target found for /Users/herzamos/Desktop/eth/fs25/practical-work/gobra/src/main/scala/viper/gobra/frontend/info/implementation/typing/MemberTyping.scala. Using presentation compiler with project's scala-library version: 3.3.5[0m
2025.05.09 15:01:06 INFO  no build target found for /Users/herzamos/Desktop/eth/fs25/practical-work/gobra/src/main/scala/viper/gobra/frontend/info/implementation/typing/MemberTyping.scala. Using presentation compiler with project's scala-library version: 3.3.5[0m
2025.05.09 15:01:07 INFO  no build target found for /Users/herzamos/Desktop/eth/fs25/practical-work/gobra/src/main/scala/viper/gobra/frontend/info/implementation/typing/MemberTyping.scala. Using presentation compiler with project's scala-library version: 3.3.5[0m
2025.05.09 15:01:07 INFO  no build target found for /Users/herzamos/Desktop/eth/fs25/practical-work/gobra/src/main/scala/viper/gobra/frontend/info/implementation/typing/MemberTyping.scala. Using presentation compiler with project's scala-library version: 3.3.5[0m
2025.05.09 15:01:07 INFO  no build target found for /Users/herzamos/Desktop/eth/fs25/practical-work/gobra/src/main/scala/viper/gobra/frontend/info/implementation/typing/MemberTyping.scala. Using presentation compiler with project's scala-library version: 3.3.5[0m
2025.05.09 15:01:07 INFO  no build target found for /Users/herzamos/Desktop/eth/fs25/practical-work/gobra/src/main/scala/viper/gobra/frontend/info/implementation/typing/MemberTyping.scala. Using presentation compiler with project's scala-library version: 3.3.5[0m
2025.05.09 15:01:07 INFO  no build target found for /Users/herzamos/Desktop/eth/fs25/practical-work/gobra/src/main/scala/viper/gobra/frontend/info/implementation/typing/MemberTyping.scala. Using presentation compiler with project's scala-library version: 3.3.5[0m
2025.05.09 15:01:07 INFO  no build target found for /Users/herzamos/Desktop/eth/fs25/practical-work/gobra/src/main/scala/viper/gobra/frontend/info/implementation/typing/MemberTyping.scala. Using presentation compiler with project's scala-library version: 3.3.5[0m
2025.05.09 15:01:07 INFO  no build target found for /Users/herzamos/Desktop/eth/fs25/practical-work/gobra/src/main/scala/viper/gobra/frontend/info/implementation/typing/MemberTyping.scala. Using presentation compiler with project's scala-library version: 3.3.5[0m
2025.05.09 15:01:08 INFO  no build target found for /Users/herzamos/Desktop/eth/fs25/practical-work/gobra/src/main/scala/viper/gobra/frontend/info/implementation/typing/MemberTyping.scala. Using presentation compiler with project's scala-library version: 3.3.5[0m
2025.05.09 15:01:08 INFO  no build target found for /Users/herzamos/Desktop/eth/fs25/practical-work/gobra/src/main/scala/viper/gobra/frontend/info/implementation/typing/MemberTyping.scala. Using presentation compiler with project's scala-library version: 3.3.5[0m
2025.05.09 15:01:08 INFO  no build target found for /Users/herzamos/Desktop/eth/fs25/practical-work/gobra/src/main/scala/viper/gobra/frontend/info/implementation/typing/MemberTyping.scala. Using presentation compiler with project's scala-library version: 3.3.5[0m
2025.05.09 15:01:08 INFO  no build target found for /Users/herzamos/Desktop/eth/fs25/practical-work/gobra/src/main/scala/viper/gobra/frontend/info/implementation/typing/MemberTyping.scala. Using presentation compiler with project's scala-library version: 3.3.5[0m
2025.05.09 15:01:08 INFO  no build target found for /Users/herzamos/Desktop/eth/fs25/practical-work/gobra/src/main/scala/viper/gobra/frontend/info/implementation/typing/MemberTyping.scala. Using presentation compiler with project's scala-library version: 3.3.5[0m
2025.05.09 15:01:10 INFO  no build target found for /Users/herzamos/Desktop/eth/fs25/practical-work/gobra/src/main/scala/viper/gobra/frontend/info/implementation/typing/MemberTyping.scala. Using presentation compiler with project's scala-library version: 3.3.5[0m
2025.05.09 15:01:10 INFO  no build target found for /Users/herzamos/Desktop/eth/fs25/practical-work/gobra/src/main/scala/viper/gobra/frontend/info/implementation/typing/MemberTyping.scala. Using presentation compiler with project's scala-library version: 3.3.5[0m
2025.05.09 15:01:10 INFO  no build target found for /Users/herzamos/Desktop/eth/fs25/practical-work/gobra/src/main/scala/viper/gobra/frontend/info/implementation/typing/MemberTyping.scala. Using presentation compiler with project's scala-library version: 3.3.5[0m
2025.05.09 15:01:10 INFO  no build target found for /Users/herzamos/Desktop/eth/fs25/practical-work/gobra/src/main/scala/viper/gobra/frontend/info/implementation/typing/MemberTyping.scala. Using presentation compiler with project's scala-library version: 3.3.5[0m
2025.05.09 15:01:11 WARN  no build target for: /Users/herzamos/Desktop/eth/fs25/practical-work/gobra/src/main/scala/viper/gobra/frontend/info/implementation/typing/MemberTyping.scala[0m
2025.05.09 15:01:11 INFO  no build target found for /Users/herzamos/Desktop/eth/fs25/practical-work/gobra/src/main/scala/viper/gobra/frontend/info/implementation/typing/MemberTyping.scala. Using presentation compiler with project's scala-library version: 3.3.5[0m
2025.05.09 15:01:12 INFO  no build target found for /Users/herzamos/Desktop/eth/fs25/practical-work/gobra/src/main/scala/viper/gobra/frontend/info/implementation/typing/MemberTyping.scala. Using presentation compiler with project's scala-library version: 3.3.5[0m
2025.05.09 15:01:26 INFO  no build target found for /Users/herzamos/Desktop/eth/fs25/practical-work/gobra/src/main/scala/viper/gobra/frontend/info/implementation/typing/MemberTyping.scala. Using presentation compiler with project's scala-library version: 3.3.5[0m
2025.05.09 15:01:26 INFO  no build target found for /Users/herzamos/Desktop/eth/fs25/practical-work/gobra/src/main/scala/viper/gobra/frontend/info/implementation/typing/MemberTyping.scala. Using presentation compiler with project's scala-library version: 3.3.5[0m
2025.05.09 15:01:26 INFO  no build target found for /Users/herzamos/Desktop/eth/fs25/practical-work/gobra/src/main/scala/viper/gobra/frontend/info/implementation/typing/MemberTyping.scala. Using presentation compiler with project's scala-library version: 3.3.5[0m
2025.05.09 15:01:26 INFO  no build target found for /Users/herzamos/Desktop/eth/fs25/practical-work/gobra/src/main/scala/viper/gobra/frontend/info/implementation/typing/MemberTyping.scala. Using presentation compiler with project's scala-library version: 3.3.5[0m
2025.05.09 15:01:27 INFO  no build target found for /Users/herzamos/Desktop/eth/fs25/practical-work/gobra/src/main/scala/viper/gobra/frontend/info/implementation/typing/MemberTyping.scala. Using presentation compiler with project's scala-library version: 3.3.5[0m
2025.05.09 15:01:27 INFO  no build target found for /Users/herzamos/Desktop/eth/fs25/practical-work/gobra/src/main/scala/viper/gobra/frontend/info/implementation/typing/MemberTyping.scala. Using presentation compiler with project's scala-library version: 3.3.5[0m
2025.05.09 15:01:27 INFO  no build target found for /Users/herzamos/Desktop/eth/fs25/practical-work/gobra/src/main/scala/viper/gobra/frontend/info/implementation/typing/MemberTyping.scala. Using presentation compiler with project's scala-library version: 3.3.5[0m
2025.05.09 15:01:27 INFO  no build target found for /Users/herzamos/Desktop/eth/fs25/practical-work/gobra/src/main/scala/viper/gobra/frontend/info/implementation/typing/MemberTyping.scala. Using presentation compiler with project's scala-library version: 3.3.5[0m
2025.05.09 15:01:27 INFO  no build target found for /Users/herzamos/Desktop/eth/fs25/practical-work/gobra/src/main/scala/viper/gobra/frontend/info/implementation/typing/MemberTyping.scala. Using presentation compiler with project's scala-library version: 3.3.5[0m
2025.05.09 15:01:27 INFO  no build target found for /Users/herzamos/Desktop/eth/fs25/practical-work/gobra/src/main/scala/viper/gobra/frontend/info/implementation/typing/MemberTyping.scala. Using presentation compiler with project's scala-library version: 3.3.5[0m
2025.05.09 15:01:28 INFO  no build target found for /Users/herzamos/Desktop/eth/fs25/practical-work/gobra/src/main/scala/viper/gobra/frontend/info/implementation/typing/MemberTyping.scala. Using presentation compiler with project's scala-library version: 3.3.5[0m
2025.05.09 15:01:28 INFO  no build target found for /Users/herzamos/Desktop/eth/fs25/practical-work/gobra/src/main/scala/viper/gobra/frontend/info/implementation/typing/MemberTyping.scala. Using presentation compiler with project's scala-library version: 3.3.5[0m
2025.05.09 15:01:29 INFO  no build target found for /Users/herzamos/Desktop/eth/fs25/practical-work/gobra/src/main/scala/viper/gobra/frontend/info/implementation/typing/MemberTyping.scala. Using presentation compiler with project's scala-library version: 3.3.5[0m
2025.05.09 15:01:29 INFO  no build target found for /Users/herzamos/Desktop/eth/fs25/practical-work/gobra/src/main/scala/viper/gobra/frontend/info/implementation/typing/MemberTyping.scala. Using presentation compiler with project's scala-library version: 3.3.5[0m
2025.05.09 15:01:29 INFO  no build target found for /Users/herzamos/Desktop/eth/fs25/practical-work/gobra/src/main/scala/viper/gobra/frontend/info/implementation/typing/MemberTyping.scala. Using presentation compiler with project's scala-library version: 3.3.5[0m
May 09, 2025 3:01:29 PM scala.meta.internal.metals.StdReporter $anonfun$create$1
WARNING: empty definition using pc, found symbol in pc: `<none>`. (full report at: /Users/herzamos/Desktop/eth/fs25/practical-work/.metals/.reports/metals-full/2025-05-09/r_empty-definition_14-31-07-848.md)
2025.05.09 15:01:28 INFO  no build target found for /Users/herzamos/Desktop/eth/fs25/practical-work/gobra/src/main/scala/viper/gobra/frontend/info/implementation/typing/MemberTyping.scala. Using presentation compiler with project's scala-library version: 3.3.5[0m
2025.05.09 15:01:29 INFO  no build target found for /Users/herzamos/Desktop/eth/fs25/practical-work/gobra/src/main/scala/viper/gobra/frontend/info/implementation/typing/MemberTyping.scala. Using presentation compiler with project's scala-library version: 3.3.5[0m
2025.05.09 15:01:29 INFO  no build target found for /Users/herzamos/Desktop/eth/fs25/practical-work/gobra/src/main/scala/viper/gobra/frontend/info/implementation/typing/MemberTyping.scala. Using presentation compiler with project's scala-library version: 3.3.5[0m
2025.05.09 15:01:29 INFO  no build target found for /Users/herzamos/Desktop/eth/fs25/practical-work/gobra/src/main/scala/viper/gobra/frontend/info/implementation/typing/MemberTyping.scala. Using presentation compiler with project's scala-library version: 3.3.5[0m
2025.05.09 15:01:29 INFO  no build target found for /Users/herzamos/Desktop/eth/fs25/practical-work/gobra/src/main/scala/viper/gobra/frontend/info/implementation/typing/MemberTyping.scala. Using presentation compiler with project's scala-library version: 3.3.5[0m
2025.05.09 15:01:29 INFO  no build target found for /Users/herzamos/Desktop/eth/fs25/practical-work/gobra/src/main/scala/viper/gobra/frontend/info/implementation/typing/MemberTyping.scala. Using presentation compiler with project's scala-library version: 3.3.5[0m
2025.05.09 15:01:29 INFO  no build target found for /Users/herzamos/Desktop/eth/fs25/practical-work/gobra/src/main/scala/viper/gobra/frontend/info/implementation/typing/MemberTyping.scala. Using presentation compiler with project's scala-library version: 3.3.5[0m
2025.05.09 15:01:30 INFO  no build target found for /Users/herzamos/Desktop/eth/fs25/practical-work/gobra/src/main/scala/viper/gobra/frontend/info/implementation/typing/MemberTyping.scala. Using presentation compiler with project's scala-library version: 3.3.5[0m
2025.05.09 15:01:30 WARN  no build target for: /Users/herzamos/Desktop/eth/fs25/practical-work/gobra/src/main/scala/viper/gobra/frontend/info/implementation/typing/MemberTyping.scala[0m
2025.05.09 15:01:51 INFO  no build target found for /Users/herzamos/Desktop/eth/fs25/practical-work/gobra/src/main/scala/viper/gobra/frontend/info/implementation/typing/MemberTyping.scala. Using presentation compiler with project's scala-library version: 3.3.5[0m
2025.05.09 15:01:53 INFO  no build target found for /Users/herzamos/Desktop/eth/fs25/practical-work/gobra/src/main/scala/viper/gobra/frontend/info/implementation/typing/MemberTyping.scala. Using presentation compiler with project's scala-library version: 3.3.5[0m
2025.05.09 15:01:53 INFO  no build target found for /Users/herzamos/Desktop/eth/fs25/practical-work/gobra/src/main/scala/viper/gobra/frontend/info/implementation/typing/MemberTyping.scala. Using presentation compiler with project's scala-library version: 3.3.5[0m
2025.05.09 15:01:53 INFO  no build target found for /Users/herzamos/Desktop/eth/fs25/practical-work/gobra/src/main/scala/viper/gobra/frontend/info/implementation/typing/MemberTyping.scala. Using presentation compiler with project's scala-library version: 3.3.5[0m
2025.05.09 15:01:54 INFO  no build target found for /Users/herzamos/Desktop/eth/fs25/practical-work/gobra/src/main/scala/viper/gobra/frontend/info/implementation/typing/MemberTyping.scala. Using presentation compiler with project's scala-library version: 3.3.5[0m
2025.05.09 15:01:54 INFO  no build target found for /Users/herzamos/Desktop/eth/fs25/practical-work/gobra/src/main/scala/viper/gobra/frontend/info/implementation/typing/MemberTyping.scala. Using presentation compiler with project's scala-library version: 3.3.5[0m
2025.05.09 15:01:54 INFO  no build target found for /Users/herzamos/Desktop/eth/fs25/practical-work/gobra/src/main/scala/viper/gobra/frontend/info/implementation/typing/MemberTyping.scala. Using presentation compiler with project's scala-library version: 3.3.5[0m
2025.05.09 15:01:54 INFO  no build target found for /Users/herzamos/Desktop/eth/fs25/practical-work/gobra/src/main/scala/viper/gobra/frontend/info/implementation/typing/MemberTyping.scala. Using presentation compiler with project's scala-library version: 3.3.5[0m
2025.05.09 15:01:55 INFO  no build target found for /Users/herzamos/Desktop/eth/fs25/practical-work/gobra/src/main/scala/viper/gobra/frontend/info/implementation/typing/MemberTyping.scala. Using presentation compiler with project's scala-library version: 3.3.5[0m
2025.05.09 15:01:57 INFO  no build target found for /Users/herzamos/Desktop/eth/fs25/practical-work/gobra/src/main/scala/viper/gobra/frontend/info/implementation/typing/MemberTyping.scala. Using presentation compiler with project's scala-library version: 3.3.5[0m
2025.05.09 15:01:57 INFO  no build target found for /Users/herzamos/Desktop/eth/fs25/practical-work/gobra/src/main/scala/viper/gobra/frontend/info/implementation/typing/MemberTyping.scala. Using presentation compiler with project's scala-library version: 3.3.5[0m
2025.05.09 15:01:57 INFO  no build target found for /Users/herzamos/Desktop/eth/fs25/practical-work/gobra/src/main/scala/viper/gobra/frontend/info/implementation/typing/MemberTyping.scala. Using presentation compiler with project's scala-library version: 3.3.5[0m
2025.05.09 15:01:57 INFO  no build target found for /Users/herzamos/Desktop/eth/fs25/practical-work/gobra/src/main/scala/viper/gobra/frontend/info/implementation/typing/MemberTyping.scala. Using presentation compiler with project's scala-library version: 3.3.5[0m
2025.05.09 15:01:58 INFO  no build target found for /Users/herzamos/Desktop/eth/fs25/practical-work/gobra/src/main/scala/viper/gobra/frontend/info/implementation/typing/MemberTyping.scala. Using presentation compiler with project's scala-library version: 3.3.5[0m
2025.05.09 15:02:00 INFO  no build target found for /Users/herzamos/Desktop/eth/fs25/practical-work/gobra/src/main/scala/viper/gobra/frontend/info/implementation/typing/MemberTyping.scala. Using presentation compiler with project's scala-library version: 3.3.5[0m
2025.05.09 15:02:02 INFO  no build target found for /Users/herzamos/Desktop/eth/fs25/practical-work/gobra/src/main/scala/viper/gobra/frontend/info/implementation/typing/MemberTyping.scala. Using presentation compiler with project's scala-library version: 3.3.5[0m
2025.05.09 15:02:07 INFO  no build target found for /Users/herzamos/Desktop/eth/fs25/practical-work/gobra/src/main/scala/viper/gobra/frontend/info/implementation/typing/MemberTyping.scala. Using presentation compiler with project's scala-library version: 3.3.5[0m
2025.05.09 15:02:49 INFO  no build target found for /Users/herzamos/Desktop/eth/fs25/practical-work/gobra/src/main/scala/viper/gobra/frontend/info/implementation/typing/MemberTyping.scala. Using presentation compiler with project's scala-library version: 3.3.5[0m
2025.05.09 15:02:49 INFO  no build target found for /Users/herzamos/Desktop/eth/fs25/practical-work/gobra/src/main/scala/viper/gobra/frontend/info/implementation/typing/MemberTyping.scala. Using presentation compiler with project's scala-library version: 3.3.5[0m
2025.05.09 15:02:50 INFO  no build target found for /Users/herzamos/Desktop/eth/fs25/practical-work/gobra/src/main/scala/viper/gobra/frontend/info/implementation/typing/MemberTyping.scala. Using presentation compiler with project's scala-library version: 3.3.5[0m
2025.05.09 15:02:50 INFO  no build target found for /Users/herzamos/Desktop/eth/fs25/practical-work/gobra/src/main/scala/viper/gobra/frontend/info/implementation/typing/MemberTyping.scala. Using presentation compiler with project's scala-library version: 3.3.5[0m
2025.05.09 15:02:50 INFO  no build target found for /Users/herzamos/Desktop/eth/fs25/practical-work/gobra/src/main/scala/viper/gobra/frontend/info/implementation/typing/MemberTyping.scala. Using presentation compiler with project's scala-library version: 3.3.5[0m
2025.05.09 15:02:50 INFO  no build target found for /Users/herzamos/Desktop/eth/fs25/practical-work/gobra/src/main/scala/viper/gobra/frontend/info/implementation/typing/MemberTyping.scala. Using presentation compiler with project's scala-library version: 3.3.5[0m
2025.05.09 15:02:52 INFO  no build target found for /Users/herzamos/Desktop/eth/fs25/practical-work/gobra/src/main/scala/viper/gobra/frontend/info/implementation/typing/MemberTyping.scala. Using presentation compiler with project's scala-library version: 3.3.5[0m
2025.05.09 15:02:52 INFO  no build target found for /Users/herzamos/Desktop/eth/fs25/practical-work/gobra/src/main/scala/viper/gobra/frontend/info/implementation/typing/MemberTyping.scala. Using presentation compiler with project's scala-library version: 3.3.5[0m
2025.05.09 15:02:52 INFO  no build target found for /Users/herzamos/Desktop/eth/fs25/practical-work/gobra/src/main/scala/viper/gobra/frontend/info/implementation/typing/MemberTyping.scala. Using presentation compiler with project's scala-library version: 3.3.5[0m
2025.05.09 15:02:52 WARN  no build target for: /Users/herzamos/Desktop/eth/fs25/practical-work/gobra/src/main/scala/viper/gobra/frontend/info/implementation/typing/MemberTyping.scala[0m
2025.05.09 15:02:52 INFO  no build target found for /Users/herzamos/Desktop/eth/fs25/practical-work/gobra/src/main/scala/viper/gobra/frontend/info/implementation/typing/MemberTyping.scala. Using presentation compiler with project's scala-library version: 3.3.5[0m
2025.05.09 15:02:52 INFO  no build target found for /Users/herzamos/Desktop/eth/fs25/practical-work/gobra/src/main/scala/viper/gobra/frontend/info/implementation/typing/MemberTyping.scala. Using presentation compiler with project's scala-library version: 3.3.5[0m
2025.05.09 15:02:52 INFO  no build target found for /Users/herzamos/Desktop/eth/fs25/practical-work/gobra/src/main/scala/viper/gobra/frontend/info/implementation/typing/MemberTyping.scala. Using presentation compiler with project's scala-library version: 3.3.5[0m
May 09, 2025 3:02:53 PM scala.meta.internal.metals.StdReporter $anonfun$create$1
WARNING: empty definition using pc, found symbol in pc: result. (full report at: /Users/herzamos/Desktop/eth/fs25/practical-work/.metals/.reports/metals-full/2025-05-09/r_empty-definition_15-02-53-052.md)
2025.05.09 15:02:53 INFO  no build target found for /Users/herzamos/Desktop/eth/fs25/practical-work/gobra/src/main/scala/viper/gobra/frontend/info/implementation/typing/MemberTyping.scala. Using presentation compiler with project's scala-library version: 3.3.5[0m
2025.05.09 15:02:53 INFO  no build target found for /Users/herzamos/Desktop/eth/fs25/practical-work/gobra/src/main/scala/viper/gobra/frontend/info/implementation/typing/MemberTyping.scala. Using presentation compiler with project's scala-library version: 3.3.5[0m
2025.05.09 15:02:54 INFO  no build target found for /Users/herzamos/Desktop/eth/fs25/practical-work/gobra/src/main/scala/viper/gobra/frontend/info/implementation/typing/MemberTyping.scala. Using presentation compiler with project's scala-library version: 3.3.5[0m
2025.05.09 15:02:54 INFO  no build target found for /Users/herzamos/Desktop/eth/fs25/practical-work/gobra/src/main/scala/viper/gobra/frontend/info/implementation/typing/MemberTyping.scala. Using presentation compiler with project's scala-library version: 3.3.5[0m
2025.05.09 15:02:54 INFO  no build target found for /Users/herzamos/Desktop/eth/fs25/practical-work/gobra/src/main/scala/viper/gobra/frontend/info/implementation/typing/MemberTyping.scala. Using presentation compiler with project's scala-library version: 3.3.5[0m
2025.05.09 15:02:54 INFO  no build target found for /Users/herzamos/Desktop/eth/fs25/practical-work/gobra/src/main/scala/viper/gobra/frontend/info/implementation/typing/MemberTyping.scala. Using presentation compiler with project's scala-library version: 3.3.5[0m
2025.05.09 15:02:55 INFO  no build target found for /Users/herzamos/Desktop/eth/fs25/practical-work/gobra/src/main/scala/viper/gobra/frontend/info/implementation/typing/MemberTyping.scala. Using presentation compiler with project's scala-library version: 3.3.5[0m
2025.05.09 15:02:55 INFO  no build target found for /Users/herzamos/Desktop/eth/fs25/practical-work/gobra/src/main/scala/viper/gobra/frontend/info/implementation/typing/MemberTyping.scala. Using presentation compiler with project's scala-library version: 3.3.5[0m
2025.05.09 15:03:03 INFO  no build target found for /Users/herzamos/Desktop/eth/fs25/practical-work/gobra/src/main/scala/viper/gobra/frontend/info/implementation/typing/MemberTyping.scala. Using presentation compiler with project's scala-library version: 3.3.5[0m
2025.05.09 15:03:03 INFO  no build target found for /Users/herzamos/Desktop/eth/fs25/practical-work/gobra/src/main/scala/viper/gobra/frontend/info/implementation/typing/MemberTyping.scala. Using presentation compiler with project's scala-library version: 3.3.5[0m
2025.05.09 15:03:05 INFO  no build target found for /Users/herzamos/Desktop/eth/fs25/practical-work/gobra/src/main/scala/viper/gobra/frontend/info/implementation/typing/MemberTyping.scala. Using presentation compiler with project's scala-library version: 3.3.5[0m
2025.05.09 15:03:05 INFO  no build target found for /Users/herzamos/Desktop/eth/fs25/practical-work/gobra/src/main/scala/viper/gobra/frontend/info/implementation/typing/MemberTyping.scala. Using presentation compiler with project's scala-library version: 3.3.5[0m
2025.05.09 15:03:05 INFO  no build target found for /Users/herzamos/Desktop/eth/fs25/practical-work/gobra/src/main/scala/viper/gobra/frontend/info/implementation/typing/MemberTyping.scala. Using presentation compiler with project's scala-library version: 3.3.5[0m
2025.05.09 15:03:05 INFO  no build target found for /Users/herzamos/Desktop/eth/fs25/practical-work/gobra/src/main/scala/viper/gobra/frontend/info/implementation/typing/MemberTyping.scala. Using presentation compiler with project's scala-library version: 3.3.5[0m
2025.05.09 15:03:06 INFO  no build target found for /Users/herzamos/Desktop/eth/fs25/practical-work/gobra/src/main/scala/viper/gobra/frontend/info/implementation/typing/MemberTyping.scala. Using presentation compiler with project's scala-library version: 3.3.5[0m
2025.05.09 15:03:06 INFO  no build target found for /Users/herzamos/Desktop/eth/fs25/practical-work/gobra/src/main/scala/viper/gobra/frontend/info/implementation/typing/MemberTyping.scala. Using presentation compiler with project's scala-library version: 3.3.5[0m
2025.05.09 15:03:08 INFO  no build target found for /Users/herzamos/Desktop/eth/fs25/practical-work/gobra/src/main/scala/viper/gobra/frontend/info/implementation/typing/MemberTyping.scala. Using presentation compiler with project's scala-library version: 3.3.5[0m
2025.05.09 15:03:08 INFO  no build target found for /Users/herzamos/Desktop/eth/fs25/practical-work/gobra/src/main/scala/viper/gobra/frontend/info/implementation/typing/MemberTyping.scala. Using presentation compiler with project's scala-library version: 3.3.5[0m
2025.05.09 15:03:18 INFO  no build target found for /Users/herzamos/Desktop/eth/fs25/practical-work/gobra/src/main/scala/viper/gobra/frontend/info/implementation/typing/MemberTyping.scala. Using presentation compiler with project's scala-library version: 3.3.5[0m
2025.05.09 15:03:18 INFO  no build target found for /Users/herzamos/Desktop/eth/fs25/practical-work/gobra/src/main/scala/viper/gobra/frontend/info/implementation/typing/MemberTyping.scala. Using presentation compiler with project's scala-library version: 3.3.5[0m
2025.05.09 15:03:18 INFO  no build target found for /Users/herzamos/Desktop/eth/fs25/practical-work/gobra/src/main/scala/viper/gobra/frontend/info/implementation/typing/MemberTyping.scala. Using presentation compiler with project's scala-library version: 3.3.5[0m
2025.05.09 15:03:19 INFO  no build target found for /Users/herzamos/Desktop/eth/fs25/practical-work/gobra/src/main/scala/viper/gobra/frontend/info/implementation/typing/MemberTyping.scala. Using presentation compiler with project's scala-library version: 3.3.5[0m
2025.05.09 15:03:19 INFO  no build target found for /Users/herzamos/Desktop/eth/fs25/practical-work/gobra/src/main/scala/viper/gobra/frontend/info/implementation/typing/MemberTyping.scala. Using presentation compiler with project's scala-library version: 3.3.5[0m
2025.05.09 15:03:19 INFO  no build target found for /Users/herzamos/Desktop/eth/fs25/practical-work/gobra/src/main/scala/viper/gobra/frontend/info/implementation/typing/MemberTyping.scala. Using presentation compiler with project's scala-library version: 3.3.5[0m
2025.05.09 15:03:20 INFO  no build target found for /Users/herzamos/Desktop/eth/fs25/practical-work/gobra/src/main/scala/viper/gobra/frontend/info/implementation/typing/MemberTyping.scala. Using presentation compiler with project's scala-library version: 3.3.5[0m
2025.05.09 15:03:20 WARN  no build target for: /Users/herzamos/Desktop/eth/fs25/practical-work/gobra/src/main/scala/viper/gobra/frontend/info/implementation/typing/MemberTyping.scala[0m
2025.05.09 15:03:29 INFO  no build target found for /Users/herzamos/Desktop/eth/fs25/practical-work/gobra/src/main/scala/viper/gobra/frontend/info/implementation/typing/MemberTyping.scala. Using presentation compiler with project's scala-library version: 3.3.5[0m
2025.05.09 15:03:29 INFO  no build target found for /Users/herzamos/Desktop/eth/fs25/practical-work/gobra/src/main/scala/viper/gobra/frontend/info/implementation/typing/MemberTyping.scala. Using presentation compiler with project's scala-library version: 3.3.5[0m
2025.05.09 15:03:29 INFO  no build target found for /Users/herzamos/Desktop/eth/fs25/practical-work/gobra/src/main/scala/viper/gobra/frontend/info/implementation/typing/MemberTyping.scala. Using presentation compiler with project's scala-library version: 3.3.5[0m
2025.05.09 15:03:29 INFO  no build target found for /Users/herzamos/Desktop/eth/fs25/practical-work/gobra/src/main/scala/viper/gobra/frontend/info/implementation/typing/MemberTyping.scala. Using presentation compiler with project's scala-library version: 3.3.5[0m
2025.05.09 15:03:29 INFO  no build target found for /Users/herzamos/Desktop/eth/fs25/practical-work/gobra/src/main/scala/viper/gobra/frontend/info/implementation/typing/MemberTyping.scala. Using presentation compiler with project's scala-library version: 3.3.5[0m
2025.05.09 15:03:29 INFO  no build target found for /Users/herzamos/Desktop/eth/fs25/practical-work/gobra/src/main/scala/viper/gobra/frontend/info/implementation/typing/MemberTyping.scala. Using presentation compiler with project's scala-library version: 3.3.5[0m
2025.05.09 15:03:30 INFO  no build target found for /Users/herzamos/Desktop/eth/fs25/practical-work/gobra/src/main/scala/viper/gobra/frontend/info/implementation/typing/MemberTyping.scala. Using presentation compiler with project's scala-library version: 3.3.5[0m
2025.05.09 15:03:30 INFO  no build target found for /Users/herzamos/Desktop/eth/fs25/practical-work/gobra/src/main/scala/viper/gobra/frontend/info/implementation/typing/MemberTyping.scala. Using presentation compiler with project's scala-library version: 3.3.5[0m
2025.05.09 15:03:30 INFO  no build target found for /Users/herzamos/Desktop/eth/fs25/practical-work/gobra/src/main/scala/viper/gobra/frontend/info/implementation/typing/MemberTyping.scala. Using presentation compiler with project's scala-library version: 3.3.5[0m
2025.05.09 15:03:31 INFO  no build target found for /Users/herzamos/Desktop/eth/fs25/practical-work/gobra/src/main/scala/viper/gobra/frontend/info/implementation/typing/MemberTyping.scala. Using presentation compiler with project's scala-library version: 3.3.5[0m
2025.05.09 15:03:31 INFO  no build target found for /Users/herzamos/Desktop/eth/fs25/practical-work/gobra/src/main/scala/viper/gobra/frontend/info/implementation/typing/MemberTyping.scala. Using presentation compiler with project's scala-library version: 3.3.5[0m
2025.05.09 15:03:31 INFO  no build target found for /Users/herzamos/Desktop/eth/fs25/practical-work/gobra/src/main/scala/viper/gobra/frontend/info/implementation/typing/MemberTyping.scala. Using presentation compiler with project's scala-library version: 3.3.5[0m
2025.05.09 15:03:32 INFO  no build target found for /Users/herzamos/Desktop/eth/fs25/practical-work/gobra/src/main/scala/viper/gobra/frontend/info/implementation/typing/MemberTyping.scala. Using presentation compiler with project's scala-library version: 3.3.5[0m
2025.05.09 15:03:32 WARN  no build target for: /Users/herzamos/Desktop/eth/fs25/practical-work/gobra/src/main/scala/viper/gobra/frontend/info/implementation/typing/MemberTyping.scala[0m
2025.05.09 15:03:31 INFO  no build target found for /Users/herzamos/Desktop/eth/fs25/practical-work/gobra/src/main/scala/viper/gobra/frontend/info/implementation/typing/MemberTyping.scala. Using presentation compiler with project's scala-library version: 3.3.5[0m
2025.05.09 15:03:56 INFO  no build target found for /Users/herzamos/Desktop/eth/fs25/practical-work/gobra/src/main/scala/viper/gobra/frontend/info/implementation/typing/MemberTyping.scala. Using presentation compiler with project's scala-library version: 3.3.5[0m
2025.05.09 15:03:56 INFO  no build target found for /Users/herzamos/Desktop/eth/fs25/practical-work/gobra/src/main/scala/viper/gobra/frontend/info/implementation/typing/MemberTyping.scala. Using presentation compiler with project's scala-library version: 3.3.5[0m
2025.05.09 15:03:56 INFO  no build target found for /Users/herzamos/Desktop/eth/fs25/practical-work/gobra/src/main/scala/viper/gobra/frontend/info/implementation/typing/MemberTyping.scala. Using presentation compiler with project's scala-library version: 3.3.5[0m
2025.05.09 15:03:56 INFO  no build target found for /Users/herzamos/Desktop/eth/fs25/practical-work/gobra/src/main/scala/viper/gobra/frontend/info/implementation/typing/MemberTyping.scala. Using presentation compiler with project's scala-library version: 3.3.5[0m
2025.05.09 15:03:56 WARN  no build target for: /Users/herzamos/Desktop/eth/fs25/practical-work/gobra/src/main/scala/viper/gobra/frontend/info/implementation/typing/MemberTyping.scala[0m
2025.05.09 15:04:23 INFO  no build target found for /Users/herzamos/Desktop/eth/fs25/practical-work/gobra/src/main/scala/viper/gobra/frontend/info/implementation/typing/MemberTyping.scala. Using presentation compiler with project's scala-library version: 3.3.5[0m
2025.05.09 15:04:23 INFO  no build target found for /Users/herzamos/Desktop/eth/fs25/practical-work/gobra/src/main/scala/viper/gobra/frontend/info/implementation/typing/MemberTyping.scala. Using presentation compiler with project's scala-library version: 3.3.5[0m
2025.05.09 15:04:23 INFO  no build target found for /Users/herzamos/Desktop/eth/fs25/practical-work/gobra/src/main/scala/viper/gobra/frontend/info/implementation/typing/MemberTyping.scala. Using presentation compiler with project's scala-library version: 3.3.5[0m
2025.05.09 15:04:23 INFO  no build target found for /Users/herzamos/Desktop/eth/fs25/practical-work/gobra/src/main/scala/viper/gobra/frontend/info/implementation/typing/MemberTyping.scala. Using presentation compiler with project's scala-library version: 3.3.5[0m
2025.05.09 15:04:23 INFO  no build target found for /Users/herzamos/Desktop/eth/fs25/practical-work/gobra/src/main/scala/viper/gobra/frontend/info/implementation/typing/MemberTyping.scala. Using presentation compiler with project's scala-library version: 3.3.5[0m
2025.05.09 15:04:23 INFO  no build target found for /Users/herzamos/Desktop/eth/fs25/practical-work/gobra/src/main/scala/viper/gobra/frontend/info/implementation/typing/MemberTyping.scala. Using presentation compiler with project's scala-library version: 3.3.5[0m
2025.05.09 15:04:23 INFO  no build target found for /Users/herzamos/Desktop/eth/fs25/practical-work/gobra/src/main/scala/viper/gobra/frontend/info/implementation/typing/MemberTyping.scala. Using presentation compiler with project's scala-library version: 3.3.5[0m
2025.05.09 15:04:23 INFO  no build target found for /Users/herzamos/Desktop/eth/fs25/practical-work/gobra/src/main/scala/viper/gobra/frontend/info/implementation/typing/MemberTyping.scala. Using presentation compiler with project's scala-library version: 3.3.5[0m
2025.05.09 15:04:23 INFO  no build target found for /Users/herzamos/Desktop/eth/fs25/practical-work/gobra/src/main/scala/viper/gobra/frontend/info/implementation/typing/MemberTyping.scala. Using presentation compiler with project's scala-library version: 3.3.5[0m
2025.05.09 15:04:23 INFO  no build target found for /Users/herzamos/Desktop/eth/fs25/practical-work/gobra/src/main/scala/viper/gobra/frontend/info/implementation/typing/MemberTyping.scala. Using presentation compiler with project's scala-library version: 3.3.5[0m
2025.05.09 15:04:24 INFO  no build target found for /Users/herzamos/Desktop/eth/fs25/practical-work/gobra/src/main/scala/viper/gobra/frontend/info/implementation/typing/MemberTyping.scala. Using presentation compiler with project's scala-library version: 3.3.5[0m
2025.05.09 15:04:24 INFO  no build target found for /Users/herzamos/Desktop/eth/fs25/practical-work/gobra/src/main/scala/viper/gobra/frontend/info/implementation/typing/MemberTyping.scala. Using presentation compiler with project's scala-library version: 3.3.5[0m
2025.05.09 15:04:24 INFO  no build target found for /Users/herzamos/Desktop/eth/fs25/practical-work/gobra/src/main/scala/viper/gobra/frontend/info/implementation/typing/MemberTyping.scala. Using presentation compiler with project's scala-library version: 3.3.5[0m
2025.05.09 15:04:25 INFO  no build target found for /Users/herzamos/Desktop/eth/fs25/practical-work/gobra/src/main/scala/viper/gobra/frontend/info/implementation/typing/MemberTyping.scala. Using presentation compiler with project's scala-library version: 3.3.5[0m
2025.05.09 15:04:25 WARN  no build target for: /Users/herzamos/Desktop/eth/fs25/practical-work/gobra/src/main/scala/viper/gobra/frontend/info/implementation/typing/MemberTyping.scala[0m
2025.05.09 15:04:27 INFO  no build target found for /Users/herzamos/Desktop/eth/fs25/practical-work/gobra/src/main/scala/viper/gobra/frontend/info/implementation/typing/MemberTyping.scala. Using presentation compiler with project's scala-library version: 3.3.5[0m
2025.05.09 15:04:27 INFO  no build target found for /Users/herzamos/Desktop/eth/fs25/practical-work/gobra/src/main/scala/viper/gobra/frontend/info/implementation/typing/MemberTyping.scala. Using presentation compiler with project's scala-library version: 3.3.5[0m
2025.05.09 15:04:27 INFO  no build target found for /Users/herzamos/Desktop/eth/fs25/practical-work/gobra/src/main/scala/viper/gobra/frontend/info/implementation/typing/MemberTyping.scala. Using presentation compiler with project's scala-library version: 3.3.5[0m
2025.05.09 15:04:28 INFO  no build target found for /Users/herzamos/Desktop/eth/fs25/practical-work/gobra/src/main/scala/viper/gobra/frontend/info/implementation/typing/MemberTyping.scala. Using presentation compiler with project's scala-library version: 3.3.5[0m
2025.05.09 15:04:28 INFO  no build target found for /Users/herzamos/Desktop/eth/fs25/practical-work/gobra/src/main/scala/viper/gobra/frontend/info/implementation/typing/MemberTyping.scala. Using presentation compiler with project's scala-library version: 3.3.5[0m
2025.05.09 15:04:28 INFO  no build target found for /Users/herzamos/Desktop/eth/fs25/practical-work/gobra/src/main/scala/viper/gobra/frontend/info/implementation/typing/MemberTyping.scala. Using presentation compiler with project's scala-library version: 3.3.5[0m
2025.05.09 15:04:28 INFO  no build target found for /Users/herzamos/Desktop/eth/fs25/practical-work/gobra/src/main/scala/viper/gobra/frontend/info/implementation/typing/MemberTyping.scala. Using presentation compiler with project's scala-library version: 3.3.5[0m
2025.05.09 15:04:28 WARN  no build target for: /Users/herzamos/Desktop/eth/fs25/practical-work/gobra/src/main/scala/viper/gobra/frontend/info/implementation/typing/MemberTyping.scala[0m
2025.05.09 15:25:40 INFO  no build target found for /Users/herzamos/Desktop/eth/fs25/practical-work/gobra/src/main/scala/viper/gobra/frontend/info/implementation/typing/MemberTyping.scala. Using presentation compiler with project's scala-library version: 3.3.5[0m
2025.05.09 15:25:40 INFO  no build target found for /Users/herzamos/Desktop/eth/fs25/practical-work/gobra/src/main/scala/viper/gobra/frontend/info/implementation/typing/MemberTyping.scala. Using presentation compiler with project's scala-library version: 3.3.5[0m
2025.05.09 15:25:40 INFO  no build target found for /Users/herzamos/Desktop/eth/fs25/practical-work/gobra/src/main/scala/viper/gobra/frontend/info/implementation/typing/MemberTyping.scala. Using presentation compiler with project's scala-library version: 3.3.5[0m
2025.05.09 16:42:23 INFO  no build target found for /Users/herzamos/Desktop/eth/fs25/practical-work/gobra/src/main/scala/viper/gobra/frontend/info/implementation/typing/MemberTyping.scala. Using presentation compiler with project's scala-library version: 3.3.5[0m
2025.05.09 16:42:23 INFO  no build target found for /Users/herzamos/Desktop/eth/fs25/practical-work/gobra/src/main/scala/viper/gobra/frontend/info/implementation/typing/MemberTyping.scala. Using presentation compiler with project's scala-library version: 3.3.5[0m
2025.05.09 16:42:23 INFO  no build target found for /Users/herzamos/Desktop/eth/fs25/practical-work/gobra/src/main/scala/viper/gobra/frontend/info/implementation/typing/MemberTyping.scala. Using presentation compiler with project's scala-library version: 3.3.5[0m
2025.05.09 17:13:30 INFO  no build target found for /Users/herzamos/Desktop/eth/fs25/practical-work/gobra/src/main/scala/viper/gobra/frontend/info/implementation/typing/MemberTyping.scala. Using presentation compiler with project's scala-library version: 3.3.5[0m
2025.05.09 17:13:30 INFO  no build target found for /Users/herzamos/Desktop/eth/fs25/practical-work/gobra/src/main/scala/viper/gobra/frontend/info/implementation/typing/MemberTyping.scala. Using presentation compiler with project's scala-library version: 3.3.5[0m
2025.05.09 17:13:32 INFO  no build target found for /Users/herzamos/Desktop/eth/fs25/practical-work/gobra/src/main/scala/viper/gobra/frontend/info/implementation/typing/MemberTyping.scala. Using presentation compiler with project's scala-library version: 3.3.5[0m
2025.05.09 17:13:32 INFO  no build target found for /Users/herzamos/Desktop/eth/fs25/practical-work/gobra/src/main/scala/viper/gobra/frontend/info/implementation/typing/MemberTyping.scala. Using presentation compiler with project's scala-library version: 3.3.5[0m
2025.05.09 17:13:33 INFO  no build target found for /Users/herzamos/Desktop/eth/fs25/practical-work/gobra/src/main/scala/viper/gobra/frontend/info/implementation/typing/MemberTyping.scala. Using presentation compiler with project's scala-library version: 3.3.5[0m
2025.05.09 17:13:33 WARN  no build target for: /Users/herzamos/Desktop/eth/fs25/practical-work/gobra/src/main/scala/viper/gobra/frontend/info/implementation/typing/MemberTyping.scala[0m
2025.05.09 17:13:49 INFO  no build target found for /Users/herzamos/Desktop/eth/fs25/practical-work/gobra/src/main/scala/viper/gobra/frontend/info/implementation/typing/MemberTyping.scala. Using presentation compiler with project's scala-library version: 3.3.5[0m
2025.05.09 17:13:49 INFO  no build target found for /Users/herzamos/Desktop/eth/fs25/practical-work/gobra/src/main/scala/viper/gobra/frontend/info/implementation/typing/MemberTyping.scala. Using presentation compiler with project's scala-library version: 3.3.5[0m
2025.05.09 17:13:49 INFO  no build target found for /Users/herzamos/Desktop/eth/fs25/practical-work/gobra/src/main/scala/viper/gobra/frontend/info/implementation/typing/MemberTyping.scala. Using presentation compiler with project's scala-library version: 3.3.5[0m
2025.05.09 17:13:51 INFO  no build target found for /Users/herzamos/Desktop/eth/fs25/practical-work/gobra/src/main/scala/viper/gobra/frontend/info/implementation/typing/MemberTyping.scala. Using presentation compiler with project's scala-library version: 3.3.5[0m
2025.05.09 17:13:51 INFO  no build target found for /Users/herzamos/Desktop/eth/fs25/practical-work/gobra/src/main/scala/viper/gobra/frontend/info/implementation/typing/MemberTyping.scala. Using presentation compiler with project's scala-library version: 3.3.5[0m
2025.05.09 17:13:53 INFO  no build target found for /Users/herzamos/Desktop/eth/fs25/practical-work/gobra/src/main/scala/viper/gobra/frontend/info/implementation/typing/MemberTyping.scala. Using presentation compiler with project's scala-library version: 3.3.5[0m
2025.05.09 17:13:56 INFO  no build target found for /Users/herzamos/Desktop/eth/fs25/practical-work/gobra/src/main/scala/viper/gobra/frontend/info/implementation/typing/MemberTyping.scala. Using presentation compiler with project's scala-library version: 3.3.5[0m
2025.05.09 17:14:47 INFO  no build target found for /Users/herzamos/Desktop/eth/fs25/practical-work/gobra/src/main/scala/viper/gobra/frontend/info/implementation/typing/MemberTyping.scala. Using presentation compiler with project's scala-library version: 3.3.5[0m
2025.05.09 17:14:47 INFO  no build target found for /Users/herzamos/Desktop/eth/fs25/practical-work/gobra/src/main/scala/viper/gobra/frontend/info/implementation/typing/MemberTyping.scala. Using presentation compiler with project's scala-library version: 3.3.5[0m
2025.05.09 17:14:47 INFO  no build target found for /Users/herzamos/Desktop/eth/fs25/practical-work/gobra/src/main/scala/viper/gobra/frontend/info/implementation/typing/MemberTyping.scala. Using presentation compiler with project's scala-library version: 3.3.5[0m
May 09, 2025 5:14:48 PM scala.meta.internal.metals.StdReporter $anonfun$create$1
WARNING: empty definition using pc, found symbol in pc: `<none>`. (full report at: /Users/herzamos/Desktop/eth/fs25/practical-work/.metals/.reports/metals-full/2025-05-09/r_empty-definition_14-31-07-848.md)
2025.05.09 17:14:47 INFO  no build target found for /Users/herzamos/Desktop/eth/fs25/practical-work/gobra/src/main/scala/viper/gobra/frontend/info/implementation/typing/MemberTyping.scala. Using presentation compiler with project's scala-library version: 3.3.5[0m
2025.05.09 17:14:47 INFO  no build target found for /Users/herzamos/Desktop/eth/fs25/practical-work/gobra/src/main/scala/viper/gobra/frontend/info/implementation/typing/MemberTyping.scala. Using presentation compiler with project's scala-library version: 3.3.5[0m
2025.05.09 17:14:48 WARN  no build target for: /Users/herzamos/Desktop/eth/fs25/practical-work/gobra/src/main/scala/viper/gobra/frontend/info/implementation/typing/MemberTyping.scala[0m
2025.05.09 17:15:17 INFO  no build target found for /Users/herzamos/Desktop/eth/fs25/practical-work/gobra/src/main/scala/viper/gobra/frontend/info/implementation/typing/MemberTyping.scala. Using presentation compiler with project's scala-library version: 3.3.5[0m
2025.05.09 17:15:17 INFO  no build target found for /Users/herzamos/Desktop/eth/fs25/practical-work/gobra/src/main/scala/viper/gobra/frontend/info/implementation/typing/MemberTyping.scala. Using presentation compiler with project's scala-library version: 3.3.5[0m
2025.05.09 17:15:22 INFO  no build target found for /Users/herzamos/Desktop/eth/fs25/practical-work/gobra/src/main/scala/viper/gobra/frontend/info/implementation/typing/MemberTyping.scala. Using presentation compiler with project's scala-library version: 3.3.5[0m
2025.05.09 17:15:22 INFO  no build target found for /Users/herzamos/Desktop/eth/fs25/practical-work/gobra/src/main/scala/viper/gobra/frontend/info/implementation/typing/MemberTyping.scala. Using presentation compiler with project's scala-library version: 3.3.5[0m
2025.05.09 17:15:22 INFO  no build target found for /Users/herzamos/Desktop/eth/fs25/practical-work/gobra/src/main/scala/viper/gobra/frontend/info/implementation/typing/MemberTyping.scala. Using presentation compiler with project's scala-library version: 3.3.5[0m
2025.05.09 17:15:22 INFO  no build target found for /Users/herzamos/Desktop/eth/fs25/practical-work/gobra/src/main/scala/viper/gobra/frontend/info/implementation/typing/MemberTyping.scala. Using presentation compiler with project's scala-library version: 3.3.5[0m
2025.05.09 17:15:22 INFO  no build target found for /Users/herzamos/Desktop/eth/fs25/practical-work/gobra/src/main/scala/viper/gobra/frontend/info/implementation/typing/MemberTyping.scala. Using presentation compiler with project's scala-library version: 3.3.5[0m
2025.05.09 17:15:23 INFO  no build target found for /Users/herzamos/Desktop/eth/fs25/practical-work/gobra/src/main/scala/viper/gobra/frontend/info/implementation/typing/MemberTyping.scala. Using presentation compiler with project's scala-library version: 3.3.5[0m
2025.05.09 17:15:23 INFO  no build target found for /Users/herzamos/Desktop/eth/fs25/practical-work/gobra/src/main/scala/viper/gobra/frontend/info/implementation/typing/MemberTyping.scala. Using presentation compiler with project's scala-library version: 3.3.5[0m
2025.05.09 17:15:23 INFO  no build target found for /Users/herzamos/Desktop/eth/fs25/practical-work/gobra/src/main/scala/viper/gobra/frontend/info/implementation/typing/MemberTyping.scala. Using presentation compiler with project's scala-library version: 3.3.5[0m
2025.05.09 17:15:23 INFO  no build target found for /Users/herzamos/Desktop/eth/fs25/practical-work/gobra/src/main/scala/viper/gobra/frontend/info/implementation/typing/MemberTyping.scala. Using presentation compiler with project's scala-library version: 3.3.5[0m
2025.05.09 17:15:23 INFO  no build target found for /Users/herzamos/Desktop/eth/fs25/practical-work/gobra/src/main/scala/viper/gobra/frontend/info/implementation/typing/MemberTyping.scala. Using presentation compiler with project's scala-library version: 3.3.5[0m
2025.05.09 17:15:23 INFO  no build target found for /Users/herzamos/Desktop/eth/fs25/practical-work/gobra/src/main/scala/viper/gobra/frontend/info/implementation/typing/MemberTyping.scala. Using presentation compiler with project's scala-library version: 3.3.5[0m
2025.05.09 17:15:24 INFO  no build target found for /Users/herzamos/Desktop/eth/fs25/practical-work/gobra/src/main/scala/viper/gobra/frontend/info/implementation/typing/MemberTyping.scala. Using presentation compiler with project's scala-library version: 3.3.5[0m
2025.05.09 17:15:24 INFO  no build target found for /Users/herzamos/Desktop/eth/fs25/practical-work/gobra/src/main/scala/viper/gobra/frontend/info/implementation/typing/MemberTyping.scala. Using presentation compiler with project's scala-library version: 3.3.5[0m
2025.05.09 17:15:24 INFO  no build target found for /Users/herzamos/Desktop/eth/fs25/practical-work/gobra/src/main/scala/viper/gobra/frontend/info/implementation/typing/MemberTyping.scala. Using presentation compiler with project's scala-library version: 3.3.5[0m
2025.05.09 17:15:24 INFO  no build target found for /Users/herzamos/Desktop/eth/fs25/practical-work/gobra/src/main/scala/viper/gobra/frontend/info/implementation/typing/MemberTyping.scala. Using presentation compiler with project's scala-library version: 3.3.5[0m
2025.05.09 17:15:25 INFO  no build target found for /Users/herzamos/Desktop/eth/fs25/practical-work/gobra/src/main/scala/viper/gobra/frontend/info/implementation/typing/MemberTyping.scala. Using presentation compiler with project's scala-library version: 3.3.5[0m
2025.05.09 17:15:25 INFO  no build target found for /Users/herzamos/Desktop/eth/fs25/practical-work/gobra/src/main/scala/viper/gobra/frontend/info/implementation/typing/MemberTyping.scala. Using presentation compiler with project's scala-library version: 3.3.5[0m
2025.05.09 17:15:25 INFO  no build target found for /Users/herzamos/Desktop/eth/fs25/practical-work/gobra/src/main/scala/viper/gobra/frontend/info/implementation/typing/MemberTyping.scala. Using presentation compiler with project's scala-library version: 3.3.5[0m
2025.05.09 17:15:25 INFO  no build target found for /Users/herzamos/Desktop/eth/fs25/practical-work/gobra/src/main/scala/viper/gobra/frontend/info/implementation/typing/MemberTyping.scala. Using presentation compiler with project's scala-library version: 3.3.5[0m
2025.05.09 17:15:25 INFO  no build target found for /Users/herzamos/Desktop/eth/fs25/practical-work/gobra/src/main/scala/viper/gobra/frontend/info/implementation/typing/MemberTyping.scala. Using presentation compiler with project's scala-library version: 3.3.5[0m
2025.05.09 17:15:25 INFO  no build target found for /Users/herzamos/Desktop/eth/fs25/practical-work/gobra/src/main/scala/viper/gobra/frontend/info/implementation/typing/MemberTyping.scala. Using presentation compiler with project's scala-library version: 3.3.5[0m
2025.05.09 17:15:26 INFO  no build target found for /Users/herzamos/Desktop/eth/fs25/practical-work/gobra/src/main/scala/viper/gobra/frontend/info/implementation/typing/MemberTyping.scala. Using presentation compiler with project's scala-library version: 3.3.5[0m
2025.05.09 17:15:26 INFO  no build target found for /Users/herzamos/Desktop/eth/fs25/practical-work/gobra/src/main/scala/viper/gobra/frontend/info/implementation/typing/MemberTyping.scala. Using presentation compiler with project's scala-library version: 3.3.5[0m
2025.05.09 17:15:26 INFO  no build target found for /Users/herzamos/Desktop/eth/fs25/practical-work/gobra/src/main/scala/viper/gobra/frontend/info/implementation/typing/MemberTyping.scala. Using presentation compiler with project's scala-library version: 3.3.5[0m
2025.05.09 17:15:26 INFO  no build target found for /Users/herzamos/Desktop/eth/fs25/practical-work/gobra/src/main/scala/viper/gobra/frontend/info/implementation/typing/MemberTyping.scala. Using presentation compiler with project's scala-library version: 3.3.5[0m
2025.05.09 17:15:26 INFO  no build target found for /Users/herzamos/Desktop/eth/fs25/practical-work/gobra/src/main/scala/viper/gobra/frontend/info/implementation/typing/MemberTyping.scala. Using presentation compiler with project's scala-library version: 3.3.5[0m
2025.05.09 17:15:26 INFO  no build target found for /Users/herzamos/Desktop/eth/fs25/practical-work/gobra/src/main/scala/viper/gobra/frontend/info/implementation/typing/MemberTyping.scala. Using presentation compiler with project's scala-library version: 3.3.5[0m
2025.05.09 17:15:26 INFO  no build target found for /Users/herzamos/Desktop/eth/fs25/practical-work/gobra/src/main/scala/viper/gobra/frontend/info/implementation/typing/MemberTyping.scala. Using presentation compiler with project's scala-library version: 3.3.5[0m
2025.05.09 17:15:26 INFO  no build target found for /Users/herzamos/Desktop/eth/fs25/practical-work/gobra/src/main/scala/viper/gobra/frontend/info/implementation/typing/MemberTyping.scala. Using presentation compiler with project's scala-library version: 3.3.5[0m
2025.05.09 17:15:28 INFO  no build target found for /Users/herzamos/Desktop/eth/fs25/practical-work/gobra/src/main/scala/viper/gobra/frontend/info/implementation/typing/MemberTyping.scala. Using presentation compiler with project's scala-library version: 3.3.5[0m
2025.05.09 17:15:28 INFO  no build target found for /Users/herzamos/Desktop/eth/fs25/practical-work/gobra/src/main/scala/viper/gobra/frontend/info/implementation/typing/MemberTyping.scala. Using presentation compiler with project's scala-library version: 3.3.5[0m
2025.05.09 17:15:28 INFO  no build target found for /Users/herzamos/Desktop/eth/fs25/practical-work/gobra/src/main/scala/viper/gobra/frontend/info/implementation/typing/MemberTyping.scala. Using presentation compiler with project's scala-library version: 3.3.5[0m
2025.05.09 17:15:28 INFO  no build target found for /Users/herzamos/Desktop/eth/fs25/practical-work/gobra/src/main/scala/viper/gobra/frontend/info/implementation/typing/MemberTyping.scala. Using presentation compiler with project's scala-library version: 3.3.5[0m
2025.05.09 17:15:28 INFO  no build target found for /Users/herzamos/Desktop/eth/fs25/practical-work/gobra/src/main/scala/viper/gobra/frontend/info/implementation/typing/MemberTyping.scala. Using presentation compiler with project's scala-library version: 3.3.5[0m
2025.05.09 17:15:28 INFO  no build target found for /Users/herzamos/Desktop/eth/fs25/practical-work/gobra/src/main/scala/viper/gobra/frontend/info/implementation/typing/MemberTyping.scala. Using presentation compiler with project's scala-library version: 3.3.5[0m
2025.05.09 17:15:28 INFO  no build target found for /Users/herzamos/Desktop/eth/fs25/practical-work/gobra/src/main/scala/viper/gobra/frontend/info/implementation/typing/MemberTyping.scala. Using presentation compiler with project's scala-library version: 3.3.5[0m
2025.05.09 17:15:28 INFO  no build target found for /Users/herzamos/Desktop/eth/fs25/practical-work/gobra/src/main/scala/viper/gobra/frontend/info/implementation/typing/MemberTyping.scala. Using presentation compiler with project's scala-library version: 3.3.5[0m
2025.05.09 17:15:29 INFO  no build target found for /Users/herzamos/Desktop/eth/fs25/practical-work/gobra/src/main/scala/viper/gobra/frontend/info/implementation/typing/MemberTyping.scala. Using presentation compiler with project's scala-library version: 3.3.5[0m
2025.05.09 17:15:29 INFO  no build target found for /Users/herzamos/Desktop/eth/fs25/practical-work/gobra/src/main/scala/viper/gobra/frontend/info/implementation/typing/MemberTyping.scala. Using presentation compiler with project's scala-library version: 3.3.5[0m
2025.05.09 17:15:29 INFO  no build target found for /Users/herzamos/Desktop/eth/fs25/practical-work/gobra/src/main/scala/viper/gobra/frontend/info/implementation/typing/MemberTyping.scala. Using presentation compiler with project's scala-library version: 3.3.5[0m
2025.05.09 17:15:29 INFO  no build target found for /Users/herzamos/Desktop/eth/fs25/practical-work/gobra/src/main/scala/viper/gobra/frontend/info/implementation/typing/MemberTyping.scala. Using presentation compiler with project's scala-library version: 3.3.5[0m
2025.05.09 17:15:29 INFO  no build target found for /Users/herzamos/Desktop/eth/fs25/practical-work/gobra/src/main/scala/viper/gobra/frontend/info/implementation/typing/MemberTyping.scala. Using presentation compiler with project's scala-library version: 3.3.5[0m
2025.05.09 17:15:29 INFO  no build target found for /Users/herzamos/Desktop/eth/fs25/practical-work/gobra/src/main/scala/viper/gobra/frontend/info/implementation/typing/MemberTyping.scala. Using presentation compiler with project's scala-library version: 3.3.5[0m
2025.05.09 17:15:29 INFO  no build target found for /Users/herzamos/Desktop/eth/fs25/practical-work/gobra/src/main/scala/viper/gobra/frontend/info/implementation/typing/MemberTyping.scala. Using presentation compiler with project's scala-library version: 3.3.5[0m
2025.05.09 17:15:30 INFO  no build target found for /Users/herzamos/Desktop/eth/fs25/practical-work/gobra/src/main/scala/viper/gobra/frontend/info/implementation/typing/MemberTyping.scala. Using presentation compiler with project's scala-library version: 3.3.5[0m
2025.05.09 17:15:30 INFO  no build target found for /Users/herzamos/Desktop/eth/fs25/practical-work/gobra/src/main/scala/viper/gobra/frontend/info/implementation/typing/MemberTyping.scala. Using presentation compiler with project's scala-library version: 3.3.5[0m
2025.05.09 17:15:30 INFO  no build target found for /Users/herzamos/Desktop/eth/fs25/practical-work/gobra/src/main/scala/viper/gobra/frontend/info/implementation/typing/MemberTyping.scala. Using presentation compiler with project's scala-library version: 3.3.5[0m
2025.05.09 17:15:30 INFO  no build target found for /Users/herzamos/Desktop/eth/fs25/practical-work/gobra/src/main/scala/viper/gobra/frontend/info/implementation/typing/MemberTyping.scala. Using presentation compiler with project's scala-library version: 3.3.5[0m
2025.05.09 17:15:31 INFO  no build target found for /Users/herzamos/Desktop/eth/fs25/practical-work/gobra/src/main/scala/viper/gobra/frontend/info/implementation/typing/MemberTyping.scala. Using presentation compiler with project's scala-library version: 3.3.5[0m
2025.05.09 17:15:31 INFO  no build target found for /Users/herzamos/Desktop/eth/fs25/practical-work/gobra/src/main/scala/viper/gobra/frontend/info/implementation/typing/MemberTyping.scala. Using presentation compiler with project's scala-library version: 3.3.5[0m
2025.05.09 17:15:31 INFO  no build target found for /Users/herzamos/Desktop/eth/fs25/practical-work/gobra/src/main/scala/viper/gobra/frontend/info/implementation/typing/MemberTyping.scala. Using presentation compiler with project's scala-library version: 3.3.5[0m
2025.05.09 17:15:31 INFO  no build target found for /Users/herzamos/Desktop/eth/fs25/practical-work/gobra/src/main/scala/viper/gobra/frontend/info/implementation/typing/MemberTyping.scala. Using presentation compiler with project's scala-library version: 3.3.5[0m
2025.05.09 17:15:31 INFO  no build target found for /Users/herzamos/Desktop/eth/fs25/practical-work/gobra/src/main/scala/viper/gobra/frontend/info/implementation/typing/MemberTyping.scala. Using presentation compiler with project's scala-library version: 3.3.5[0m
2025.05.09 17:15:31 INFO  no build target found for /Users/herzamos/Desktop/eth/fs25/practical-work/gobra/src/main/scala/viper/gobra/frontend/info/implementation/typing/MemberTyping.scala. Using presentation compiler with project's scala-library version: 3.3.5[0m
2025.05.09 17:15:31 INFO  no build target found for /Users/herzamos/Desktop/eth/fs25/practical-work/gobra/src/main/scala/viper/gobra/frontend/info/implementation/typing/MemberTyping.scala. Using presentation compiler with project's scala-library version: 3.3.5[0m
2025.05.09 17:15:32 INFO  no build target found for /Users/herzamos/Desktop/eth/fs25/practical-work/gobra/src/main/scala/viper/gobra/frontend/info/implementation/typing/MemberTyping.scala. Using presentation compiler with project's scala-library version: 3.3.5[0m
2025.05.09 17:15:32 INFO  no build target found for /Users/herzamos/Desktop/eth/fs25/practical-work/gobra/src/main/scala/viper/gobra/frontend/info/implementation/typing/MemberTyping.scala. Using presentation compiler with project's scala-library version: 3.3.5[0m
2025.05.09 17:15:32 INFO  no build target found for /Users/herzamos/Desktop/eth/fs25/practical-work/gobra/src/main/scala/viper/gobra/frontend/info/implementation/typing/MemberTyping.scala. Using presentation compiler with project's scala-library version: 3.3.5[0m
2025.05.09 17:15:32 INFO  no build target found for /Users/herzamos/Desktop/eth/fs25/practical-work/gobra/src/main/scala/viper/gobra/frontend/info/implementation/typing/MemberTyping.scala. Using presentation compiler with project's scala-library version: 3.3.5[0m
2025.05.09 17:15:32 INFO  no build target found for /Users/herzamos/Desktop/eth/fs25/practical-work/gobra/src/main/scala/viper/gobra/frontend/info/implementation/typing/MemberTyping.scala. Using presentation compiler with project's scala-library version: 3.3.5[0m
2025.05.09 17:15:32 INFO  no build target found for /Users/herzamos/Desktop/eth/fs25/practical-work/gobra/src/main/scala/viper/gobra/frontend/info/implementation/typing/MemberTyping.scala. Using presentation compiler with project's scala-library version: 3.3.5[0m
2025.05.09 17:15:32 INFO  no build target found for /Users/herzamos/Desktop/eth/fs25/practical-work/gobra/src/main/scala/viper/gobra/frontend/info/implementation/typing/MemberTyping.scala. Using presentation compiler with project's scala-library version: 3.3.5[0m
2025.05.09 17:15:33 INFO  no build target found for /Users/herzamos/Desktop/eth/fs25/practical-work/gobra/src/main/scala/viper/gobra/frontend/info/implementation/typing/MemberTyping.scala. Using presentation compiler with project's scala-library version: 3.3.5[0m
2025.05.09 17:15:33 INFO  no build target found for /Users/herzamos/Desktop/eth/fs25/practical-work/gobra/src/main/scala/viper/gobra/frontend/info/implementation/typing/MemberTyping.scala. Using presentation compiler with project's scala-library version: 3.3.5[0m
2025.05.09 17:15:33 INFO  no build target found for /Users/herzamos/Desktop/eth/fs25/practical-work/gobra/src/main/scala/viper/gobra/frontend/info/implementation/typing/MemberTyping.scala. Using presentation compiler with project's scala-library version: 3.3.5[0m
2025.05.09 17:15:33 INFO  no build target found for /Users/herzamos/Desktop/eth/fs25/practical-work/gobra/src/main/scala/viper/gobra/frontend/info/implementation/typing/MemberTyping.scala. Using presentation compiler with project's scala-library version: 3.3.5[0m
2025.05.09 17:15:33 INFO  no build target found for /Users/herzamos/Desktop/eth/fs25/practical-work/gobra/src/main/scala/viper/gobra/frontend/info/implementation/typing/MemberTyping.scala. Using presentation compiler with project's scala-library version: 3.3.5[0m
2025.05.09 17:15:33 INFO  no build target found for /Users/herzamos/Desktop/eth/fs25/practical-work/gobra/src/main/scala/viper/gobra/frontend/info/implementation/typing/MemberTyping.scala. Using presentation compiler with project's scala-library version: 3.3.5[0m
2025.05.09 17:15:33 INFO  no build target found for /Users/herzamos/Desktop/eth/fs25/practical-work/gobra/src/main/scala/viper/gobra/frontend/info/implementation/typing/MemberTyping.scala. Using presentation compiler with project's scala-library version: 3.3.5[0m
2025.05.09 17:15:33 INFO  no build target found for /Users/herzamos/Desktop/eth/fs25/practical-work/gobra/src/main/scala/viper/gobra/frontend/info/implementation/typing/MemberTyping.scala. Using presentation compiler with project's scala-library version: 3.3.5[0m
2025.05.09 17:15:34 INFO  no build target found for /Users/herzamos/Desktop/eth/fs25/practical-work/gobra/src/main/scala/viper/gobra/frontend/info/implementation/typing/MemberTyping.scala. Using presentation compiler with project's scala-library version: 3.3.5[0m
2025.05.09 17:15:34 INFO  no build target found for /Users/herzamos/Desktop/eth/fs25/practical-work/gobra/src/main/scala/viper/gobra/frontend/info/implementation/typing/MemberTyping.scala. Using presentation compiler with project's scala-library version: 3.3.5[0m
2025.05.09 17:15:34 INFO  no build target found for /Users/herzamos/Desktop/eth/fs25/practical-work/gobra/src/main/scala/viper/gobra/frontend/info/implementation/typing/MemberTyping.scala. Using presentation compiler with project's scala-library version: 3.3.5[0m
2025.05.09 17:15:35 INFO  no build target found for /Users/herzamos/Desktop/eth/fs25/practical-work/gobra/src/main/scala/viper/gobra/frontend/info/implementation/typing/MemberTyping.scala. Using presentation compiler with project's scala-library version: 3.3.5[0m
2025.05.09 17:15:35 INFO  no build target found for /Users/herzamos/Desktop/eth/fs25/practical-work/gobra/src/main/scala/viper/gobra/frontend/info/implementation/typing/MemberTyping.scala. Using presentation compiler with project's scala-library version: 3.3.5[0m
2025.05.09 17:15:35 INFO  no build target found for /Users/herzamos/Desktop/eth/fs25/practical-work/gobra/src/main/scala/viper/gobra/frontend/info/implementation/typing/MemberTyping.scala. Using presentation compiler with project's scala-library version: 3.3.5[0m
2025.05.09 17:15:35 INFO  no build target found for /Users/herzamos/Desktop/eth/fs25/practical-work/gobra/src/main/scala/viper/gobra/frontend/info/implementation/typing/MemberTyping.scala. Using presentation compiler with project's scala-library version: 3.3.5[0m
2025.05.09 17:15:35 INFO  no build target found for /Users/herzamos/Desktop/eth/fs25/practical-work/gobra/src/main/scala/viper/gobra/frontend/info/implementation/typing/MemberTyping.scala. Using presentation compiler with project's scala-library version: 3.3.5[0m
2025.05.09 17:15:35 INFO  no build target found for /Users/herzamos/Desktop/eth/fs25/practical-work/gobra/src/main/scala/viper/gobra/frontend/info/implementation/typing/MemberTyping.scala. Using presentation compiler with project's scala-library version: 3.3.5[0m
2025.05.09 17:15:36 INFO  no build target found for /Users/herzamos/Desktop/eth/fs25/practical-work/gobra/src/main/scala/viper/gobra/frontend/info/implementation/typing/MemberTyping.scala. Using presentation compiler with project's scala-library version: 3.3.5[0m
2025.05.09 17:15:38 INFO  no build target found for /Users/herzamos/Desktop/eth/fs25/practical-work/gobra/src/main/scala/viper/gobra/frontend/info/implementation/typing/MemberTyping.scala. Using presentation compiler with project's scala-library version: 3.3.5[0m
2025.05.09 17:15:38 INFO  no build target found for /Users/herzamos/Desktop/eth/fs25/practical-work/gobra/src/main/scala/viper/gobra/frontend/info/implementation/typing/MemberTyping.scala. Using presentation compiler with project's scala-library version: 3.3.5[0m
2025.05.09 17:15:38 INFO  no build target found for /Users/herzamos/Desktop/eth/fs25/practical-work/gobra/src/main/scala/viper/gobra/frontend/info/implementation/typing/MemberTyping.scala. Using presentation compiler with project's scala-library version: 3.3.5[0m
2025.05.09 17:15:38 INFO  no build target found for /Users/herzamos/Desktop/eth/fs25/practical-work/gobra/src/main/scala/viper/gobra/frontend/info/implementation/typing/MemberTyping.scala. Using presentation compiler with project's scala-library version: 3.3.5[0m
2025.05.09 17:15:38 INFO  no build target found for /Users/herzamos/Desktop/eth/fs25/practical-work/gobra/src/main/scala/viper/gobra/frontend/info/implementation/typing/MemberTyping.scala. Using presentation compiler with project's scala-library version: 3.3.5[0m
2025.05.09 17:15:38 INFO  no build target found for /Users/herzamos/Desktop/eth/fs25/practical-work/gobra/src/main/scala/viper/gobra/frontend/info/implementation/typing/MemberTyping.scala. Using presentation compiler with project's scala-library version: 3.3.5[0m
2025.05.09 17:15:39 INFO  no build target found for /Users/herzamos/Desktop/eth/fs25/practical-work/gobra/src/main/scala/viper/gobra/frontend/info/implementation/typing/MemberTyping.scala. Using presentation compiler with project's scala-library version: 3.3.5[0m
2025.05.09 17:15:39 INFO  no build target found for /Users/herzamos/Desktop/eth/fs25/practical-work/gobra/src/main/scala/viper/gobra/frontend/info/implementation/typing/MemberTyping.scala. Using presentation compiler with project's scala-library version: 3.3.5[0m
2025.05.09 17:15:39 WARN  no build target for: /Users/herzamos/Desktop/eth/fs25/practical-work/gobra/src/main/scala/viper/gobra/frontend/info/implementation/typing/MemberTyping.scala[0m
2025.05.09 17:15:39 INFO  no build target found for /Users/herzamos/Desktop/eth/fs25/practical-work/gobra/src/main/scala/viper/gobra/frontend/info/implementation/typing/MemberTyping.scala. Using presentation compiler with project's scala-library version: 3.3.5[0m
2025.05.09 17:15:40 INFO  no build target found for /Users/herzamos/Desktop/eth/fs25/practical-work/gobra/src/main/scala/viper/gobra/frontend/info/implementation/typing/MemberTyping.scala. Using presentation compiler with project's scala-library version: 3.3.5[0m
2025.05.09 17:15:40 INFO  no build target found for /Users/herzamos/Desktop/eth/fs25/practical-work/gobra/src/main/scala/viper/gobra/frontend/info/implementation/typing/MemberTyping.scala. Using presentation compiler with project's scala-library version: 3.3.5[0m
2025.05.09 17:15:40 INFO  no build target found for /Users/herzamos/Desktop/eth/fs25/practical-work/gobra/src/main/scala/viper/gobra/frontend/info/implementation/typing/MemberTyping.scala. Using presentation compiler with project's scala-library version: 3.3.5[0m
2025.05.09 17:15:49 INFO  no build target found for /Users/herzamos/Desktop/eth/fs25/practical-work/gobra/src/main/scala/viper/gobra/frontend/info/implementation/typing/MemberTyping.scala. Using presentation compiler with project's scala-library version: 3.3.5[0m
2025.05.09 17:15:49 INFO  no build target found for /Users/herzamos/Desktop/eth/fs25/practical-work/gobra/src/main/scala/viper/gobra/frontend/info/implementation/typing/MemberTyping.scala. Using presentation compiler with project's scala-library version: 3.3.5[0m
2025.05.09 17:17:01 INFO  no build target found for /Users/herzamos/Desktop/eth/fs25/practical-work/gobra/src/main/scala/viper/gobra/frontend/info/implementation/typing/MemberTyping.scala. Using presentation compiler with project's scala-library version: 3.3.5[0m
2025.05.09 17:17:06 INFO  no build target found for /Users/herzamos/Desktop/eth/fs25/practical-work/gobra/src/main/scala/viper/gobra/frontend/info/implementation/typing/MemberTyping.scala. Using presentation compiler with project's scala-library version: 3.3.5[0m
2025.05.09 17:17:06 INFO  no build target found for /Users/herzamos/Desktop/eth/fs25/practical-work/gobra/src/main/scala/viper/gobra/frontend/info/implementation/typing/MemberTyping.scala. Using presentation compiler with project's scala-library version: 3.3.5[0m
2025.05.09 17:17:06 INFO  no build target found for /Users/herzamos/Desktop/eth/fs25/practical-work/gobra/src/main/scala/viper/gobra/frontend/info/implementation/typing/MemberTyping.scala. Using presentation compiler with project's scala-library version: 3.3.5[0m
2025.05.09 17:17:06 INFO  no build target found for /Users/herzamos/Desktop/eth/fs25/practical-work/gobra/src/main/scala/viper/gobra/frontend/info/implementation/typing/MemberTyping.scala. Using presentation compiler with project's scala-library version: 3.3.5[0m
2025.05.09 17:17:08 INFO  no build target found for /Users/herzamos/Desktop/eth/fs25/practical-work/gobra/src/main/scala/viper/gobra/frontend/info/implementation/typing/MemberTyping.scala. Using presentation compiler with project's scala-library version: 3.3.5[0m
2025.05.09 17:17:08 INFO  no build target found for /Users/herzamos/Desktop/eth/fs25/practical-work/gobra/src/main/scala/viper/gobra/frontend/info/implementation/typing/MemberTyping.scala. Using presentation compiler with project's scala-library version: 3.3.5[0m
2025.05.09 17:17:10 INFO  no build target found for /Users/herzamos/Desktop/eth/fs25/practical-work/gobra/src/main/scala/viper/gobra/frontend/info/implementation/typing/MemberTyping.scala. Using presentation compiler with project's scala-library version: 3.3.5[0m
2025.05.09 17:17:10 INFO  no build target found for /Users/herzamos/Desktop/eth/fs25/practical-work/gobra/src/main/scala/viper/gobra/frontend/info/implementation/typing/MemberTyping.scala. Using presentation compiler with project's scala-library version: 3.3.5[0m
2025.05.09 17:17:10 INFO  no build target found for /Users/herzamos/Desktop/eth/fs25/practical-work/gobra/src/main/scala/viper/gobra/frontend/info/implementation/typing/MemberTyping.scala. Using presentation compiler with project's scala-library version: 3.3.5[0m
2025.05.09 17:17:10 INFO  no build target found for /Users/herzamos/Desktop/eth/fs25/practical-work/gobra/src/main/scala/viper/gobra/frontend/info/implementation/typing/MemberTyping.scala. Using presentation compiler with project's scala-library version: 3.3.5[0m
2025.05.09 17:17:11 INFO  no build target found for /Users/herzamos/Desktop/eth/fs25/practical-work/gobra/src/main/scala/viper/gobra/frontend/info/implementation/typing/MemberTyping.scala. Using presentation compiler with project's scala-library version: 3.3.5[0m
2025.05.09 17:17:11 INFO  no build target found for /Users/herzamos/Desktop/eth/fs25/practical-work/gobra/src/main/scala/viper/gobra/frontend/info/implementation/typing/MemberTyping.scala. Using presentation compiler with project's scala-library version: 3.3.5[0m
2025.05.09 17:17:11 INFO  no build target found for /Users/herzamos/Desktop/eth/fs25/practical-work/gobra/src/main/scala/viper/gobra/frontend/info/implementation/typing/MemberTyping.scala. Using presentation compiler with project's scala-library version: 3.3.5[0m
2025.05.09 17:17:11 INFO  no build target found for /Users/herzamos/Desktop/eth/fs25/practical-work/gobra/src/main/scala/viper/gobra/frontend/info/implementation/typing/MemberTyping.scala. Using presentation compiler with project's scala-library version: 3.3.5[0m
2025.05.09 17:17:13 INFO  no build target found for /Users/herzamos/Desktop/eth/fs25/practical-work/gobra/src/main/scala/viper/gobra/frontend/info/implementation/typing/MemberTyping.scala. Using presentation compiler with project's scala-library version: 3.3.5[0m
2025.05.09 19:32:10 INFO  no build target found for /Users/herzamos/Desktop/eth/fs25/practical-work/gobra/src/main/scala/viper/gobra/frontend/info/implementation/typing/MemberTyping.scala. Using presentation compiler with project's scala-library version: 3.3.5[0m
2025.05.09 19:32:10 INFO  no build target found for /Users/herzamos/Desktop/eth/fs25/practical-work/gobra/src/main/scala/viper/gobra/frontend/info/implementation/typing/MemberTyping.scala. Using presentation compiler with project's scala-library version: 3.3.5[0m
2025.05.09 19:32:10 INFO  no build target found for /Users/herzamos/Desktop/eth/fs25/practical-work/gobra/src/main/scala/viper/gobra/frontend/info/implementation/typing/MemberTyping.scala. Using presentation compiler with project's scala-library version: 3.3.5[0m
2025.05.10 00:50:28 INFO  no build target found for /Users/herzamos/Desktop/eth/fs25/practical-work/gobra/src/main/scala/viper/gobra/frontend/info/implementation/typing/MemberTyping.scala. Using presentation compiler with project's scala-library version: 3.3.5[0m
2025.05.10 00:50:28 INFO  no build target found for /Users/herzamos/Desktop/eth/fs25/practical-work/gobra/src/main/scala/viper/gobra/frontend/info/implementation/typing/MemberTyping.scala. Using presentation compiler with project's scala-library version: 3.3.5[0m
2025.05.10 00:50:28 INFO  no build target found for /Users/herzamos/Desktop/eth/fs25/practical-work/gobra/src/main/scala/viper/gobra/frontend/info/implementation/typing/MemberTyping.scala. Using presentation compiler with project's scala-library version: 3.3.5[0m
May 10, 2025 12:50:29 AM org.eclipse.lsp4j.jsonrpc.RemoteEndpoint handleCancellation
WARNING: Unmatched cancel notification for request id 2424
May 10, 2025 12:50:29 AM org.eclipse.lsp4j.jsonrpc.RemoteEndpoint handleCancellation
WARNING: Unmatched cancel notification for request id 2425
2025.05.10 00:50:28 INFO  no build target found for /Users/herzamos/Desktop/eth/fs25/practical-work/gobra/src/main/scala/viper/gobra/frontend/info/implementation/typing/MemberTyping.scala. Using presentation compiler with project's scala-library version: 3.3.5[0m
2025.05.10 00:50:29 INFO  no build target found for /Users/herzamos/Desktop/eth/fs25/practical-work/gobra/src/main/scala/viper/gobra/frontend/info/implementation/typing/MemberTyping.scala. Using presentation compiler with project's scala-library version: 3.3.5[0m
2025.05.10 00:50:29 INFO  no build target found for /Users/herzamos/Desktop/eth/fs25/practical-work/gobra/src/main/scala/viper/gobra/frontend/info/implementation/typing/MemberTyping.scala. Using presentation compiler with project's scala-library version: 3.3.5[0m
2025.05.10 00:50:30 INFO  no build target found for /Users/herzamos/Desktop/eth/fs25/practical-work/gobra/src/main/scala/viper/gobra/frontend/info/implementation/typing/MemberTyping.scala. Using presentation compiler with project's scala-library version: 3.3.5[0m
May 10, 2025 12:50:30 AM scala.meta.internal.metals.StdReporter $anonfun$create$1
WARNING: empty definition using pc, found symbol in pc: PActualMember# (full report at: /Users/herzamos/Desktop/eth/fs25/practical-work/.metals/.reports/metals-full/2025-05-09/r_empty-definition_14-38-27-336.md)
2025.05.10 00:50:29 INFO  no build target found for /Users/herzamos/Desktop/eth/fs25/practical-work/gobra/src/main/scala/viper/gobra/frontend/info/implementation/typing/MemberTyping.scala. Using presentation compiler with project's scala-library version: 3.3.5[0m
2025.05.10 00:50:31 INFO  no build target found for /Users/herzamos/Desktop/eth/fs25/practical-work/gobra/src/main/scala/viper/gobra/frontend/info/implementation/typing/MemberTyping.scala. Using presentation compiler with project's scala-library version: 3.3.5[0m
2025.05.10 00:50:31 INFO  no build target found for /Users/herzamos/Desktop/eth/fs25/practical-work/gobra/src/main/scala/viper/gobra/frontend/info/implementation/typing/MemberTyping.scala. Using presentation compiler with project's scala-library version: 3.3.5[0m
2025.05.10 00:50:32 INFO  no build target found for /Users/herzamos/Desktop/eth/fs25/practical-work/gobra/src/main/scala/viper/gobra/frontend/info/implementation/typing/MemberTyping.scala. Using presentation compiler with project's scala-library version: 3.3.5[0m
May 10, 2025 12:50:32 AM scala.meta.internal.metals.StdReporter $anonfun$create$1
WARNING: empty definition using pc, found symbol in pc: PActualMember# (full report at: /Users/herzamos/Desktop/eth/fs25/practical-work/.metals/.reports/metals-full/2025-05-09/r_empty-definition_14-38-27-336.md)
May 10, 2025 12:50:32 AM org.eclipse.lsp4j.jsonrpc.RemoteEndpoint handleCancellation
WARNING: Unmatched cancel notification for request id 2437
2025.05.10 00:50:32 INFO  no build target found for /Users/herzamos/Desktop/eth/fs25/practical-work/gobra/src/main/scala/viper/gobra/frontend/info/implementation/typing/MemberTyping.scala. Using presentation compiler with project's scala-library version: 3.3.5[0m
May 10, 2025 12:50:32 AM scala.meta.internal.metals.StdReporter $anonfun$create$1
WARNING: empty definition using pc, found symbol in pc: Messages# (full report at: /Users/herzamos/Desktop/eth/fs25/practical-work/.metals/.reports/metals-full/2025-05-09/r_empty-definition_14-40-39-399.md)
2025.05.10 00:50:32 INFO  no build target found for /Users/herzamos/Desktop/eth/fs25/practical-work/gobra/src/main/scala/viper/gobra/frontend/info/implementation/typing/MemberTyping.scala. Using presentation compiler with project's scala-library version: 3.3.5[0m
2025.05.10 00:59:36 INFO  no build target found for /Users/herzamos/Desktop/eth/fs25/practical-work/gobra/src/main/scala/viper/gobra/frontend/info/implementation/typing/MemberTyping.scala. Using presentation compiler with project's scala-library version: 3.3.5[0m
2025.05.10 01:00:20 INFO  no build target found for /Users/herzamos/Desktop/eth/fs25/practical-work/gobra/src/main/scala/viper/gobra/frontend/info/implementation/typing/MemberTyping.scala. Using presentation compiler with project's scala-library version: 3.3.5[0m
2025.05.10 01:01:05 INFO  no build target found for /Users/herzamos/Desktop/eth/fs25/practical-work/gobra/src/main/scala/viper/gobra/frontend/info/implementation/typing/MemberTyping.scala. Using presentation compiler with project's scala-library version: 3.3.5[0m
2025.05.10 01:02:05 INFO  no build target found for /Users/herzamos/Desktop/eth/fs25/practical-work/gobra/src/main/scala/viper/gobra/frontend/info/implementation/typing/MemberTyping.scala. Using presentation compiler with project's scala-library version: 3.3.5[0m
2025.05.10 01:05:56 INFO  no build target found for /Users/herzamos/Desktop/eth/fs25/practical-work/gobra/src/main/scala/viper/gobra/frontend/info/implementation/typing/MemberTyping.scala. Using presentation compiler with project's scala-library version: 3.3.5[0m
2025.05.10 01:05:56 INFO  no build target found for /Users/herzamos/Desktop/eth/fs25/practical-work/gobra/src/main/scala/viper/gobra/frontend/info/implementation/typing/MemberTyping.scala. Using presentation compiler with project's scala-library version: 3.3.5[0m
2025.05.10 01:05:56 INFO  no build target found for /Users/herzamos/Desktop/eth/fs25/practical-work/gobra/src/main/scala/viper/gobra/frontend/info/implementation/typing/MemberTyping.scala. Using presentation compiler with project's scala-library version: 3.3.5[0m
2025.05.10 01:05:56 INFO  no build target found for /Users/herzamos/Desktop/eth/fs25/practical-work/gobra/src/main/scala/viper/gobra/frontend/info/implementation/typing/MemberTyping.scala. Using presentation compiler with project's scala-library version: 3.3.5[0m
2025.05.10 01:05:56 INFO  no build target found for /Users/herzamos/Desktop/eth/fs25/practical-work/gobra/src/main/scala/viper/gobra/frontend/info/implementation/typing/MemberTyping.scala. Using presentation compiler with project's scala-library version: 3.3.5[0m
2025.05.10 01:05:56 INFO  no build target found for /Users/herzamos/Desktop/eth/fs25/practical-work/gobra/src/main/scala/viper/gobra/frontend/info/implementation/typing/MemberTyping.scala. Using presentation compiler with project's scala-library version: 3.3.5[0m
2025.05.10 01:05:57 INFO  no build target found for /Users/herzamos/Desktop/eth/fs25/practical-work/gobra/src/main/scala/viper/gobra/frontend/info/implementation/typing/MemberTyping.scala. Using presentation compiler with project's scala-library version: 3.3.5[0m
May 10, 2025 1:05:58 AM scala.meta.internal.metals.StdReporter $anonfun$create$1
WARNING: empty definition using pc, found symbol in pc: `<none>`. (full report at: /Users/herzamos/Desktop/eth/fs25/practical-work/.metals/.reports/metals-full/2025-05-09/r_empty-definition_14-31-07-848.md)
2025.05.10 01:05:58 INFO  no build target found for /Users/herzamos/Desktop/eth/fs25/practical-work/gobra/src/main/scala/viper/gobra/frontend/info/implementation/typing/MemberTyping.scala. Using presentation compiler with project's scala-library version: 3.3.5[0m
2025.05.10 01:05:59 INFO  no build target found for /Users/herzamos/Desktop/eth/fs25/practical-work/gobra/src/main/scala/viper/gobra/frontend/info/implementation/typing/MemberTyping.scala. Using presentation compiler with project's scala-library version: 3.3.5[0m
2025.05.10 01:05:59 INFO  no build target found for /Users/herzamos/Desktop/eth/fs25/practical-work/gobra/src/main/scala/viper/gobra/frontend/info/implementation/typing/MemberTyping.scala. Using presentation compiler with project's scala-library version: 3.3.5[0m
2025.05.10 01:05:59 INFO  no build target found for /Users/herzamos/Desktop/eth/fs25/practical-work/gobra/src/main/scala/viper/gobra/frontend/info/implementation/typing/MemberTyping.scala. Using presentation compiler with project's scala-library version: 3.3.5[0m
2025.05.10 01:06:01 INFO  no build target found for /Users/herzamos/Desktop/eth/fs25/practical-work/gobra/src/main/scala/viper/gobra/frontend/info/implementation/typing/MemberTyping.scala. Using presentation compiler with project's scala-library version: 3.3.5[0m
2025.05.10 01:06:01 INFO  no build target found for /Users/herzamos/Desktop/eth/fs25/practical-work/gobra/src/main/scala/viper/gobra/frontend/info/implementation/typing/MemberTyping.scala. Using presentation compiler with project's scala-library version: 3.3.5[0m
2025.05.10 01:06:01 INFO  no build target found for /Users/herzamos/Desktop/eth/fs25/practical-work/gobra/src/main/scala/viper/gobra/frontend/info/implementation/typing/MemberTyping.scala. Using presentation compiler with project's scala-library version: 3.3.5[0m
2025.05.10 01:06:01 INFO  no build target found for /Users/herzamos/Desktop/eth/fs25/practical-work/gobra/src/main/scala/viper/gobra/frontend/info/implementation/typing/MemberTyping.scala. Using presentation compiler with project's scala-library version: 3.3.5[0m
2025.05.10 01:06:02 INFO  no build target found for /Users/herzamos/Desktop/eth/fs25/practical-work/gobra/src/main/scala/viper/gobra/frontend/info/implementation/typing/MemberTyping.scala. Using presentation compiler with project's scala-library version: 3.3.5[0m
2025.05.10 01:06:02 INFO  no build target found for /Users/herzamos/Desktop/eth/fs25/practical-work/gobra/src/main/scala/viper/gobra/frontend/info/implementation/typing/MemberTyping.scala. Using presentation compiler with project's scala-library version: 3.3.5[0m
2025.05.10 01:06:02 INFO  no build target found for /Users/herzamos/Desktop/eth/fs25/practical-work/gobra/src/main/scala/viper/gobra/frontend/info/implementation/typing/MemberTyping.scala. Using presentation compiler with project's scala-library version: 3.3.5[0m
2025.05.10 01:06:03 INFO  no build target found for /Users/herzamos/Desktop/eth/fs25/practical-work/gobra/src/main/scala/viper/gobra/frontend/info/implementation/typing/MemberTyping.scala. Using presentation compiler with project's scala-library version: 3.3.5[0m
2025.05.10 01:06:03 INFO  no build target found for /Users/herzamos/Desktop/eth/fs25/practical-work/gobra/src/main/scala/viper/gobra/frontend/info/implementation/typing/MemberTyping.scala. Using presentation compiler with project's scala-library version: 3.3.5[0m
2025.05.10 01:06:03 INFO  no build target found for /Users/herzamos/Desktop/eth/fs25/practical-work/gobra/src/main/scala/viper/gobra/frontend/info/implementation/typing/MemberTyping.scala. Using presentation compiler with project's scala-library version: 3.3.5[0m
2025.05.10 01:06:03 INFO  no build target found for /Users/herzamos/Desktop/eth/fs25/practical-work/gobra/src/main/scala/viper/gobra/frontend/info/implementation/typing/MemberTyping.scala. Using presentation compiler with project's scala-library version: 3.3.5[0m
2025.05.10 01:06:04 INFO  no build target found for /Users/herzamos/Desktop/eth/fs25/practical-work/gobra/src/main/scala/viper/gobra/frontend/info/implementation/typing/MemberTyping.scala. Using presentation compiler with project's scala-library version: 3.3.5[0m
2025.05.10 01:06:04 INFO  no build target found for /Users/herzamos/Desktop/eth/fs25/practical-work/gobra/src/main/scala/viper/gobra/frontend/info/implementation/typing/MemberTyping.scala. Using presentation compiler with project's scala-library version: 3.3.5[0m
2025.05.10 01:06:04 INFO  no build target found for /Users/herzamos/Desktop/eth/fs25/practical-work/gobra/src/main/scala/viper/gobra/frontend/info/implementation/typing/MemberTyping.scala. Using presentation compiler with project's scala-library version: 3.3.5[0m
2025.05.10 01:06:04 INFO  no build target found for /Users/herzamos/Desktop/eth/fs25/practical-work/gobra/src/main/scala/viper/gobra/frontend/info/implementation/typing/MemberTyping.scala. Using presentation compiler with project's scala-library version: 3.3.5[0m
2025.05.10 01:06:04 INFO  no build target found for /Users/herzamos/Desktop/eth/fs25/practical-work/gobra/src/main/scala/viper/gobra/frontend/info/implementation/typing/MemberTyping.scala. Using presentation compiler with project's scala-library version: 3.3.5[0m
2025.05.10 01:06:04 INFO  no build target found for /Users/herzamos/Desktop/eth/fs25/practical-work/gobra/src/main/scala/viper/gobra/frontend/info/implementation/typing/MemberTyping.scala. Using presentation compiler with project's scala-library version: 3.3.5[0m
2025.05.10 01:06:04 INFO  no build target found for /Users/herzamos/Desktop/eth/fs25/practical-work/gobra/src/main/scala/viper/gobra/frontend/info/implementation/typing/MemberTyping.scala. Using presentation compiler with project's scala-library version: 3.3.5[0m
2025.05.10 01:06:06 INFO  no build target found for /Users/herzamos/Desktop/eth/fs25/practical-work/gobra/src/main/scala/viper/gobra/frontend/info/implementation/typing/MemberTyping.scala. Using presentation compiler with project's scala-library version: 3.3.5[0m
2025.05.10 01:06:06 INFO  no build target found for /Users/herzamos/Desktop/eth/fs25/practical-work/gobra/src/main/scala/viper/gobra/frontend/info/implementation/typing/MemberTyping.scala. Using presentation compiler with project's scala-library version: 3.3.5[0m
2025.05.10 01:06:06 INFO  no build target found for /Users/herzamos/Desktop/eth/fs25/practical-work/gobra/src/main/scala/viper/gobra/frontend/info/implementation/typing/MemberTyping.scala. Using presentation compiler with project's scala-library version: 3.3.5[0m
2025.05.10 01:06:06 INFO  no build target found for /Users/herzamos/Desktop/eth/fs25/practical-work/gobra/src/main/scala/viper/gobra/frontend/info/implementation/typing/MemberTyping.scala. Using presentation compiler with project's scala-library version: 3.3.5[0m
2025.05.10 01:06:06 INFO  no build target found for /Users/herzamos/Desktop/eth/fs25/practical-work/gobra/src/main/scala/viper/gobra/frontend/info/implementation/typing/MemberTyping.scala. Using presentation compiler with project's scala-library version: 3.3.5[0m
2025.05.10 01:06:06 INFO  no build target found for /Users/herzamos/Desktop/eth/fs25/practical-work/gobra/src/main/scala/viper/gobra/frontend/info/implementation/typing/MemberTyping.scala. Using presentation compiler with project's scala-library version: 3.3.5[0m
2025.05.10 01:06:06 INFO  no build target found for /Users/herzamos/Desktop/eth/fs25/practical-work/gobra/src/main/scala/viper/gobra/frontend/info/implementation/typing/MemberTyping.scala. Using presentation compiler with project's scala-library version: 3.3.5[0m
2025.05.10 01:06:07 INFO  no build target found for /Users/herzamos/Desktop/eth/fs25/practical-work/gobra/src/main/scala/viper/gobra/frontend/info/implementation/typing/MemberTyping.scala. Using presentation compiler with project's scala-library version: 3.3.5[0m
2025.05.10 01:06:07 INFO  no build target found for /Users/herzamos/Desktop/eth/fs25/practical-work/gobra/src/main/scala/viper/gobra/frontend/info/implementation/typing/MemberTyping.scala. Using presentation compiler with project's scala-library version: 3.3.5[0m
2025.05.10 01:06:07 INFO  no build target found for /Users/herzamos/Desktop/eth/fs25/practical-work/gobra/src/main/scala/viper/gobra/frontend/info/implementation/typing/MemberTyping.scala. Using presentation compiler with project's scala-library version: 3.3.5[0m
2025.05.10 01:06:07 INFO  no build target found for /Users/herzamos/Desktop/eth/fs25/practical-work/gobra/src/main/scala/viper/gobra/frontend/info/implementation/typing/MemberTyping.scala. Using presentation compiler with project's scala-library version: 3.3.5[0m
2025.05.10 01:06:07 INFO  no build target found for /Users/herzamos/Desktop/eth/fs25/practical-work/gobra/src/main/scala/viper/gobra/frontend/info/implementation/typing/MemberTyping.scala. Using presentation compiler with project's scala-library version: 3.3.5[0m
2025.05.10 01:06:07 INFO  no build target found for /Users/herzamos/Desktop/eth/fs25/practical-work/gobra/src/main/scala/viper/gobra/frontend/info/implementation/typing/MemberTyping.scala. Using presentation compiler with project's scala-library version: 3.3.5[0m
2025.05.10 01:06:07 INFO  no build target found for /Users/herzamos/Desktop/eth/fs25/practical-work/gobra/src/main/scala/viper/gobra/frontend/info/implementation/typing/MemberTyping.scala. Using presentation compiler with project's scala-library version: 3.3.5[0m
2025.05.10 01:06:08 INFO  no build target found for /Users/herzamos/Desktop/eth/fs25/practical-work/gobra/src/main/scala/viper/gobra/frontend/info/implementation/typing/MemberTyping.scala. Using presentation compiler with project's scala-library version: 3.3.5[0m
2025.05.10 01:06:08 INFO  no build target found for /Users/herzamos/Desktop/eth/fs25/practical-work/gobra/src/main/scala/viper/gobra/frontend/info/implementation/typing/MemberTyping.scala. Using presentation compiler with project's scala-library version: 3.3.5[0m
2025.05.10 01:06:08 INFO  no build target found for /Users/herzamos/Desktop/eth/fs25/practical-work/gobra/src/main/scala/viper/gobra/frontend/info/implementation/typing/MemberTyping.scala. Using presentation compiler with project's scala-library version: 3.3.5[0m
2025.05.10 01:06:08 INFO  no build target found for /Users/herzamos/Desktop/eth/fs25/practical-work/gobra/src/main/scala/viper/gobra/frontend/info/implementation/typing/MemberTyping.scala. Using presentation compiler with project's scala-library version: 3.3.5[0m
2025.05.10 01:06:08 INFO  no build target found for /Users/herzamos/Desktop/eth/fs25/practical-work/gobra/src/main/scala/viper/gobra/frontend/info/implementation/typing/MemberTyping.scala. Using presentation compiler with project's scala-library version: 3.3.5[0m
2025.05.10 01:06:08 INFO  no build target found for /Users/herzamos/Desktop/eth/fs25/practical-work/gobra/src/main/scala/viper/gobra/frontend/info/implementation/typing/MemberTyping.scala. Using presentation compiler with project's scala-library version: 3.3.5[0m
2025.05.10 01:06:09 INFO  no build target found for /Users/herzamos/Desktop/eth/fs25/practical-work/gobra/src/main/scala/viper/gobra/frontend/info/implementation/typing/MemberTyping.scala. Using presentation compiler with project's scala-library version: 3.3.5[0m
2025.05.10 01:06:09 INFO  no build target found for /Users/herzamos/Desktop/eth/fs25/practical-work/gobra/src/main/scala/viper/gobra/frontend/info/implementation/typing/MemberTyping.scala. Using presentation compiler with project's scala-library version: 3.3.5[0m
2025.05.10 01:06:09 INFO  no build target found for /Users/herzamos/Desktop/eth/fs25/practical-work/gobra/src/main/scala/viper/gobra/frontend/info/implementation/typing/MemberTyping.scala. Using presentation compiler with project's scala-library version: 3.3.5[0m
2025.05.10 01:06:09 INFO  no build target found for /Users/herzamos/Desktop/eth/fs25/practical-work/gobra/src/main/scala/viper/gobra/frontend/info/implementation/typing/MemberTyping.scala. Using presentation compiler with project's scala-library version: 3.3.5[0m
2025.05.10 01:06:10 INFO  no build target found for /Users/herzamos/Desktop/eth/fs25/practical-work/gobra/src/main/scala/viper/gobra/frontend/info/implementation/typing/MemberTyping.scala. Using presentation compiler with project's scala-library version: 3.3.5[0m
2025.05.10 01:06:10 INFO  no build target found for /Users/herzamos/Desktop/eth/fs25/practical-work/gobra/src/main/scala/viper/gobra/frontend/info/implementation/typing/MemberTyping.scala. Using presentation compiler with project's scala-library version: 3.3.5[0m
2025.05.10 01:06:10 INFO  no build target found for /Users/herzamos/Desktop/eth/fs25/practical-work/gobra/src/main/scala/viper/gobra/frontend/info/implementation/typing/MemberTyping.scala. Using presentation compiler with project's scala-library version: 3.3.5[0m
2025.05.10 01:06:10 INFO  no build target found for /Users/herzamos/Desktop/eth/fs25/practical-work/gobra/src/main/scala/viper/gobra/frontend/info/implementation/typing/MemberTyping.scala. Using presentation compiler with project's scala-library version: 3.3.5[0m
2025.05.10 01:06:10 INFO  no build target found for /Users/herzamos/Desktop/eth/fs25/practical-work/gobra/src/main/scala/viper/gobra/frontend/info/implementation/typing/MemberTyping.scala. Using presentation compiler with project's scala-library version: 3.3.5[0m
2025.05.10 01:06:10 INFO  no build target found for /Users/herzamos/Desktop/eth/fs25/practical-work/gobra/src/main/scala/viper/gobra/frontend/info/implementation/typing/MemberTyping.scala. Using presentation compiler with project's scala-library version: 3.3.5[0m
2025.05.10 01:06:10 INFO  no build target found for /Users/herzamos/Desktop/eth/fs25/practical-work/gobra/src/main/scala/viper/gobra/frontend/info/implementation/typing/MemberTyping.scala. Using presentation compiler with project's scala-library version: 3.3.5[0m
2025.05.10 01:06:11 INFO  no build target found for /Users/herzamos/Desktop/eth/fs25/practical-work/gobra/src/main/scala/viper/gobra/frontend/info/implementation/typing/MemberTyping.scala. Using presentation compiler with project's scala-library version: 3.3.5[0m
2025.05.10 01:06:11 INFO  no build target found for /Users/herzamos/Desktop/eth/fs25/practical-work/gobra/src/main/scala/viper/gobra/frontend/info/implementation/typing/MemberTyping.scala. Using presentation compiler with project's scala-library version: 3.3.5[0m
2025.05.10 01:06:11 INFO  no build target found for /Users/herzamos/Desktop/eth/fs25/practical-work/gobra/src/main/scala/viper/gobra/frontend/info/implementation/typing/MemberTyping.scala. Using presentation compiler with project's scala-library version: 3.3.5[0m
2025.05.10 01:06:11 INFO  no build target found for /Users/herzamos/Desktop/eth/fs25/practical-work/gobra/src/main/scala/viper/gobra/frontend/info/implementation/typing/MemberTyping.scala. Using presentation compiler with project's scala-library version: 3.3.5[0m
2025.05.10 01:06:11 INFO  no build target found for /Users/herzamos/Desktop/eth/fs25/practical-work/gobra/src/main/scala/viper/gobra/frontend/info/implementation/typing/MemberTyping.scala. Using presentation compiler with project's scala-library version: 3.3.5[0m
2025.05.10 01:06:11 INFO  no build target found for /Users/herzamos/Desktop/eth/fs25/practical-work/gobra/src/main/scala/viper/gobra/frontend/info/implementation/typing/MemberTyping.scala. Using presentation compiler with project's scala-library version: 3.3.5[0m
2025.05.10 01:06:12 INFO  no build target found for /Users/herzamos/Desktop/eth/fs25/practical-work/gobra/src/main/scala/viper/gobra/frontend/info/implementation/typing/MemberTyping.scala. Using presentation compiler with project's scala-library version: 3.3.5[0m
2025.05.10 01:06:12 INFO  no build target found for /Users/herzamos/Desktop/eth/fs25/practical-work/gobra/src/main/scala/viper/gobra/frontend/info/implementation/typing/MemberTyping.scala. Using presentation compiler with project's scala-library version: 3.3.5[0m
2025.05.10 01:06:12 INFO  no build target found for /Users/herzamos/Desktop/eth/fs25/practical-work/gobra/src/main/scala/viper/gobra/frontend/info/implementation/typing/MemberTyping.scala. Using presentation compiler with project's scala-library version: 3.3.5[0m
2025.05.10 01:06:12 INFO  no build target found for /Users/herzamos/Desktop/eth/fs25/practical-work/gobra/src/main/scala/viper/gobra/frontend/info/implementation/typing/MemberTyping.scala. Using presentation compiler with project's scala-library version: 3.3.5[0m
2025.05.10 01:06:12 INFO  no build target found for /Users/herzamos/Desktop/eth/fs25/practical-work/gobra/src/main/scala/viper/gobra/frontend/info/implementation/typing/MemberTyping.scala. Using presentation compiler with project's scala-library version: 3.3.5[0m
2025.05.10 01:06:12 INFO  no build target found for /Users/herzamos/Desktop/eth/fs25/practical-work/gobra/src/main/scala/viper/gobra/frontend/info/implementation/typing/MemberTyping.scala. Using presentation compiler with project's scala-library version: 3.3.5[0m
2025.05.10 01:06:12 INFO  no build target found for /Users/herzamos/Desktop/eth/fs25/practical-work/gobra/src/main/scala/viper/gobra/frontend/info/implementation/typing/MemberTyping.scala. Using presentation compiler with project's scala-library version: 3.3.5[0m
2025.05.10 01:06:14 INFO  no build target found for /Users/herzamos/Desktop/eth/fs25/practical-work/gobra/src/main/scala/viper/gobra/frontend/info/implementation/typing/MemberTyping.scala. Using presentation compiler with project's scala-library version: 3.3.5[0m
2025.05.10 01:06:14 INFO  no build target found for /Users/herzamos/Desktop/eth/fs25/practical-work/gobra/src/main/scala/viper/gobra/frontend/info/implementation/typing/MemberTyping.scala. Using presentation compiler with project's scala-library version: 3.3.5[0m
2025.05.10 01:06:14 INFO  no build target found for /Users/herzamos/Desktop/eth/fs25/practical-work/gobra/src/main/scala/viper/gobra/frontend/info/implementation/typing/MemberTyping.scala. Using presentation compiler with project's scala-library version: 3.3.5[0m
2025.05.10 01:06:14 INFO  no build target found for /Users/herzamos/Desktop/eth/fs25/practical-work/gobra/src/main/scala/viper/gobra/frontend/info/implementation/typing/MemberTyping.scala. Using presentation compiler with project's scala-library version: 3.3.5[0m
2025.05.10 01:06:14 INFO  no build target found for /Users/herzamos/Desktop/eth/fs25/practical-work/gobra/src/main/scala/viper/gobra/frontend/info/implementation/typing/MemberTyping.scala. Using presentation compiler with project's scala-library version: 3.3.5[0m
2025.05.10 01:06:14 INFO  no build target found for /Users/herzamos/Desktop/eth/fs25/practical-work/gobra/src/main/scala/viper/gobra/frontend/info/implementation/typing/MemberTyping.scala. Using presentation compiler with project's scala-library version: 3.3.5[0m
2025.05.10 01:06:15 INFO  no build target found for /Users/herzamos/Desktop/eth/fs25/practical-work/gobra/src/main/scala/viper/gobra/frontend/info/implementation/typing/MemberTyping.scala. Using presentation compiler with project's scala-library version: 3.3.5[0m
2025.05.10 01:06:15 INFO  no build target found for /Users/herzamos/Desktop/eth/fs25/practical-work/gobra/src/main/scala/viper/gobra/frontend/info/implementation/typing/MemberTyping.scala. Using presentation compiler with project's scala-library version: 3.3.5[0m
2025.05.10 01:06:15 INFO  no build target found for /Users/herzamos/Desktop/eth/fs25/practical-work/gobra/src/main/scala/viper/gobra/frontend/info/implementation/typing/MemberTyping.scala. Using presentation compiler with project's scala-library version: 3.3.5[0m
2025.05.10 01:06:15 INFO  no build target found for /Users/herzamos/Desktop/eth/fs25/practical-work/gobra/src/main/scala/viper/gobra/frontend/info/implementation/typing/MemberTyping.scala. Using presentation compiler with project's scala-library version: 3.3.5[0m
2025.05.10 01:06:15 INFO  no build target found for /Users/herzamos/Desktop/eth/fs25/practical-work/gobra/src/main/scala/viper/gobra/frontend/info/implementation/typing/MemberTyping.scala. Using presentation compiler with project's scala-library version: 3.3.5[0m
2025.05.10 01:06:15 INFO  no build target found for /Users/herzamos/Desktop/eth/fs25/practical-work/gobra/src/main/scala/viper/gobra/frontend/info/implementation/typing/MemberTyping.scala. Using presentation compiler with project's scala-library version: 3.3.5[0m
2025.05.10 01:06:15 INFO  no build target found for /Users/herzamos/Desktop/eth/fs25/practical-work/gobra/src/main/scala/viper/gobra/frontend/info/implementation/typing/MemberTyping.scala. Using presentation compiler with project's scala-library version: 3.3.5[0m
2025.05.10 01:06:16 INFO  no build target found for /Users/herzamos/Desktop/eth/fs25/practical-work/gobra/src/main/scala/viper/gobra/frontend/info/implementation/typing/MemberTyping.scala. Using presentation compiler with project's scala-library version: 3.3.5[0m
2025.05.10 01:06:16 INFO  no build target found for /Users/herzamos/Desktop/eth/fs25/practical-work/gobra/src/main/scala/viper/gobra/frontend/info/implementation/typing/MemberTyping.scala. Using presentation compiler with project's scala-library version: 3.3.5[0m
2025.05.10 01:06:16 INFO  no build target found for /Users/herzamos/Desktop/eth/fs25/practical-work/gobra/src/main/scala/viper/gobra/frontend/info/implementation/typing/MemberTyping.scala. Using presentation compiler with project's scala-library version: 3.3.5[0m
2025.05.10 01:06:16 INFO  no build target found for /Users/herzamos/Desktop/eth/fs25/practical-work/gobra/src/main/scala/viper/gobra/frontend/info/implementation/typing/MemberTyping.scala. Using presentation compiler with project's scala-library version: 3.3.5[0m
2025.05.10 01:06:20 INFO  no build target found for /Users/herzamos/Desktop/eth/fs25/practical-work/gobra/src/main/scala/viper/gobra/frontend/info/implementation/typing/MemberTyping.scala. Using presentation compiler with project's scala-library version: 3.3.5[0m
2025.05.10 01:06:20 INFO  no build target found for /Users/herzamos/Desktop/eth/fs25/practical-work/gobra/src/main/scala/viper/gobra/frontend/info/implementation/typing/MemberTyping.scala. Using presentation compiler with project's scala-library version: 3.3.5[0m
2025.05.10 01:06:20 INFO  no build target found for /Users/herzamos/Desktop/eth/fs25/practical-work/gobra/src/main/scala/viper/gobra/frontend/info/implementation/typing/MemberTyping.scala. Using presentation compiler with project's scala-library version: 3.3.5[0m
2025.05.10 01:06:20 INFO  no build target found for /Users/herzamos/Desktop/eth/fs25/practical-work/gobra/src/main/scala/viper/gobra/frontend/info/implementation/typing/MemberTyping.scala. Using presentation compiler with project's scala-library version: 3.3.5[0m
2025.05.10 01:06:22 INFO  no build target found for /Users/herzamos/Desktop/eth/fs25/practical-work/gobra/src/main/scala/viper/gobra/frontend/info/implementation/typing/MemberTyping.scala. Using presentation compiler with project's scala-library version: 3.3.5[0m
2025.05.10 01:06:22 INFO  no build target found for /Users/herzamos/Desktop/eth/fs25/practical-work/gobra/src/main/scala/viper/gobra/frontend/info/implementation/typing/MemberTyping.scala. Using presentation compiler with project's scala-library version: 3.3.5[0m
2025.05.10 01:06:22 INFO  no build target found for /Users/herzamos/Desktop/eth/fs25/practical-work/gobra/src/main/scala/viper/gobra/frontend/info/implementation/typing/MemberTyping.scala. Using presentation compiler with project's scala-library version: 3.3.5[0m
2025.05.10 01:06:23 INFO  no build target found for /Users/herzamos/Desktop/eth/fs25/practical-work/gobra/src/main/scala/viper/gobra/frontend/info/implementation/typing/MemberTyping.scala. Using presentation compiler with project's scala-library version: 3.3.5[0m
2025.05.10 01:06:27 WARN  no build target for: /Users/herzamos/Desktop/eth/fs25/practical-work/gobra/src/main/scala/viper/gobra/ast/frontend/Ast.scala[0m
2025.05.10 01:06:27 INFO  no build target found for /Users/herzamos/Desktop/eth/fs25/practical-work/gobra/src/main/scala/viper/gobra/ast/frontend/Ast.scala. Using presentation compiler with project's scala-library version: 3.3.5[0m
2025.05.10 01:06:27 INFO  no build target found for /Users/herzamos/Desktop/eth/fs25/practical-work/gobra/src/main/scala/viper/gobra/ast/frontend/Ast.scala. Using presentation compiler with project's scala-library version: 3.3.5[0m
2025.05.10 01:06:27 INFO  no build target found for /Users/herzamos/Desktop/eth/fs25/practical-work/gobra/src/main/scala/viper/gobra/ast/frontend/Ast.scala. Using presentation compiler with project's scala-library version: 3.3.5[0m
2025.05.10 01:06:32 INFO  no build target found for /Users/herzamos/Desktop/eth/fs25/practical-work/gobra/src/main/scala/viper/gobra/ast/frontend/Ast.scala. Using presentation compiler with project's scala-library version: 3.3.5[0m
2025.05.10 01:06:32 INFO  no build target found for /Users/herzamos/Desktop/eth/fs25/practical-work/gobra/src/main/scala/viper/gobra/ast/frontend/Ast.scala. Using presentation compiler with project's scala-library version: 3.3.5[0m
2025.05.10 01:06:33 INFO  no build target found for /Users/herzamos/Desktop/eth/fs25/practical-work/gobra/src/main/scala/viper/gobra/ast/frontend/Ast.scala. Using presentation compiler with project's scala-library version: 3.3.5[0m
May 10, 2025 1:06:33 AM scala.meta.internal.metals.StdReporter $anonfun$create$1
WARNING: empty definition using pc, found symbol in pc: `<none>`. (full report at: /Users/herzamos/Desktop/eth/fs25/practical-work/.metals/.reports/metals-full/2025-05-09/r_empty-definition_14-31-07-848.md)
2025.05.10 01:06:33 INFO  no build target found for /Users/herzamos/Desktop/eth/fs25/practical-work/gobra/src/main/scala/viper/gobra/ast/frontend/Ast.scala. Using presentation compiler with project's scala-library version: 3.3.5[0m
2025.05.10 01:06:33 INFO  no build target found for /Users/herzamos/Desktop/eth/fs25/practical-work/gobra/src/main/scala/viper/gobra/ast/frontend/Ast.scala. Using presentation compiler with project's scala-library version: 3.3.5[0m
2025.05.10 01:06:33 INFO  no build target found for /Users/herzamos/Desktop/eth/fs25/practical-work/gobra/src/main/scala/viper/gobra/ast/frontend/Ast.scala. Using presentation compiler with project's scala-library version: 3.3.5[0m
May 10, 2025 1:06:34 AM scala.meta.internal.metals.StdReporter $anonfun$create$1
WARNING: empty definition using pc, found symbol in pc: `<none>`. (full report at: /Users/herzamos/Desktop/eth/fs25/practical-work/.metals/.reports/metals-full/2025-05-09/r_empty-definition_14-31-07-848.md)
2025.05.10 01:06:33 INFO  no build target found for /Users/herzamos/Desktop/eth/fs25/practical-work/gobra/src/main/scala/viper/gobra/ast/frontend/Ast.scala. Using presentation compiler with project's scala-library version: 3.3.5[0m
2025.05.10 01:06:34 INFO  no build target found for /Users/herzamos/Desktop/eth/fs25/practical-work/gobra/src/main/scala/viper/gobra/ast/frontend/Ast.scala. Using presentation compiler with project's scala-library version: 3.3.5[0m
2025.05.10 01:06:34 INFO  no build target found for /Users/herzamos/Desktop/eth/fs25/practical-work/gobra/src/main/scala/viper/gobra/ast/frontend/Ast.scala. Using presentation compiler with project's scala-library version: 3.3.5[0m
May 10, 2025 1:06:34 AM scala.meta.internal.metals.StdReporter $anonfun$create$1
WARNING: empty definition using pc, found symbol in pc: `<none>`. (full report at: /Users/herzamos/Desktop/eth/fs25/practical-work/.metals/.reports/metals-full/2025-05-09/r_empty-definition_14-31-07-848.md)
2025.05.10 01:06:34 INFO  no build target found for /Users/herzamos/Desktop/eth/fs25/practical-work/gobra/src/main/scala/viper/gobra/ast/frontend/Ast.scala. Using presentation compiler with project's scala-library version: 3.3.5[0m
2025.05.10 01:06:35 INFO  no build target found for /Users/herzamos/Desktop/eth/fs25/practical-work/gobra/src/main/scala/viper/gobra/ast/frontend/Ast.scala. Using presentation compiler with project's scala-library version: 3.3.5[0m
2025.05.10 01:06:35 INFO  no build target found for /Users/herzamos/Desktop/eth/fs25/practical-work/gobra/src/main/scala/viper/gobra/ast/frontend/Ast.scala. Using presentation compiler with project's scala-library version: 3.3.5[0m
2025.05.10 01:06:35 INFO  no build target found for /Users/herzamos/Desktop/eth/fs25/practical-work/gobra/src/main/scala/viper/gobra/ast/frontend/Ast.scala. Using presentation compiler with project's scala-library version: 3.3.5[0m
2025.05.10 01:06:35 INFO  no build target found for /Users/herzamos/Desktop/eth/fs25/practical-work/gobra/src/main/scala/viper/gobra/ast/frontend/Ast.scala. Using presentation compiler with project's scala-library version: 3.3.5[0m
May 10, 2025 1:06:36 AM scala.meta.internal.metals.StdReporter $anonfun$create$1
WARNING: empty definition using pc, found symbol in pc: `<none>`. (full report at: /Users/herzamos/Desktop/eth/fs25/practical-work/.metals/.reports/metals-full/2025-05-09/r_empty-definition_14-31-07-848.md)
2025.05.10 01:06:37 INFO  no build target found for /Users/herzamos/Desktop/eth/fs25/practical-work/gobra/src/main/scala/viper/gobra/ast/frontend/Ast.scala. Using presentation compiler with project's scala-library version: 3.3.5[0m
2025.05.10 01:06:37 INFO  no build target found for /Users/herzamos/Desktop/eth/fs25/practical-work/gobra/src/main/scala/viper/gobra/ast/frontend/Ast.scala. Using presentation compiler with project's scala-library version: 3.3.5[0m
2025.05.10 01:06:37 INFO  no build target found for /Users/herzamos/Desktop/eth/fs25/practical-work/gobra/src/main/scala/viper/gobra/ast/frontend/Ast.scala. Using presentation compiler with project's scala-library version: 3.3.5[0m
May 10, 2025 1:06:37 AM scala.meta.internal.metals.StdReporter $anonfun$create$1
WARNING: empty definition using pc, found symbol in pc: `<none>`. (full report at: /Users/herzamos/Desktop/eth/fs25/practical-work/.metals/.reports/metals-full/2025-05-09/r_empty-definition_14-31-07-848.md)
2025.05.10 01:12:07 INFO  no build target found for /Users/herzamos/Desktop/eth/fs25/practical-work/gobra/src/main/scala/viper/gobra/ast/frontend/Ast.scala. Using presentation compiler with project's scala-library version: 3.3.5[0m
2025.05.10 01:12:08 INFO  no build target found for /Users/herzamos/Desktop/eth/fs25/practical-work/gobra/src/main/scala/viper/gobra/frontend/info/implementation/typing/MemberTyping.scala. Using presentation compiler with project's scala-library version: 3.3.5[0m
2025.05.10 01:12:08 WARN  no build target for: /Users/herzamos/Desktop/eth/fs25/practical-work/gobra/src/main/scala/viper/gobra/frontend/info/implementation/typing/MemberTyping.scala[0m
2025.05.10 01:12:08 INFO  no build target found for /Users/herzamos/Desktop/eth/fs25/practical-work/gobra/src/main/scala/viper/gobra/frontend/info/implementation/typing/MemberTyping.scala. Using presentation compiler with project's scala-library version: 3.3.5[0m
2025.05.10 01:12:08 INFO  no build target found for /Users/herzamos/Desktop/eth/fs25/practical-work/gobra/src/main/scala/viper/gobra/frontend/info/implementation/typing/MemberTyping.scala. Using presentation compiler with project's scala-library version: 3.3.5[0m
2025.05.10 01:12:10 INFO  no build target found for /Users/herzamos/Desktop/eth/fs25/practical-work/gobra/src/main/scala/viper/gobra/frontend/info/implementation/typing/MemberTyping.scala. Using presentation compiler with project's scala-library version: 3.3.5[0m
2025.05.10 01:12:12 INFO  no build target found for /Users/herzamos/Desktop/eth/fs25/practical-work/gobra/src/main/scala/viper/gobra/frontend/info/implementation/typing/MemberTyping.scala. Using presentation compiler with project's scala-library version: 3.3.5[0m
2025.05.10 01:12:12 INFO  no build target found for /Users/herzamos/Desktop/eth/fs25/practical-work/gobra/src/main/scala/viper/gobra/frontend/info/implementation/typing/MemberTyping.scala. Using presentation compiler with project's scala-library version: 3.3.5[0m
2025.05.10 01:12:13 INFO  no build target found for /Users/herzamos/Desktop/eth/fs25/practical-work/gobra/src/main/scala/viper/gobra/frontend/info/implementation/typing/MemberTyping.scala. Using presentation compiler with project's scala-library version: 3.3.5[0m
2025.05.10 01:12:18 INFO  no build target found for /Users/herzamos/Desktop/eth/fs25/practical-work/gobra/src/main/scala/viper/gobra/frontend/info/implementation/typing/MemberTyping.scala. Using presentation compiler with project's scala-library version: 3.3.5[0m
2025.05.10 01:12:18 INFO  no build target found for /Users/herzamos/Desktop/eth/fs25/practical-work/gobra/src/main/scala/viper/gobra/frontend/info/implementation/typing/MemberTyping.scala. Using presentation compiler with project's scala-library version: 3.3.5[0m
2025.05.10 01:12:18 INFO  no build target found for /Users/herzamos/Desktop/eth/fs25/practical-work/gobra/src/main/scala/viper/gobra/frontend/info/implementation/typing/MemberTyping.scala. Using presentation compiler with project's scala-library version: 3.3.5[0m
2025.05.10 01:12:18 INFO  no build target found for /Users/herzamos/Desktop/eth/fs25/practical-work/gobra/src/main/scala/viper/gobra/frontend/info/implementation/typing/MemberTyping.scala. Using presentation compiler with project's scala-library version: 3.3.5[0m
2025.05.10 01:12:18 INFO  no build target found for /Users/herzamos/Desktop/eth/fs25/practical-work/gobra/src/main/scala/viper/gobra/frontend/info/implementation/typing/MemberTyping.scala. Using presentation compiler with project's scala-library version: 3.3.5[0m
2025.05.10 01:12:19 INFO  no build target found for /Users/herzamos/Desktop/eth/fs25/practical-work/gobra/src/main/scala/viper/gobra/frontend/info/implementation/typing/MemberTyping.scala. Using presentation compiler with project's scala-library version: 3.3.5[0m
2025.05.10 01:12:20 INFO  no build target found for /Users/herzamos/Desktop/eth/fs25/practical-work/gobra/src/main/scala/viper/gobra/frontend/info/implementation/typing/MemberTyping.scala. Using presentation compiler with project's scala-library version: 3.3.5[0m
2025.05.10 01:12:20 INFO  no build target found for /Users/herzamos/Desktop/eth/fs25/practical-work/gobra/src/main/scala/viper/gobra/frontend/info/implementation/typing/MemberTyping.scala. Using presentation compiler with project's scala-library version: 3.3.5[0m
2025.05.10 01:12:20 INFO  no build target found for /Users/herzamos/Desktop/eth/fs25/practical-work/gobra/src/main/scala/viper/gobra/frontend/info/implementation/typing/MemberTyping.scala. Using presentation compiler with project's scala-library version: 3.3.5[0m
2025.05.10 01:12:21 INFO  no build target found for /Users/herzamos/Desktop/eth/fs25/practical-work/gobra/src/main/scala/viper/gobra/frontend/info/implementation/typing/MemberTyping.scala. Using presentation compiler with project's scala-library version: 3.3.5[0m
May 10, 2025 1:12:21 AM scala.meta.internal.metals.StdReporter $anonfun$create$1
WARNING: empty definition using pc, found symbol in pc: `<none>`. (full report at: /Users/herzamos/Desktop/eth/fs25/practical-work/.metals/.reports/metals-full/2025-05-09/r_empty-definition_14-31-07-848.md)
2025.05.10 01:12:22 INFO  no build target found for /Users/herzamos/Desktop/eth/fs25/practical-work/gobra/src/main/scala/viper/gobra/frontend/info/implementation/typing/MemberTyping.scala. Using presentation compiler with project's scala-library version: 3.3.5[0m
2025.05.10 01:12:22 INFO  no build target found for /Users/herzamos/Desktop/eth/fs25/practical-work/gobra/src/main/scala/viper/gobra/frontend/info/implementation/typing/MemberTyping.scala. Using presentation compiler with project's scala-library version: 3.3.5[0m
2025.05.10 01:12:22 INFO  no build target found for /Users/herzamos/Desktop/eth/fs25/practical-work/gobra/src/main/scala/viper/gobra/frontend/info/implementation/typing/MemberTyping.scala. Using presentation compiler with project's scala-library version: 3.3.5[0m
2025.05.10 01:12:22 INFO  no build target found for /Users/herzamos/Desktop/eth/fs25/practical-work/gobra/src/main/scala/viper/gobra/frontend/info/implementation/typing/MemberTyping.scala. Using presentation compiler with project's scala-library version: 3.3.5[0m
2025.05.10 01:12:22 INFO  no build target found for /Users/herzamos/Desktop/eth/fs25/practical-work/gobra/src/main/scala/viper/gobra/frontend/info/implementation/typing/MemberTyping.scala. Using presentation compiler with project's scala-library version: 3.3.5[0m
2025.05.10 01:12:22 INFO  no build target found for /Users/herzamos/Desktop/eth/fs25/practical-work/gobra/src/main/scala/viper/gobra/frontend/info/implementation/typing/MemberTyping.scala. Using presentation compiler with project's scala-library version: 3.3.5[0m
2025.05.10 01:12:23 INFO  no build target found for /Users/herzamos/Desktop/eth/fs25/practical-work/gobra/src/main/scala/viper/gobra/frontend/info/implementation/typing/MemberTyping.scala. Using presentation compiler with project's scala-library version: 3.3.5[0m
2025.05.10 01:12:23 INFO  no build target found for /Users/herzamos/Desktop/eth/fs25/practical-work/gobra/src/main/scala/viper/gobra/frontend/info/implementation/typing/MemberTyping.scala. Using presentation compiler with project's scala-library version: 3.3.5[0m
2025.05.10 01:12:23 INFO  no build target found for /Users/herzamos/Desktop/eth/fs25/practical-work/gobra/src/main/scala/viper/gobra/frontend/info/implementation/typing/MemberTyping.scala. Using presentation compiler with project's scala-library version: 3.3.5[0m
2025.05.10 01:12:23 INFO  no build target found for /Users/herzamos/Desktop/eth/fs25/practical-work/gobra/src/main/scala/viper/gobra/frontend/info/implementation/typing/MemberTyping.scala. Using presentation compiler with project's scala-library version: 3.3.5[0m
2025.05.10 01:12:24 INFO  no build target found for /Users/herzamos/Desktop/eth/fs25/practical-work/gobra/src/main/scala/viper/gobra/frontend/info/implementation/typing/MemberTyping.scala. Using presentation compiler with project's scala-library version: 3.3.5[0m
2025.05.10 01:12:24 INFO  no build target found for /Users/herzamos/Desktop/eth/fs25/practical-work/gobra/src/main/scala/viper/gobra/frontend/info/implementation/typing/MemberTyping.scala. Using presentation compiler with project's scala-library version: 3.3.5[0m
2025.05.10 01:12:24 INFO  no build target found for /Users/herzamos/Desktop/eth/fs25/practical-work/gobra/src/main/scala/viper/gobra/frontend/info/implementation/typing/MemberTyping.scala. Using presentation compiler with project's scala-library version: 3.3.5[0m
2025.05.10 01:12:26 INFO  no build target found for /Users/herzamos/Desktop/eth/fs25/practical-work/gobra/src/main/scala/viper/gobra/frontend/info/implementation/typing/MemberTyping.scala. Using presentation compiler with project's scala-library version: 3.3.5[0m
2025.05.10 01:12:26 INFO  no build target found for /Users/herzamos/Desktop/eth/fs25/practical-work/gobra/src/main/scala/viper/gobra/frontend/info/implementation/typing/MemberTyping.scala. Using presentation compiler with project's scala-library version: 3.3.5[0m
2025.05.10 01:12:27 INFO  no build target found for /Users/herzamos/Desktop/eth/fs25/practical-work/gobra/src/main/scala/viper/gobra/frontend/info/implementation/typing/MemberTyping.scala. Using presentation compiler with project's scala-library version: 3.3.5[0m
2025.05.10 01:12:27 INFO  no build target found for /Users/herzamos/Desktop/eth/fs25/practical-work/gobra/src/main/scala/viper/gobra/frontend/info/implementation/typing/MemberTyping.scala. Using presentation compiler with project's scala-library version: 3.3.5[0m
2025.05.10 01:12:27 INFO  no build target found for /Users/herzamos/Desktop/eth/fs25/practical-work/gobra/src/main/scala/viper/gobra/frontend/info/implementation/typing/MemberTyping.scala. Using presentation compiler with project's scala-library version: 3.3.5[0m
2025.05.10 01:12:27 INFO  no build target found for /Users/herzamos/Desktop/eth/fs25/practical-work/gobra/src/main/scala/viper/gobra/frontend/info/implementation/typing/MemberTyping.scala. Using presentation compiler with project's scala-library version: 3.3.5[0m
2025.05.10 01:12:27 INFO  no build target found for /Users/herzamos/Desktop/eth/fs25/practical-work/gobra/src/main/scala/viper/gobra/frontend/info/implementation/typing/MemberTyping.scala. Using presentation compiler with project's scala-library version: 3.3.5[0m
2025.05.10 01:12:27 INFO  no build target found for /Users/herzamos/Desktop/eth/fs25/practical-work/gobra/src/main/scala/viper/gobra/frontend/info/implementation/typing/MemberTyping.scala. Using presentation compiler with project's scala-library version: 3.3.5[0m
2025.05.10 01:12:28 INFO  no build target found for /Users/herzamos/Desktop/eth/fs25/practical-work/gobra/src/main/scala/viper/gobra/frontend/info/implementation/typing/MemberTyping.scala. Using presentation compiler with project's scala-library version: 3.3.5[0m
2025.05.10 01:12:28 INFO  no build target found for /Users/herzamos/Desktop/eth/fs25/practical-work/gobra/src/main/scala/viper/gobra/frontend/info/implementation/typing/MemberTyping.scala. Using presentation compiler with project's scala-library version: 3.3.5[0m
2025.05.10 01:12:28 INFO  no build target found for /Users/herzamos/Desktop/eth/fs25/practical-work/gobra/src/main/scala/viper/gobra/frontend/info/implementation/typing/MemberTyping.scala. Using presentation compiler with project's scala-library version: 3.3.5[0m
2025.05.10 01:12:37 INFO  no build target found for /Users/herzamos/Desktop/eth/fs25/practical-work/gobra/src/main/scala/viper/gobra/frontend/info/implementation/typing/MemberTyping.scala. Using presentation compiler with project's scala-library version: 3.3.5[0m
2025.05.10 01:12:37 INFO  no build target found for /Users/herzamos/Desktop/eth/fs25/practical-work/gobra/src/main/scala/viper/gobra/frontend/info/implementation/typing/MemberTyping.scala. Using presentation compiler with project's scala-library version: 3.3.5[0m
2025.05.10 01:12:37 INFO  no build target found for /Users/herzamos/Desktop/eth/fs25/practical-work/gobra/src/main/scala/viper/gobra/frontend/info/implementation/typing/MemberTyping.scala. Using presentation compiler with project's scala-library version: 3.3.5[0m
2025.05.10 01:12:38 INFO  no build target found for /Users/herzamos/Desktop/eth/fs25/practical-work/gobra/src/main/scala/viper/gobra/frontend/info/implementation/typing/MemberTyping.scala. Using presentation compiler with project's scala-library version: 3.3.5[0m
2025.05.10 01:12:38 INFO  no build target found for /Users/herzamos/Desktop/eth/fs25/practical-work/gobra/src/main/scala/viper/gobra/frontend/info/implementation/typing/MemberTyping.scala. Using presentation compiler with project's scala-library version: 3.3.5[0m
2025.05.10 01:12:38 INFO  no build target found for /Users/herzamos/Desktop/eth/fs25/practical-work/gobra/src/main/scala/viper/gobra/frontend/info/implementation/typing/MemberTyping.scala. Using presentation compiler with project's scala-library version: 3.3.5[0m
2025.05.10 01:12:39 INFO  no build target found for /Users/herzamos/Desktop/eth/fs25/practical-work/gobra/src/main/scala/viper/gobra/frontend/info/implementation/typing/MemberTyping.scala. Using presentation compiler with project's scala-library version: 3.3.5[0m
2025.05.10 01:12:39 INFO  no build target found for /Users/herzamos/Desktop/eth/fs25/practical-work/gobra/src/main/scala/viper/gobra/frontend/info/implementation/typing/MemberTyping.scala. Using presentation compiler with project's scala-library version: 3.3.5[0m
May 10, 2025 1:12:39 AM scala.meta.internal.metals.StdReporter $anonfun$create$1
WARNING: empty definition using pc, found symbol in pc: `<none>`. (full report at: /Users/herzamos/Desktop/eth/fs25/practical-work/.metals/.reports/metals-full/2025-05-09/r_empty-definition_14-31-07-848.md)
2025.05.10 01:12:39 WARN  no build target for: /Users/herzamos/Desktop/eth/fs25/practical-work/gobra/src/main/scala/viper/gobra/frontend/info/implementation/typing/MemberTyping.scala[0m
2025.05.10 01:12:42 INFO  no build target found for /Users/herzamos/Desktop/eth/fs25/practical-work/gobra/src/main/scala/viper/gobra/frontend/info/implementation/typing/MemberTyping.scala. Using presentation compiler with project's scala-library version: 3.3.5[0m
2025.05.10 01:12:42 INFO  no build target found for /Users/herzamos/Desktop/eth/fs25/practical-work/gobra/src/main/scala/viper/gobra/frontend/info/implementation/typing/MemberTyping.scala. Using presentation compiler with project's scala-library version: 3.3.5[0m
2025.05.10 01:41:33 WARN  no build target for: /Users/herzamos/Desktop/eth/fs25/practical-work/gobra/src/main/scala/viper/gobra/ast/frontend/Ast.scala[0m
2025.05.10 01:41:33 INFO  no build target found for /Users/herzamos/Desktop/eth/fs25/practical-work/gobra/src/main/scala/viper/gobra/ast/frontend/Ast.scala. Using presentation compiler with project's scala-library version: 3.3.5[0m
2025.05.10 01:41:33 INFO  no build target found for /Users/herzamos/Desktop/eth/fs25/practical-work/gobra/src/main/scala/viper/gobra/ast/frontend/Ast.scala. Using presentation compiler with project's scala-library version: 3.3.5[0m
2025.05.10 01:41:33 INFO  no build target found for /Users/herzamos/Desktop/eth/fs25/practical-work/gobra/src/main/scala/viper/gobra/ast/frontend/Ast.scala. Using presentation compiler with project's scala-library version: 3.3.5[0m
2025.05.10 01:41:36 INFO  no build target found for /Users/herzamos/Desktop/eth/fs25/practical-work/gobra/src/main/scala/viper/gobra/frontend/info/implementation/typing/MemberTyping.scala. Using presentation compiler with project's scala-library version: 3.3.5[0m
2025.05.10 01:41:36 WARN  no build target for: /Users/herzamos/Desktop/eth/fs25/practical-work/gobra/src/main/scala/viper/gobra/frontend/info/implementation/typing/MemberTyping.scala[0m
2025.05.10 01:41:36 INFO  no build target found for /Users/herzamos/Desktop/eth/fs25/practical-work/gobra/src/main/scala/viper/gobra/frontend/info/implementation/typing/MemberTyping.scala. Using presentation compiler with project's scala-library version: 3.3.5[0m
2025.05.10 01:41:38 INFO  no build target found for /Users/herzamos/Desktop/eth/fs25/practical-work/gobra/src/main/scala/viper/gobra/frontend/info/implementation/typing/MemberTyping.scala. Using presentation compiler with project's scala-library version: 3.3.5[0m
2025.05.10 01:43:11 INFO  no build target found for /Users/herzamos/Desktop/eth/fs25/practical-work/gobra/src/main/scala/viper/gobra/frontend/info/implementation/typing/MemberTyping.scala. Using presentation compiler with project's scala-library version: 3.3.5[0m
2025.05.10 01:43:14 INFO  no build target found for /Users/herzamos/Desktop/eth/fs25/practical-work/gobra/src/main/scala/viper/gobra/frontend/info/implementation/typing/MemberTyping.scala. Using presentation compiler with project's scala-library version: 3.3.5[0m
2025.05.10 01:43:14 INFO  no build target found for /Users/herzamos/Desktop/eth/fs25/practical-work/gobra/src/main/scala/viper/gobra/frontend/info/implementation/typing/MemberTyping.scala. Using presentation compiler with project's scala-library version: 3.3.5[0m
2025.05.10 01:43:15 INFO  no build target found for /Users/herzamos/Desktop/eth/fs25/practical-work/gobra/src/main/scala/viper/gobra/frontend/info/implementation/typing/MemberTyping.scala. Using presentation compiler with project's scala-library version: 3.3.5[0m
2025.05.10 01:43:15 INFO  no build target found for /Users/herzamos/Desktop/eth/fs25/practical-work/gobra/src/main/scala/viper/gobra/frontend/info/implementation/typing/MemberTyping.scala. Using presentation compiler with project's scala-library version: 3.3.5[0m
2025.05.10 01:43:15 INFO  no build target found for /Users/herzamos/Desktop/eth/fs25/practical-work/gobra/src/main/scala/viper/gobra/frontend/info/implementation/typing/MemberTyping.scala. Using presentation compiler with project's scala-library version: 3.3.5[0m
2025.05.10 01:43:15 INFO  no build target found for /Users/herzamos/Desktop/eth/fs25/practical-work/gobra/src/main/scala/viper/gobra/frontend/info/implementation/typing/MemberTyping.scala. Using presentation compiler with project's scala-library version: 3.3.5[0m
2025.05.10 01:43:16 INFO  no build target found for /Users/herzamos/Desktop/eth/fs25/practical-work/gobra/src/main/scala/viper/gobra/frontend/info/implementation/typing/MemberTyping.scala. Using presentation compiler with project's scala-library version: 3.3.5[0m
2025.05.10 01:43:16 INFO  no build target found for /Users/herzamos/Desktop/eth/fs25/practical-work/gobra/src/main/scala/viper/gobra/frontend/info/implementation/typing/MemberTyping.scala. Using presentation compiler with project's scala-library version: 3.3.5[0m
2025.05.10 01:43:18 INFO  no build target found for /Users/herzamos/Desktop/eth/fs25/practical-work/gobra/src/main/scala/viper/gobra/frontend/info/implementation/typing/MemberTyping.scala. Using presentation compiler with project's scala-library version: 3.3.5[0m
2025.05.10 01:43:18 INFO  no build target found for /Users/herzamos/Desktop/eth/fs25/practical-work/gobra/src/main/scala/viper/gobra/frontend/info/implementation/typing/MemberTyping.scala. Using presentation compiler with project's scala-library version: 3.3.5[0m
2025.05.10 01:43:18 INFO  no build target found for /Users/herzamos/Desktop/eth/fs25/practical-work/gobra/src/main/scala/viper/gobra/frontend/info/implementation/typing/MemberTyping.scala. Using presentation compiler with project's scala-library version: 3.3.5[0m
2025.05.10 01:43:18 INFO  no build target found for /Users/herzamos/Desktop/eth/fs25/practical-work/gobra/src/main/scala/viper/gobra/frontend/info/implementation/typing/MemberTyping.scala. Using presentation compiler with project's scala-library version: 3.3.5[0m
2025.05.10 01:43:18 INFO  no build target found for /Users/herzamos/Desktop/eth/fs25/practical-work/gobra/src/main/scala/viper/gobra/frontend/info/implementation/typing/MemberTyping.scala. Using presentation compiler with project's scala-library version: 3.3.5[0m
2025.05.10 01:43:26 INFO  no build target found for /Users/herzamos/Desktop/eth/fs25/practical-work/gobra/src/main/scala/viper/gobra/frontend/info/implementation/typing/MemberTyping.scala. Using presentation compiler with project's scala-library version: 3.3.5[0m
2025.05.10 01:43:26 INFO  no build target found for /Users/herzamos/Desktop/eth/fs25/practical-work/gobra/src/main/scala/viper/gobra/frontend/info/implementation/typing/MemberTyping.scala. Using presentation compiler with project's scala-library version: 3.3.5[0m
2025.05.10 01:44:47 WARN  no build target for: /Users/herzamos/Desktop/eth/fs25/practical-work/gobra/src/main/scala/viper/gobra/ast/frontend/Ast.scala[0m
2025.05.10 01:44:47 INFO  no build target found for /Users/herzamos/Desktop/eth/fs25/practical-work/gobra/src/main/scala/viper/gobra/ast/frontend/Ast.scala. Using presentation compiler with project's scala-library version: 3.3.5[0m
2025.05.10 01:44:47 INFO  no build target found for /Users/herzamos/Desktop/eth/fs25/practical-work/gobra/src/main/scala/viper/gobra/ast/frontend/Ast.scala. Using presentation compiler with project's scala-library version: 3.3.5[0m
2025.05.10 01:44:47 INFO  no build target found for /Users/herzamos/Desktop/eth/fs25/practical-work/gobra/src/main/scala/viper/gobra/ast/frontend/Ast.scala. Using presentation compiler with project's scala-library version: 3.3.5[0m
2025.05.10 01:44:47 INFO  no build target found for /Users/herzamos/Desktop/eth/fs25/practical-work/gobra/src/main/scala/viper/gobra/ast/frontend/Ast.scala. Using presentation compiler with project's scala-library version: 3.3.5[0m
2025.05.10 09:35:29 INFO  no build target found for /Users/herzamos/Desktop/eth/fs25/practical-work/gobra/src/main/scala/viper/gobra/ast/frontend/Ast.scala. Using presentation compiler with project's scala-library version: 3.3.5[0m
2025.05.10 09:35:29 INFO  no build target found for /Users/herzamos/Desktop/eth/fs25/practical-work/gobra/src/main/scala/viper/gobra/ast/frontend/Ast.scala. Using presentation compiler with project's scala-library version: 3.3.5[0m
2025.05.10 09:35:29 INFO  no build target found for /Users/herzamos/Desktop/eth/fs25/practical-work/gobra/src/main/scala/viper/gobra/ast/frontend/Ast.scala. Using presentation compiler with project's scala-library version: 3.3.5[0m
2025.05.10 10:19:13 INFO  no build target found for /Users/herzamos/Desktop/eth/fs25/practical-work/gobra/src/main/scala/viper/gobra/ast/frontend/Ast.scala. Using presentation compiler with project's scala-library version: 3.3.5[0m
2025.05.10 10:21:16 INFO  no build target found for /Users/herzamos/Desktop/eth/fs25/practical-work/gobra/src/main/scala/viper/gobra/ast/frontend/Ast.scala. Using presentation compiler with project's scala-library version: 3.3.5[0m
2025.05.10 10:21:16 INFO  no build target found for /Users/herzamos/Desktop/eth/fs25/practical-work/gobra/src/main/scala/viper/gobra/ast/frontend/Ast.scala. Using presentation compiler with project's scala-library version: 3.3.5[0m
May 10, 2025 10:21:16 AM org.eclipse.lsp4j.jsonrpc.RemoteEndpoint handleCancellation
WARNING: Unmatched cancel notification for request id 2880
May 10, 2025 10:21:16 AM org.eclipse.lsp4j.jsonrpc.RemoteEndpoint handleCancellation
WARNING: Unmatched cancel notification for request id 2881
2025.05.10 10:21:16 INFO  no build target found for /Users/herzamos/Desktop/eth/fs25/practical-work/gobra/src/main/scala/viper/gobra/ast/frontend/Ast.scala. Using presentation compiler with project's scala-library version: 3.3.5[0m
May 10, 2025 4:25:26 PM org.eclipse.lsp4j.jsonrpc.services.GenericEndpoint notify
INFO: Unsupported notification method: $/setTrace
May 10, 2025 4:25:28 PM org.eclipse.lsp4j.jsonrpc.services.GenericEndpoint notify
INFO: Unsupported notification method: $/setTrace
May 10, 2025 4:25:30 PM org.eclipse.lsp4j.jsonrpc.services.GenericEndpoint notify
INFO: Unsupported notification method: $/setTrace
May 10, 2025 4:25:33 PM org.eclipse.lsp4j.jsonrpc.services.GenericEndpoint notify
INFO: Unsupported notification method: $/setTrace
May 10, 2025 4:25:35 PM org.eclipse.lsp4j.jsonrpc.services.GenericEndpoint notify
INFO: Unsupported notification method: $/setTrace
May 12, 2025 6:22:39 PM org.eclipse.lsp4j.jsonrpc.services.GenericEndpoint notify
INFO: Unsupported notification method: $/setTrace
May 12, 2025 6:22:41 PM org.eclipse.lsp4j.jsonrpc.services.GenericEndpoint notify
INFO: Unsupported notification method: $/setTrace
May 15, 2025 6:36:25 AM org.eclipse.lsp4j.jsonrpc.services.GenericEndpoint notify
INFO: Unsupported notification method: $/setTrace
May 15, 2025 6:36:27 AM org.eclipse.lsp4j.jsonrpc.services.GenericEndpoint notify
INFO: Unsupported notification method: $/setTrace
May 15, 2025 6:36:33 AM org.eclipse.lsp4j.jsonrpc.services.GenericEndpoint notify
INFO: Unsupported notification method: $/setTrace
2025.05.19 12:19:58 INFO  no build target found for /Users/herzamos/Desktop/eth/fs25/practical-work/gobra/src/main/scala/viper/gobra/ast/frontend/Ast.scala. Using presentation compiler with project's scala-library version: 3.3.5[0m
2025.05.19 12:57:04 INFO  no build target found for /Users/herzamos/Desktop/eth/fs25/practical-work/gobra/src/main/scala/viper/gobra/ast/frontend/Ast.scala. Using presentation compiler with project's scala-library version: 3.3.5[0m
May 21, 2025 6:59:54 AM org.eclipse.lsp4j.jsonrpc.services.GenericEndpoint notify
INFO: Unsupported notification method: $/setTrace
May 21, 2025 6:59:56 AM org.eclipse.lsp4j.jsonrpc.services.GenericEndpoint notify
INFO: Unsupported notification method: $/setTrace
May 21, 2025 8:25:14 AM org.eclipse.lsp4j.jsonrpc.services.GenericEndpoint notify
INFO: Unsupported notification method: $/setTrace
May 21, 2025 8:25:14 AM org.eclipse.lsp4j.jsonrpc.services.GenericEndpoint notify
INFO: Unsupported notification method: $/setTrace
May 21, 2025 8:47:21 AM org.eclipse.lsp4j.jsonrpc.services.GenericEndpoint notify
INFO: Unsupported notification method: $/setTrace
May 21, 2025 8:47:27 AM org.eclipse.lsp4j.jsonrpc.services.GenericEndpoint notify
INFO: Unsupported notification method: $/setTrace
May 21, 2025 8:47:37 AM org.eclipse.lsp4j.jsonrpc.services.GenericEndpoint notify
INFO: Unsupported notification method: $/setTrace
2025.05.22 17:52:52 INFO  no build target found for /Users/herzamos/Desktop/eth/fs25/practical-work/gobra/src/main/scala/viper/gobra/ast/frontend/Ast.scala. Using presentation compiler with project's scala-library version: 3.3.5[0m
2025.05.23 10:45:26 INFO  no build target found for /Users/herzamos/Desktop/eth/fs25/practical-work/gobra/src/main/scala/viper/gobra/ast/frontend/Ast.scala. Using presentation compiler with project's scala-library version: 3.3.5[0m
2025.05.24 11:38:13 INFO  Shutting down server[0m
2025.05.24 11:38:13 INFO  shutting down Metals[0m
2025.05.24 11:38:13 INFO  Exiting server[0m
